review_order,source_partition,source_row_idx,sampling_reason,review_priority_score,heuristic_pred_disagree,nearest_threshold_margin,high_risk_threshold,low_risk_threshold,high_risk_margin,low_risk_margin,ocid,tender_title,tender_datePublished,buyer_name,supplier_name,tender_value_amount,award_value_amount,heuristic_risk_label,predicted_label,predicted_label_name,predicted_probability,prob_low,prob_medium,prob_high,prediction_entropy,business_rating_label,business_rating_source,business_rating_reason,evidence_label_families,evidence_sources,has_official_evidence,top_factors,narrative_id,reviewed_label,review_confidence,review_notes,explanation_agrees,explanation_clarity,explanation_actionable,explanation_notes
1,test,82481,priority_mix,0.746742,True,0.00372,0.5,0.5,0.00372,-0.374627,ocds-20h3g7-5076434,Pengadaan Sapi Lokal,2023-09-13 00:00:00+00:00,Pemerintah Daerah Kabupaten Lahat,CV. Raje  Bungkuk,2510970000.0,2461800000.0,1,2,High Risk,0.50372,0.125373,0.370907,0.50372,0.973618,Risiko Tinggi,model_only,Diturunkan dari triase model: High Risk dengan probabilitas 50.37%.,,,False,f_title_length=4.1907 | f_buyer_supplier_repeat_count=3.0983 | f_is_q4=-1.7404,"Peringkat investigatif paket ini adalah **Risiko Tinggi**.
Diturunkan dari triase model: High Risk dengan probabilitas 50.37%.
Model mengklasifikasikan paket ini sebagai **High Risk** dengan probabilitas 50.37%.
Catatan penting: ini adalah triase risiko, bukan bukti fraud final. Status kritis hanya boleh dinaikkan bila ada bukti resmi yang terhubung.
Faktor yang paling memengaruhi prediksi adalah:
- Panjang judul tender bernilai 20 dan meningkatkan skor risiko dengan kontribusi SHAP sekitar 4.1907.
- Frekuensi hubungan buyer-supplier berulang bernilai 5 dan meningkatkan skor risiko dengan kontribusi SHAP sekitar 3.0983.
- Waktu publikasi pada kuartal iv bernilai 0 dan menurunkan skor risiko dengan kontribusi SHAP sekitar 1.7404.",,,,,,,
2,test,53289,priority_mix,0.746541,True,0.008396,0.5,0.5,0.008396,-0.375028,ocds-20h3g7-1926669,Pembangunan Restoran,2023-06-21 00:00:00+00:00,Pemerintah Daerah Kabupaten Nias Barat,AHAR KONSTRUKSI,1099507000.0,1096818102.27,1,2,High Risk,0.508396,0.124972,0.366631,0.508396,0.971705,Risiko Tinggi,model_only,Diturunkan dari triase model: High Risk dengan probabilitas 50.84%.,,,False,f_title_length=4.1946 | f_buyer_supplier_repeat_count=3.1777 | f_is_q4=-1.7507,"Peringkat investigatif paket ini adalah **Risiko Tinggi**.
Diturunkan dari triase model: High Risk dengan probabilitas 50.84%.
Model mengklasifikasikan paket ini sebagai **High Risk** dengan probabilitas 50.84%.
Catatan penting: ini adalah triase risiko, bukan bukti fraud final. Status kritis hanya boleh dinaikkan bila ada bukti resmi yang terhubung.
Faktor yang paling memengaruhi prediksi adalah:
- Panjang judul tender bernilai 20 dan meningkatkan skor risiko dengan kontribusi SHAP sekitar 4.1946.
- Frekuensi hubungan buyer-supplier berulang bernilai 2 dan meningkatkan skor risiko dengan kontribusi SHAP sekitar 3.1777.
- Waktu publikasi pada kuartal iv bernilai 0 dan menurunkan skor risiko dengan kontribusi SHAP sekitar 1.7507.",,,,,,,
3,test,27954,priority_mix,0.745544,True,0.003734,0.5,0.5,0.003734,-0.379369,ocds-20h3g7-3665437,Belanja Bibit Durian,2023-05-13 00:00:00+00:00,Pemerintah Daerah Kabupaten Sigi,CV. Agrokultura Mandiri,1695000000.0,1680000000.0,1,2,High Risk,0.503734,0.120631,0.375635,0.503734,0.96835,Risiko Tinggi,model_only,Diturunkan dari triase model: High Risk dengan probabilitas 50.37%.,,,False,f_title_length=4.1715 | f_buyer_supplier_repeat_count=3.2196 | f_is_q4=-1.7325,"Peringkat investigatif paket ini adalah **Risiko Tinggi**.
Diturunkan dari triase model: High Risk dengan probabilitas 50.37%.
Model mengklasifikasikan paket ini sebagai **High Risk** dengan probabilitas 50.37%.
Catatan penting: ini adalah triase risiko, bukan bukti fraud final. Status kritis hanya boleh dinaikkan bila ada bukti resmi yang terhubung.
Faktor yang paling memengaruhi prediksi adalah:
- Panjang judul tender bernilai 20 dan meningkatkan skor risiko dengan kontribusi SHAP sekitar 4.1715.
- Frekuensi hubungan buyer-supplier berulang bernilai 2 dan meningkatkan skor risiko dengan kontribusi SHAP sekitar 3.2196.
- Waktu publikasi pada kuartal iv bernilai 0 dan menurunkan skor risiko dengan kontribusi SHAP sekitar 1.7325.",,,,,,,
4,test,64990,priority_mix,0.745343,True,0.033988,0.5,0.5,0.033988,-0.37599,ocds-20h3g7-2679340,Pembangunan Drainase,2023-07-18 00:00:00+00:00,Pemerintah Daerah Kabupaten Bangka Barat,CV. MANUNGGAL PERTAMA,207470000.0,200915557.04,1,2,High Risk,0.533988,0.12401,0.342002,0.533988,0.960819,Risiko Tinggi,model_only,Diturunkan dari triase model: High Risk dengan probabilitas 53.40%.,,,False,f_title_length=4.0558 | f_buyer_supplier_repeat_count=3.3202 | f_is_q4=-1.7855,"Peringkat investigatif paket ini adalah **Risiko Tinggi**.
Diturunkan dari triase model: High Risk dengan probabilitas 53.40%.
Model mengklasifikasikan paket ini sebagai **High Risk** dengan probabilitas 53.40%.
Catatan penting: ini adalah triase risiko, bukan bukti fraud final. Status kritis hanya boleh dinaikkan bila ada bukti resmi yang terhubung.
Faktor yang paling memengaruhi prediksi adalah:
- Panjang judul tender bernilai 20 dan meningkatkan skor risiko dengan kontribusi SHAP sekitar 4.0558.
- Frekuensi hubungan buyer-supplier berulang bernilai 2 dan meningkatkan skor risiko dengan kontribusi SHAP sekitar 3.3202.
- Waktu publikasi pada kuartal iv bernilai 0 dan menurunkan skor risiko dengan kontribusi SHAP sekitar 1.7855.",,,,,,,
5,test,7961,priority_mix,0.745272,True,0.00219,0.5,0.5,0.00219,-0.380508,ocds-20h3g7-1489603,Har Gedung Satfaskon,2023-03-27 00:00:00+00:00,Kementerian Pertahanan,PT TORSI CIPTA KREASI,200189000.0,199964000.0,1,2,High Risk,0.50219,0.119492,0.378318,0.50219,0.967492,Risiko Tinggi,model_only,Diturunkan dari triase model: High Risk dengan probabilitas 50.22%.,,,False,f_title_length=4.1750 | f_buyer_supplier_repeat_count=3.2493 | f_is_q4=-1.7873,"Peringkat investigatif paket ini adalah **Risiko Tinggi**.
Diturunkan dari triase model: High Risk dengan probabilitas 50.22%.
Model mengklasifikasikan paket ini sebagai **High Risk** dengan probabilitas 50.22%.
Catatan penting: ini adalah triase risiko, bukan bukti fraud final. Status kritis hanya boleh dinaikkan bila ada bukti resmi yang terhubung.
Faktor yang paling memengaruhi prediksi adalah:
- Panjang judul tender bernilai 20 dan meningkatkan skor risiko dengan kontribusi SHAP sekitar 4.1750.
- Frekuensi hubungan buyer-supplier berulang bernilai 12 dan meningkatkan skor risiko dengan kontribusi SHAP sekitar 3.2493.
- Waktu publikasi pada kuartal iv bernilai 0 dan menurunkan skor risiko dengan kontribusi SHAP sekitar 1.7873.",,,,,,,
6,test,62547,priority_mix,0.745045,True,0.000568,0.5,0.5,-0.000568,-0.379778,ocds-20h3g7-3584347,PAKET 3 SD DAK FISIK,2023-07-11 00:00:00+00:00,Pemerintah Daerah Kota Palopo,CV. MITRA SARI SEJATI,221200000.0,220978000.0,1,2,High Risk,0.499432,0.120222,0.380347,0.499432,0.969098,Risiko Tinggi,model_only,Diturunkan dari triase model: High Risk dengan probabilitas 49.94%.,,,False,f_title_length=4.1342 | f_buyer_supplier_repeat_count=3.3396 | f_is_q4=-1.7585,"Peringkat investigatif paket ini adalah **Risiko Tinggi**.
Diturunkan dari triase model: High Risk dengan probabilitas 49.94%.
Model mengklasifikasikan paket ini sebagai **High Risk** dengan probabilitas 49.94%.
Catatan penting: ini adalah triase risiko, bukan bukti fraud final. Status kritis hanya boleh dinaikkan bila ada bukti resmi yang terhubung.
Faktor yang paling memengaruhi prediksi adalah:
- Panjang judul tender bernilai 20 dan meningkatkan skor risiko dengan kontribusi SHAP sekitar 4.1342.
- Frekuensi hubungan buyer-supplier berulang bernilai 2 dan meningkatkan skor risiko dengan kontribusi SHAP sekitar 3.3396.
- Waktu publikasi pada kuartal iv bernilai 0 dan menurunkan skor risiko dengan kontribusi SHAP sekitar 1.7585.",,,,,,,
7,test,73925,priority_mix,0.744823,True,0.022501,0.5,0.5,0.022501,-0.380254,ocds-20h3g7-5349511,Pembuatan Billboard;,2023-08-14 00:00:00+00:00,Pemerintah Daerah Kabupaten Toli-Toli,KARYA NYATA GROUP,370000000.0,351214758.12,1,2,High Risk,0.522501,0.119746,0.357752,0.522501,0.961056,Risiko Tinggi,model_only,Diturunkan dari triase model: High Risk dengan probabilitas 52.25%.,,,False,f_title_length=4.1571 | f_buyer_supplier_repeat_count=3.2584 | f_is_q4=-1.7455,"Peringkat investigatif paket ini adalah **Risiko Tinggi**.
Diturunkan dari triase model: High Risk dengan probabilitas 52.25%.
Model mengklasifikasikan paket ini sebagai **High Risk** dengan probabilitas 52.25%.
Catatan penting: ini adalah triase risiko, bukan bukti fraud final. Status kritis hanya boleh dinaikkan bila ada bukti resmi yang terhubung.
Faktor yang paling memengaruhi prediksi adalah:
- Panjang judul tender bernilai 20 dan meningkatkan skor risiko dengan kontribusi SHAP sekitar 4.1571.
- Frekuensi hubungan buyer-supplier berulang bernilai 2 dan meningkatkan skor risiko dengan kontribusi SHAP sekitar 3.2584.
- Waktu publikasi pada kuartal iv bernilai 0 dan menurunkan skor risiko dengan kontribusi SHAP sekitar 1.7455.",,,,,,,
8,test,72966,priority_mix,0.744625,True,0.00067,0.5,0.5,0.00067,-0.383013,ocds-20h3g7-2605056,Survei Kondisi Jalan,2023-08-10 00:00:00+00:00,Pemerintah Daerah Kabupaten Balangan,CV. SETIA JASA UTAMA,249887000.0,221185260.0,1,2,High Risk,0.50067,0.116987,0.382343,0.50067,0.964984,Risiko Tinggi,model_only,Diturunkan dari triase model: High Risk dengan probabilitas 50.07%.,,,False,f_title_length=4.1145 | f_buyer_supplier_repeat_count=3.5618 | f_is_q4=-1.7237,"Peringkat investigatif paket ini adalah **Risiko Tinggi**.
Diturunkan dari triase model: High Risk dengan probabilitas 50.07%.
Model mengklasifikasikan paket ini sebagai **High Risk** dengan probabilitas 50.07%.
Catatan penting: ini adalah triase risiko, bukan bukti fraud final. Status kritis hanya boleh dinaikkan bila ada bukti resmi yang terhubung.
Faktor yang paling memengaruhi prediksi adalah:
- Panjang judul tender bernilai 20 dan meningkatkan skor risiko dengan kontribusi SHAP sekitar 4.1145.
- Frekuensi hubungan buyer-supplier berulang bernilai 2 dan meningkatkan skor risiko dengan kontribusi SHAP sekitar 3.5618.
- Waktu publikasi pada kuartal iv bernilai 0 dan menurunkan skor risiko dengan kontribusi SHAP sekitar 1.7237.",,,,,,,
9,test,55436,priority_mix,0.744395,True,0.001668,0.5,0.5,-0.001668,-0.378948,ocds-20h3g7-2324506,Survey Kondisi Jalan,2023-06-24 00:00:00+00:00,Pemerintah Daerah Kabupaten Kepulauan Sangihe,CV. Gakesa Consulindo,249999777.85,249750000.0,1,2,High Risk,0.498332,0.121052,0.380616,0.498332,0.97035,Risiko Tinggi,model_only,Diturunkan dari triase model: High Risk dengan probabilitas 49.83%.,,,False,f_title_length=4.0703 | f_buyer_supplier_repeat_count=3.4578 | f_is_q4=-1.7430,"Peringkat investigatif paket ini adalah **Risiko Tinggi**.
Diturunkan dari triase model: High Risk dengan probabilitas 49.83%.
Model mengklasifikasikan paket ini sebagai **High Risk** dengan probabilitas 49.83%.
Catatan penting: ini adalah triase risiko, bukan bukti fraud final. Status kritis hanya boleh dinaikkan bila ada bukti resmi yang terhubung.
Faktor yang paling memengaruhi prediksi adalah:
- Panjang judul tender bernilai 20 dan meningkatkan skor risiko dengan kontribusi SHAP sekitar 4.0703.
- Frekuensi hubungan buyer-supplier berulang bernilai 3 dan meningkatkan skor risiko dengan kontribusi SHAP sekitar 3.4578.
- Waktu publikasi pada kuartal iv bernilai 0 dan menurunkan skor risiko dengan kontribusi SHAP sekitar 1.7430.",,,,,,,
10,test,78995,priority_mix,0.742606,True,0.003576,0.5,0.5,-0.003576,-0.380019,ocds-20h3g7-944482,Perpanjangan Lisensi,2023-08-31 00:00:00+00:00,Kementerian Pertahanan,Xirka Dama Persada,1594626000.0,1590075000.0,1,2,High Risk,0.496424,0.119981,0.383596,0.496424,0.969616,Risiko Tinggi,model_only,Diturunkan dari triase model: High Risk dengan probabilitas 49.64%.,,,False,f_title_length=4.1370 | f_buyer_supplier_repeat_count=3.1661 | f_is_q4=-1.7572,"Peringkat investigatif paket ini adalah **Risiko Tinggi**.
Diturunkan dari triase model: High Risk dengan probabilitas 49.64%.
Model mengklasifikasikan paket ini sebagai **High Risk** dengan probabilitas 49.64%.
Catatan penting: ini adalah triase risiko, bukan bukti fraud final. Status kritis hanya boleh dinaikkan bila ada bukti resmi yang terhubung.
Faktor yang paling memengaruhi prediksi adalah:
- Panjang judul tender bernilai 20 dan meningkatkan skor risiko dengan kontribusi SHAP sekitar 4.1370.
- Frekuensi hubungan buyer-supplier berulang bernilai 3 dan meningkatkan skor risiko dengan kontribusi SHAP sekitar 3.1661.
- Waktu publikasi pada kuartal iv bernilai 0 dan menurunkan skor risiko dengan kontribusi SHAP sekitar 1.7572.",,,,,,,
11,test,29949,priority_mix,0.742108,True,0.047361,0.5,0.5,0.047361,-0.386407,ocds-20h3g7-7756267,Pembangunan Drainase,2023-05-17 00:00:00+00:00,Pemerintah Daerah Provinsi Bengkulu,CV. RADJA SAKTI,944996800.0,934104634.43,1,2,High Risk,0.547361,0.113593,0.339047,0.547361,0.943664,Risiko Tinggi,model_only,Diturunkan dari triase model: High Risk dengan probabilitas 54.74%.,,,False,f_title_length=4.0732 | f_supplier_recent_90d_award_count=3.3561 | f_buyer_supplier_repeat_count=-1.8281,"Peringkat investigatif paket ini adalah **Risiko Tinggi**.
Diturunkan dari triase model: High Risk dengan probabilitas 54.74%.
Model mengklasifikasikan paket ini sebagai **High Risk** dengan probabilitas 54.74%.
Catatan penting: ini adalah triase risiko, bukan bukti fraud final. Status kritis hanya boleh dinaikkan bila ada bukti resmi yang terhubung.
Faktor yang paling memengaruhi prediksi adalah:
- Panjang judul tender bernilai 20 dan meningkatkan skor risiko dengan kontribusi SHAP sekitar 4.0732.
- F supplier recent 90d award count bernilai 4 dan meningkatkan skor risiko dengan kontribusi SHAP sekitar 3.3561.
- Frekuensi hubungan buyer-supplier berulang bernilai 0 dan menurunkan skor risiko dengan kontribusi SHAP sekitar 1.8281.",,,,,,,
12,test,91344,priority_mix,0.741986,True,0.023789,0.5,0.5,0.023789,-0.390898,ocds-20h3g7-RUP-11841205-39168869,Atap Lapangan Basket,2023-10-26 07:11:20+00:00,Pemerintah Daerah Kota Blitar,,,,1,2,High Risk,0.523789,0.109102,0.367108,0.523789,0.948308,Risiko Tinggi,model_only,Diturunkan dari triase model: High Risk dengan probabilitas 52.38%.,,,False,f_title_length=4.0785 | f_is_q4=3.2173 | f_buyer_supplier_repeat_count=-1.8577,"Peringkat investigatif paket ini adalah **Risiko Tinggi**.
Diturunkan dari triase model: High Risk dengan probabilitas 52.38%.
Model mengklasifikasikan paket ini sebagai **High Risk** dengan probabilitas 52.38%.
Catatan penting: ini adalah triase risiko, bukan bukti fraud final. Status kritis hanya boleh dinaikkan bila ada bukti resmi yang terhubung.
Faktor yang paling memengaruhi prediksi adalah:
- Panjang judul tender bernilai 20 dan meningkatkan skor risiko dengan kontribusi SHAP sekitar 4.0785.
- Waktu publikasi pada kuartal iv bernilai 1 dan meningkatkan skor risiko dengan kontribusi SHAP sekitar 3.2173.
- Frekuensi hubungan buyer-supplier berulang bernilai 0 dan menurunkan skor risiko dengan kontribusi SHAP sekitar 1.8577.",,,,,,,
13,test,68487,priority_mix,0.739004,True,0.008431,0.5,0.5,-0.008431,-0.379072,ocds-20h3g7-6162509,Rehab Islamic Center,2023-07-27 00:00:00+00:00,Pemerintah Daerah Kabupaten Pangkajene dan Kepulauan,cv. raja siang,474220000.0,469857208.29,1,2,High Risk,0.491569,0.120928,0.387502,0.491569,0.971922,Risiko Tinggi,model_only,Diturunkan dari triase model: High Risk dengan probabilitas 49.16%.,,,False,f_title_length=4.1224 | f_buyer_supplier_repeat_count=3.1407 | f_is_q4=-1.8212,"Peringkat investigatif paket ini adalah **Risiko Tinggi**.
Diturunkan dari triase model: High Risk dengan probabilitas 49.16%.
Model mengklasifikasikan paket ini sebagai **High Risk** dengan probabilitas 49.16%.
Catatan penting: ini adalah triase risiko, bukan bukti fraud final. Status kritis hanya boleh dinaikkan bila ada bukti resmi yang terhubung.
Faktor yang paling memengaruhi prediksi adalah:
- Panjang judul tender bernilai 20 dan meningkatkan skor risiko dengan kontribusi SHAP sekitar 4.1224.
- Frekuensi hubungan buyer-supplier berulang bernilai 4 dan meningkatkan skor risiko dengan kontribusi SHAP sekitar 3.1407.
- Waktu publikasi pada kuartal iv bernilai 0 dan menurunkan skor risiko dengan kontribusi SHAP sekitar 1.8212.",,,,,,,
14,test,68197,priority_mix,0.738922,True,0.008272,0.5,0.5,-0.008272,-0.379856,ocds-20h3g7-4651430,Belanja Modal Asrama,2023-07-26 00:00:00+00:00,Pemerintah Daerah Kabupaten Konawe Selatan,CV.RAEFA REJEKI PERDANA,850526394.45,793606885.63,1,2,High Risk,0.491728,0.120144,0.388129,0.491728,0.970968,Risiko Tinggi,model_only,Diturunkan dari triase model: High Risk dengan probabilitas 49.17%.,,,False,f_title_length=4.1415 | f_buyer_supplier_repeat_count=3.2128 | f_is_q4=-1.7982,"Peringkat investigatif paket ini adalah **Risiko Tinggi**.
Diturunkan dari triase model: High Risk dengan probabilitas 49.17%.
Model mengklasifikasikan paket ini sebagai **High Risk** dengan probabilitas 49.17%.
Catatan penting: ini adalah triase risiko, bukan bukti fraud final. Status kritis hanya boleh dinaikkan bila ada bukti resmi yang terhubung.
Faktor yang paling memengaruhi prediksi adalah:
- Panjang judul tender bernilai 20 dan meningkatkan skor risiko dengan kontribusi SHAP sekitar 4.1415.
- Frekuensi hubungan buyer-supplier berulang bernilai 2 dan meningkatkan skor risiko dengan kontribusi SHAP sekitar 3.2128.
- Waktu publikasi pada kuartal iv bernilai 0 dan menurunkan skor risiko dengan kontribusi SHAP sekitar 1.7982.",,,,,,,
15,test,62428,priority_mix,0.737991,True,0.009767,0.5,0.5,-0.009767,-0.378881,ocds-20h3g7-2906155,Jembatan Mukai Pintu,2023-07-11 00:00:00+00:00,Pemerintah Daerah Kabupaten Kerinci,cv.ariq jaya pondasi,468248651.95,413438523.35,1,2,High Risk,0.490233,0.121119,0.388648,0.490233,0.972458,Risiko Tinggi,model_only,Diturunkan dari triase model: High Risk dengan probabilitas 49.02%.,,,False,f_title_length=4.0769 | f_buyer_supplier_repeat_count=3.3379 | f_is_q4=-1.7677,"Peringkat investigatif paket ini adalah **Risiko Tinggi**.
Diturunkan dari triase model: High Risk dengan probabilitas 49.02%.
Model mengklasifikasikan paket ini sebagai **High Risk** dengan probabilitas 49.02%.
Catatan penting: ini adalah triase risiko, bukan bukti fraud final. Status kritis hanya boleh dinaikkan bila ada bukti resmi yang terhubung.
Faktor yang paling memengaruhi prediksi adalah:
- Panjang judul tender bernilai 20 dan meningkatkan skor risiko dengan kontribusi SHAP sekitar 4.0769.
- Frekuensi hubungan buyer-supplier berulang bernilai 2 dan meningkatkan skor risiko dengan kontribusi SHAP sekitar 3.3379.
- Waktu publikasi pada kuartal iv bernilai 0 dan menurunkan skor risiko dengan kontribusi SHAP sekitar 1.7677.",,,,,,,
16,test,63079,priority_mix,0.736026,True,0.011125,0.5,0.5,-0.011125,-0.382144,ocds-20h3g7-13621163,Rehabilitasi SMPN 20,2023-07-12 00:00:00+00:00,LPSE Kota Bogor,CV.ALPHA OMEGA,500000000.0,468068450.23,1,2,High Risk,0.488875,0.117856,0.393269,0.488875,0.968896,Risiko Tinggi,model_only,Diturunkan dari triase model: High Risk dengan probabilitas 48.89%.,,,False,f_title_length=4.1300 | f_buyer_supplier_repeat_count=3.2164 | f_is_q4=-1.7827,"Peringkat investigatif paket ini adalah **Risiko Tinggi**.
Diturunkan dari triase model: High Risk dengan probabilitas 48.89%.
Model mengklasifikasikan paket ini sebagai **High Risk** dengan probabilitas 48.89%.
Catatan penting: ini adalah triase risiko, bukan bukti fraud final. Status kritis hanya boleh dinaikkan bila ada bukti resmi yang terhubung.
Faktor yang paling memengaruhi prediksi adalah:
- Panjang judul tender bernilai 20 dan meningkatkan skor risiko dengan kontribusi SHAP sekitar 4.1300.
- Frekuensi hubungan buyer-supplier berulang bernilai 4 dan meningkatkan skor risiko dengan kontribusi SHAP sekitar 3.2164.
- Waktu publikasi pada kuartal iv bernilai 0 dan menurunkan skor risiko dengan kontribusi SHAP sekitar 1.7827.",,,,,,,
17,test,82104,priority_mix,0.734227,True,0.013136,0.5,0.5,-0.013136,-0.382818,ocds-20h3g7-5119330,Survey Kondisi Jalan,2023-09-12 00:00:00+00:00,Pemerintah Daerah Kabupaten Aceh Tenggara,CV. Jaroe Karya Konsultan,249750000.0,247197000.0,1,2,High Risk,0.486864,0.117182,0.395954,0.486864,0.968506,Risiko Tinggi,model_only,Diturunkan dari triase model: High Risk dengan probabilitas 48.69%.,,,False,f_title_length=4.1258 | f_buyer_supplier_repeat_count=3.4423 | f_is_q4=-1.7737,"Peringkat investigatif paket ini adalah **Risiko Tinggi**.
Diturunkan dari triase model: High Risk dengan probabilitas 48.69%.
Model mengklasifikasikan paket ini sebagai **High Risk** dengan probabilitas 48.69%.
Catatan penting: ini adalah triase risiko, bukan bukti fraud final. Status kritis hanya boleh dinaikkan bila ada bukti resmi yang terhubung.
Faktor yang paling memengaruhi prediksi adalah:
- Panjang judul tender bernilai 20 dan meningkatkan skor risiko dengan kontribusi SHAP sekitar 4.1258.
- Frekuensi hubungan buyer-supplier berulang bernilai 3 dan meningkatkan skor risiko dengan kontribusi SHAP sekitar 3.4423.
- Waktu publikasi pada kuartal iv bernilai 0 dan menurunkan skor risiko dengan kontribusi SHAP sekitar 1.7737.",,,,,,,
18,test,71442,priority_mix,0.732795,True,0.016616,0.5,0.5,-0.016616,-0.377806,ocds-20h3g7-5150306,Rehap Pustu Sepondam,2023-08-04 00:00:00+00:00,Pemerintah Daerah Kabupaten Lamandau,CV. Dua Putra Putri Jaya,300000000.0,285000000.0,1,2,High Risk,0.483384,0.122194,0.394421,0.483384,0.975207,Risiko Tinggi,model_only,Diturunkan dari triase model: High Risk dengan probabilitas 48.34%.,,,False,f_title_length=4.0864 | f_buyer_supplier_repeat_count=3.3991 | f_is_q4=-1.7574,"Peringkat investigatif paket ini adalah **Risiko Tinggi**.
Diturunkan dari triase model: High Risk dengan probabilitas 48.34%.
Model mengklasifikasikan paket ini sebagai **High Risk** dengan probabilitas 48.34%.
Catatan penting: ini adalah triase risiko, bukan bukti fraud final. Status kritis hanya boleh dinaikkan bila ada bukti resmi yang terhubung.
Faktor yang paling memengaruhi prediksi adalah:
- Panjang judul tender bernilai 20 dan meningkatkan skor risiko dengan kontribusi SHAP sekitar 4.0864.
- Frekuensi hubungan buyer-supplier berulang bernilai 2 dan meningkatkan skor risiko dengan kontribusi SHAP sekitar 3.3991.
- Waktu publikasi pada kuartal iv bernilai 0 dan menurunkan skor risiko dengan kontribusi SHAP sekitar 1.7574.",,,,,,,
19,test,75210,priority_mix,0.732604,True,0.01596,0.5,0.5,-0.01596,-0.380469,ocds-20h3g7-15243103,Renovasi Green House,2023-08-18 00:00:00+00:00,Pemerintah Daerah Provinsi Sumatera Selatan,CV. REYSHA,292182000.0,290008279.47,1,2,High Risk,0.48404,0.119531,0.396429,0.48404,0.971918,Risiko Tinggi,model_only,Diturunkan dari triase model: High Risk dengan probabilitas 48.40%.,,,False,f_title_length=4.1181 | f_buyer_supplier_repeat_count=3.3690 | f_is_q4=-1.7478,"Peringkat investigatif paket ini adalah **Risiko Tinggi**.
Diturunkan dari triase model: High Risk dengan probabilitas 48.40%.
Model mengklasifikasikan paket ini sebagai **High Risk** dengan probabilitas 48.40%.
Catatan penting: ini adalah triase risiko, bukan bukti fraud final. Status kritis hanya boleh dinaikkan bila ada bukti resmi yang terhubung.
Faktor yang paling memengaruhi prediksi adalah:
- Panjang judul tender bernilai 20 dan meningkatkan skor risiko dengan kontribusi SHAP sekitar 4.1181.
- Frekuensi hubungan buyer-supplier berulang bernilai 2 dan meningkatkan skor risiko dengan kontribusi SHAP sekitar 3.3690.
- Waktu publikasi pada kuartal iv bernilai 0 dan menurunkan skor risiko dengan kontribusi SHAP sekitar 1.7478.",,,,,,,
20,test,34721,priority_mix,0.732165,True,0.01735,0.5,0.5,-0.01735,-0.377951,ocds-20h3g7-9596204,Rehab Pustu Rejosari,2023-05-25 00:00:00+00:00,Pemerintah Daerah Kabupaten Madiun,CV. MITRA USAHA ABADI,648510000.0,557230000.0,1,2,High Risk,0.48265,0.122049,0.395301,0.48265,0.975184,Risiko Tinggi,model_only,Diturunkan dari triase model: High Risk dengan probabilitas 48.27%.,,,False,f_title_length=4.0666 | f_buyer_supplier_repeat_count=3.2270 | f_is_q4=-1.8116,"Peringkat investigatif paket ini adalah **Risiko Tinggi**.
Diturunkan dari triase model: High Risk dengan probabilitas 48.27%.
Model mengklasifikasikan paket ini sebagai **High Risk** dengan probabilitas 48.27%.
Catatan penting: ini adalah triase risiko, bukan bukti fraud final. Status kritis hanya boleh dinaikkan bila ada bukti resmi yang terhubung.
Faktor yang paling memengaruhi prediksi adalah:
- Panjang judul tender bernilai 20 dan meningkatkan skor risiko dengan kontribusi SHAP sekitar 4.0666.
- Frekuensi hubungan buyer-supplier berulang bernilai 2 dan meningkatkan skor risiko dengan kontribusi SHAP sekitar 3.2270.
- Waktu publikasi pada kuartal iv bernilai 0 dan menurunkan skor risiko dengan kontribusi SHAP sekitar 1.8116.",,,,,,,
21,test,32387,priority_mix,0.730672,True,0.019307,0.5,0.5,-0.019307,-0.37764,ocds-20h3g7-2059271,SURVEY KONDISI JALAN,2023-05-23 00:00:00+00:00,Pemerintah Daerah Kabupaten Merauke,CV. INTEGRAL PAPUA KONSULTAN,600000000.0,549200000.0,1,2,High Risk,0.480693,0.12236,0.396948,0.480693,0.975932,Risiko Tinggi,model_only,Diturunkan dari triase model: High Risk dengan probabilitas 48.07%.,,,False,f_title_length=4.1168 | f_buyer_supplier_repeat_count=3.3654 | f_is_q4=-1.7998,"Peringkat investigatif paket ini adalah **Risiko Tinggi**.
Diturunkan dari triase model: High Risk dengan probabilitas 48.07%.
Model mengklasifikasikan paket ini sebagai **High Risk** dengan probabilitas 48.07%.
Catatan penting: ini adalah triase risiko, bukan bukti fraud final. Status kritis hanya boleh dinaikkan bila ada bukti resmi yang terhubung.
Faktor yang paling memengaruhi prediksi adalah:
- Panjang judul tender bernilai 20 dan meningkatkan skor risiko dengan kontribusi SHAP sekitar 4.1168.
- Frekuensi hubungan buyer-supplier berulang bernilai 2 dan meningkatkan skor risiko dengan kontribusi SHAP sekitar 3.3654.
- Waktu publikasi pada kuartal iv bernilai 0 dan menurunkan skor risiko dengan kontribusi SHAP sekitar 1.7998.",,,,,,,
22,test,92492,priority_mix,0.729786,True,0.016807,0.5,0.5,-0.016807,-0.388019,ocds-20h3g7-26079638,Videotron Kodiklatad,2023-11-03 00:00:00+00:00,Kementerian Pertahanan,Eka Sapta Trijaya,1999407823.0,1995158000.4,1,2,High Risk,0.483193,0.111981,0.404826,0.483193,0.962703,Risiko Tinggi,model_only,Diturunkan dari triase model: High Risk dengan probabilitas 48.32%.,,,False,f_title_length=3.9976 | f_is_q4=2.9546 | f_buyer_supplier_repeat_count=-1.8156,"Peringkat investigatif paket ini adalah **Risiko Tinggi**.
Diturunkan dari triase model: High Risk dengan probabilitas 48.32%.
Model mengklasifikasikan paket ini sebagai **High Risk** dengan probabilitas 48.32%.
Catatan penting: ini adalah triase risiko, bukan bukti fraud final. Status kritis hanya boleh dinaikkan bila ada bukti resmi yang terhubung.
Faktor yang paling memengaruhi prediksi adalah:
- Panjang judul tender bernilai 20 dan meningkatkan skor risiko dengan kontribusi SHAP sekitar 3.9976.
- Waktu publikasi pada kuartal iv bernilai 1 dan meningkatkan skor risiko dengan kontribusi SHAP sekitar 2.9546.
- Frekuensi hubungan buyer-supplier berulang bernilai 1 dan menurunkan skor risiko dengan kontribusi SHAP sekitar 1.8156.",,,,,,,
23,test,27279,priority_mix,0.727808,True,0.020993,0.5,0.5,-0.020993,-0.383097,ocds-20h3g7-10134667,Rehab Kantor Kemenag,2023-05-12 00:00:00+00:00,Pemerintah Daerah Kabupaten Purwakarta,CV. MANDIRI PRATAMA,315160630.01,311342362.21,1,2,High Risk,0.479007,0.116903,0.40409,0.479007,0.969643,Risiko Tinggi,model_only,Diturunkan dari triase model: High Risk dengan probabilitas 47.90%.,,,False,f_title_length=4.1479 | f_buyer_supplier_repeat_count=3.1872 | f_is_q4=-1.8009,"Peringkat investigatif paket ini adalah **Risiko Tinggi**.
Diturunkan dari triase model: High Risk dengan probabilitas 47.90%.
Model mengklasifikasikan paket ini sebagai **High Risk** dengan probabilitas 47.90%.
Catatan penting: ini adalah triase risiko, bukan bukti fraud final. Status kritis hanya boleh dinaikkan bila ada bukti resmi yang terhubung.
Faktor yang paling memengaruhi prediksi adalah:
- Panjang judul tender bernilai 20 dan meningkatkan skor risiko dengan kontribusi SHAP sekitar 4.1479.
- Frekuensi hubungan buyer-supplier berulang bernilai 4 dan meningkatkan skor risiko dengan kontribusi SHAP sekitar 3.1872.
- Waktu publikasi pada kuartal iv bernilai 0 dan menurunkan skor risiko dengan kontribusi SHAP sekitar 1.8009.",,,,,,,
24,test,53231,priority_mix,0.727686,True,0.022569,0.5,0.5,-0.022569,-0.37893,ocds-20h3g7-22802027,TPT Harungguan Bolon,2023-06-21 00:00:00+00:00,Pemerintah Daerah Provinsi Sumatera Utara,cv.ilhamjayamandiri,449998278.37,423836530.2,1,2,High Risk,0.477431,0.12107,0.401499,0.477431,0.974995,Risiko Tinggi,model_only,Diturunkan dari triase model: High Risk dengan probabilitas 47.74%.,,,False,f_title_length=3.9780 | f_buyer_supplier_repeat_count=3.4494 | f_is_q4=-1.7644,"Peringkat investigatif paket ini adalah **Risiko Tinggi**.
Diturunkan dari triase model: High Risk dengan probabilitas 47.74%.
Model mengklasifikasikan paket ini sebagai **High Risk** dengan probabilitas 47.74%.
Catatan penting: ini adalah triase risiko, bukan bukti fraud final. Status kritis hanya boleh dinaikkan bila ada bukti resmi yang terhubung.
Faktor yang paling memengaruhi prediksi adalah:
- Panjang judul tender bernilai 20 dan meningkatkan skor risiko dengan kontribusi SHAP sekitar 3.9780.
- Frekuensi hubungan buyer-supplier berulang bernilai 10 dan meningkatkan skor risiko dengan kontribusi SHAP sekitar 3.4494.
- Waktu publikasi pada kuartal iv bernilai 0 dan menurunkan skor risiko dengan kontribusi SHAP sekitar 1.7644.",,,,,,,
25,test,93011,priority_mix,0.725367,True,0.020624,0.5,0.5,-0.020624,-0.392417,ocds-20h3g7-16405025,Support Sistem Email,2023-12-14 20:00:00+00:00,Kementerian Pendidikan dan Kebudayaan,CV. Saras Multitech,1779853064.19,1757041200.0,1,2,High Risk,0.479376,0.107583,0.413042,0.479376,0.95754,Risiko Tinggi,model_only,Diturunkan dari triase model: High Risk dengan probabilitas 47.94%.,,,False,f_title_length=4.1267 | f_is_q4=2.9363 | f_buyer_supplier_repeat_count=-1.8511,"Peringkat investigatif paket ini adalah **Risiko Tinggi**.
Diturunkan dari triase model: High Risk dengan probabilitas 47.94%.
Model mengklasifikasikan paket ini sebagai **High Risk** dengan probabilitas 47.94%.
Catatan penting: ini adalah triase risiko, bukan bukti fraud final. Status kritis hanya boleh dinaikkan bila ada bukti resmi yang terhubung.
Faktor yang paling memengaruhi prediksi adalah:
- Panjang judul tender bernilai 20 dan meningkatkan skor risiko dengan kontribusi SHAP sekitar 4.1267.
- Waktu publikasi pada kuartal iv bernilai 1 dan meningkatkan skor risiko dengan kontribusi SHAP sekitar 2.9363.
- Frekuensi hubungan buyer-supplier berulang bernilai 0 dan menurunkan skor risiko dengan kontribusi SHAP sekitar 1.8511.",,,,,,,
26,test,15672,priority_mix,0.722028,True,0.027964,0.5,0.5,-0.027964,-0.383443,ocds-20h3g7-12099010,Kajian Lalu Lintas 2,2023-04-06 00:00:00+00:00,Pemerintah Daerah Kota Surabaya,Lugadika Elka Sukma,174300000.0,151515000.0,1,2,High Risk,0.472036,0.116557,0.411407,0.472036,0.970283,Risiko Tinggi,model_only,Diturunkan dari triase model: High Risk dengan probabilitas 47.20%.,,,False,f_title_length=3.8984 | f_buyer_supplier_repeat_count=3.7294 | f_is_q4=-1.7193,"Peringkat investigatif paket ini adalah **Risiko Tinggi**.
Diturunkan dari triase model: High Risk dengan probabilitas 47.20%.
Model mengklasifikasikan paket ini sebagai **High Risk** dengan probabilitas 47.20%.
Catatan penting: ini adalah triase risiko, bukan bukti fraud final. Status kritis hanya boleh dinaikkan bila ada bukti resmi yang terhubung.
Faktor yang paling memengaruhi prediksi adalah:
- Panjang judul tender bernilai 20 dan meningkatkan skor risiko dengan kontribusi SHAP sekitar 3.8984.
- Frekuensi hubungan buyer-supplier berulang bernilai 3 dan meningkatkan skor risiko dengan kontribusi SHAP sekitar 3.7294.
- Waktu publikasi pada kuartal iv bernilai 0 dan menurunkan skor risiko dengan kontribusi SHAP sekitar 1.7193.",,,,,,,
27,test,68842,priority_mix,0.721991,True,0.028227,0.5,0.5,-0.028227,-0.382819,ocds-20h3g7-5061434,Pengadaan Ayam Buras,2023-07-28 00:00:00+00:00,Pemerintah Daerah Kabupaten Lahat,CV. SYAMIR JAYA ABADI,296100000.0,289350000.0,1,2,High Risk,0.471773,0.117181,0.411047,0.471773,0.971103,Risiko Tinggi,model_only,Diturunkan dari triase model: High Risk dengan probabilitas 47.18%.,,,False,f_title_length=4.1434 | f_buyer_supplier_repeat_count=3.2781 | f_is_q4=-1.7666,"Peringkat investigatif paket ini adalah **Risiko Tinggi**.
Diturunkan dari triase model: High Risk dengan probabilitas 47.18%.
Model mengklasifikasikan paket ini sebagai **High Risk** dengan probabilitas 47.18%.
Catatan penting: ini adalah triase risiko, bukan bukti fraud final. Status kritis hanya boleh dinaikkan bila ada bukti resmi yang terhubung.
Faktor yang paling memengaruhi prediksi adalah:
- Panjang judul tender bernilai 20 dan meningkatkan skor risiko dengan kontribusi SHAP sekitar 4.1434.
- Frekuensi hubungan buyer-supplier berulang bernilai 4 dan meningkatkan skor risiko dengan kontribusi SHAP sekitar 3.2781.
- Waktu publikasi pada kuartal iv bernilai 0 dan menurunkan skor risiko dengan kontribusi SHAP sekitar 1.7666.",,,,,,,
28,test,18140,priority_mix,0.72188,True,0.040543,0.5,0.5,-0.040543,-0.341812,ocds-20h3g7-12513332,Rekonstruksi Jalan Warung Leugok - Cikeusal Kab. Tasikmalaya (BKK Jabar),2023-04-12 00:00:00+00:00,Pemerintah Daerah Kabupaten Tasikmalaya,cv. al zikra,5766765146.35,5481388067.28,1,2,High Risk,0.459457,0.158188,0.382354,0.459457,1.016617,Risiko Tinggi,model_only,Diturunkan dari triase model: High Risk dengan probabilitas 45.95%.,,,False,f_buyer_supplier_repeat_count=3.6343 | f_title_length=-3.5467 | f_tender_value_log=3.4013,"Peringkat investigatif paket ini adalah **Risiko Tinggi**.
Diturunkan dari triase model: High Risk dengan probabilitas 45.95%.
Model mengklasifikasikan paket ini sebagai **High Risk** dengan probabilitas 45.95%.
Catatan penting: ini adalah triase risiko, bukan bukti fraud final. Status kritis hanya boleh dinaikkan bila ada bukti resmi yang terhubung.
Faktor yang paling memengaruhi prediksi adalah:
- Frekuensi hubungan buyer-supplier berulang bernilai 2 dan meningkatkan skor risiko dengan kontribusi SHAP sekitar 3.6343.
- Panjang judul tender bernilai 72 dan menurunkan skor risiko dengan kontribusi SHAP sekitar 3.5467.
- Nilai tender bernilai 22.4754 dan meningkatkan skor risiko dengan kontribusi SHAP sekitar 3.4013.",,,,,,,
29,test,87783,priority_mix,0.720068,True,0.030062,0.5,0.5,-0.030062,-0.384271,ocds-20h3g7-RUP-9865065-38030809,Pembuatan Foto Tegak,2023-10-04 20:33:48+00:00,Kementerian Agraria dan Tata Ruang/BPN,,,,1,2,High Risk,0.469938,0.115729,0.414333,0.469938,0.969509,Risiko Tinggi,model_only,Diturunkan dari triase model: High Risk dengan probabilitas 46.99%.,,,False,f_title_length=3.8746 | f_is_q4=3.2142 | f_buyer_supplier_repeat_count=-1.9508,"Peringkat investigatif paket ini adalah **Risiko Tinggi**.
Diturunkan dari triase model: High Risk dengan probabilitas 46.99%.
Model mengklasifikasikan paket ini sebagai **High Risk** dengan probabilitas 46.99%.
Catatan penting: ini adalah triase risiko, bukan bukti fraud final. Status kritis hanya boleh dinaikkan bila ada bukti resmi yang terhubung.
Faktor yang paling memengaruhi prediksi adalah:
- Panjang judul tender bernilai 20 dan meningkatkan skor risiko dengan kontribusi SHAP sekitar 3.8746.
- Waktu publikasi pada kuartal iv bernilai 1 dan meningkatkan skor risiko dengan kontribusi SHAP sekitar 3.2142.
- Frekuensi hubungan buyer-supplier berulang bernilai 0 dan menurunkan skor risiko dengan kontribusi SHAP sekitar 1.9508.",,,,,,,
30,test,62908,priority_mix,0.719411,True,0.031722,0.5,0.5,-0.031722,-0.381814,ocds-20h3g7-17162247,Rehab Jembatan Druju,2023-07-12 00:00:00+00:00,Pemerintah Daerah Kabupaten Malang,CV. GARUDA RAYA WICAKSONO,488595215.7,389141810.69,1,2,High Risk,0.468278,0.118186,0.413536,0.468278,0.972822,Risiko Tinggi,model_only,Diturunkan dari triase model: High Risk dengan probabilitas 46.83%.,,,False,f_title_length=4.0479 | f_buyer_supplier_repeat_count=3.3378 | f_is_q4=-1.7584,"Peringkat investigatif paket ini adalah **Risiko Tinggi**.
Diturunkan dari triase model: High Risk dengan probabilitas 46.83%.
Model mengklasifikasikan paket ini sebagai **High Risk** dengan probabilitas 46.83%.
Catatan penting: ini adalah triase risiko, bukan bukti fraud final. Status kritis hanya boleh dinaikkan bila ada bukti resmi yang terhubung.
Faktor yang paling memengaruhi prediksi adalah:
- Panjang judul tender bernilai 20 dan meningkatkan skor risiko dengan kontribusi SHAP sekitar 4.0479.
- Frekuensi hubungan buyer-supplier berulang bernilai 3 dan meningkatkan skor risiko dengan kontribusi SHAP sekitar 3.3378.
- Waktu publikasi pada kuartal iv bernilai 0 dan menurunkan skor risiko dengan kontribusi SHAP sekitar 1.7584.",,,,,,,
31,test,46114,priority_mix,0.718858,True,0.033686,0.5,0.5,-0.033686,-0.378037,ocds-20h3g7-11024181,Pembangunan Aula SPN,2023-06-13 00:00:00+00:00,Pemerintah Daerah Provinsi Kalimantan Selatan,CV TURANGGA,2880064967.93,2793999319.83,1,2,High Risk,0.466314,0.121963,0.411723,0.466314,0.977729,Risiko Tinggi,model_only,Diturunkan dari triase model: High Risk dengan probabilitas 46.63%.,,,False,f_title_length=4.0898 | f_buyer_supplier_repeat_count=3.4196 | f_is_q4=-1.7355,"Peringkat investigatif paket ini adalah **Risiko Tinggi**.
Diturunkan dari triase model: High Risk dengan probabilitas 46.63%.
Model mengklasifikasikan paket ini sebagai **High Risk** dengan probabilitas 46.63%.
Catatan penting: ini adalah triase risiko, bukan bukti fraud final. Status kritis hanya boleh dinaikkan bila ada bukti resmi yang terhubung.
Faktor yang paling memengaruhi prediksi adalah:
- Panjang judul tender bernilai 20 dan meningkatkan skor risiko dengan kontribusi SHAP sekitar 4.0898.
- Frekuensi hubungan buyer-supplier berulang bernilai 2 dan meningkatkan skor risiko dengan kontribusi SHAP sekitar 3.4196.
- Waktu publikasi pada kuartal iv bernilai 0 dan menurunkan skor risiko dengan kontribusi SHAP sekitar 1.7355.",,,,,,,
32,test,63785,priority_mix,0.718191,True,0.034862,0.5,0.5,-0.034862,-0.376952,ocds-20h3g7-4861285,Jalan Sindon - Bibis,2023-07-14 00:00:00+00:00,Pemerintah Daerah Kabupaten Bantul,CV ATNAWIJAYA,600038000.0,582311992.82,1,2,High Risk,0.465138,0.123048,0.411815,0.465138,0.979189,Risiko Tinggi,model_only,Diturunkan dari triase model: High Risk dengan probabilitas 46.51%.,,,False,f_title_length=4.0799 | f_buyer_supplier_repeat_count=3.4351 | f_is_q4=-1.8111,"Peringkat investigatif paket ini adalah **Risiko Tinggi**.
Diturunkan dari triase model: High Risk dengan probabilitas 46.51%.
Model mengklasifikasikan paket ini sebagai **High Risk** dengan probabilitas 46.51%.
Catatan penting: ini adalah triase risiko, bukan bukti fraud final. Status kritis hanya boleh dinaikkan bila ada bukti resmi yang terhubung.
Faktor yang paling memengaruhi prediksi adalah:
- Panjang judul tender bernilai 20 dan meningkatkan skor risiko dengan kontribusi SHAP sekitar 4.0799.
- Frekuensi hubungan buyer-supplier berulang bernilai 2 dan meningkatkan skor risiko dengan kontribusi SHAP sekitar 3.4351.
- Waktu publikasi pada kuartal iv bernilai 0 dan menurunkan skor risiko dengan kontribusi SHAP sekitar 1.8111.",,,,,,,
33,test,67225,priority_mix,0.717477,True,0.035802,0.5,0.5,-0.035802,-0.376739,ocds-20h3g7-2952539,Pembangunan TPS Wawo,2023-07-24 00:00:00+00:00,Pemerintah Daerah Kabupaten Bima,CV. PUJA BUANA INDAH,559978542.61,557743896.0,1,2,High Risk,0.464198,0.123261,0.41254,0.464198,0.979559,Risiko Tinggi,model_only,Diturunkan dari triase model: High Risk dengan probabilitas 46.42%.,,,False,f_title_length=4.0661 | f_buyer_supplier_repeat_count=3.3495 | f_is_q4=-1.8268,"Peringkat investigatif paket ini adalah **Risiko Tinggi**.
Diturunkan dari triase model: High Risk dengan probabilitas 46.42%.
Model mengklasifikasikan paket ini sebagai **High Risk** dengan probabilitas 46.42%.
Catatan penting: ini adalah triase risiko, bukan bukti fraud final. Status kritis hanya boleh dinaikkan bila ada bukti resmi yang terhubung.
Faktor yang paling memengaruhi prediksi adalah:
- Panjang judul tender bernilai 20 dan meningkatkan skor risiko dengan kontribusi SHAP sekitar 4.0661.
- Frekuensi hubungan buyer-supplier berulang bernilai 8 dan meningkatkan skor risiko dengan kontribusi SHAP sekitar 3.3495.
- Waktu publikasi pada kuartal iv bernilai 0 dan menurunkan skor risiko dengan kontribusi SHAP sekitar 1.8268.",,,,,,,
34,test,25327,priority_mix,0.716829,True,0.035689,0.5,0.5,-0.035689,-0.379402,ocds-20h3g7-1499603,Fumigasi dan Fogging,2023-05-09 00:00:00+00:00,Kementerian Pertahanan,CV. INCO NUSA ABADI,584000000.0,581899800.0,1,2,High Risk,0.464311,0.120598,0.415091,0.464311,0.976292,Risiko Tinggi,model_only,Diturunkan dari triase model: High Risk dengan probabilitas 46.43%.,,,False,f_title_length=4.1554 | f_buyer_supplier_repeat_count=3.2269 | f_is_q4=-1.7693,"Peringkat investigatif paket ini adalah **Risiko Tinggi**.
Diturunkan dari triase model: High Risk dengan probabilitas 46.43%.
Model mengklasifikasikan paket ini sebagai **High Risk** dengan probabilitas 46.43%.
Catatan penting: ini adalah triase risiko, bukan bukti fraud final. Status kritis hanya boleh dinaikkan bila ada bukti resmi yang terhubung.
Faktor yang paling memengaruhi prediksi adalah:
- Panjang judul tender bernilai 20 dan meningkatkan skor risiko dengan kontribusi SHAP sekitar 4.1554.
- Frekuensi hubungan buyer-supplier berulang bernilai 2 dan meningkatkan skor risiko dengan kontribusi SHAP sekitar 3.2269.
- Waktu publikasi pada kuartal iv bernilai 0 dan menurunkan skor risiko dengan kontribusi SHAP sekitar 1.7693.",,,,,,,
35,test,37294,priority_mix,0.716498,True,0.037042,0.5,0.5,-0.037042,-0.376583,ocds-20h3g7-5052249,Overlay Jalan Saping,2023-05-30 00:00:00+00:00,Pemerintah Daerah Kabupaten Kutai Barat,CV. LEMBU SUANA,3342019000.0,3341072751.26,1,2,High Risk,0.462958,0.123417,0.413625,0.462958,0.97989,Risiko Tinggi,model_only,Diturunkan dari triase model: High Risk dengan probabilitas 46.30%.,,,False,f_title_length=3.9751 | f_buyer_supplier_repeat_count=3.3066 | f_is_q4=-1.7345,"Peringkat investigatif paket ini adalah **Risiko Tinggi**.
Diturunkan dari triase model: High Risk dengan probabilitas 46.30%.
Model mengklasifikasikan paket ini sebagai **High Risk** dengan probabilitas 46.30%.
Catatan penting: ini adalah triase risiko, bukan bukti fraud final. Status kritis hanya boleh dinaikkan bila ada bukti resmi yang terhubung.
Faktor yang paling memengaruhi prediksi adalah:
- Panjang judul tender bernilai 20 dan meningkatkan skor risiko dengan kontribusi SHAP sekitar 3.9751.
- Frekuensi hubungan buyer-supplier berulang bernilai 3 dan meningkatkan skor risiko dengan kontribusi SHAP sekitar 3.3066.
- Waktu publikasi pada kuartal iv bernilai 0 dan menurunkan skor risiko dengan kontribusi SHAP sekitar 1.7345.",,,,,,,
36,test,55201,priority_mix,0.716404,True,0.034724,0.5,0.5,-0.034724,-0.383667,ocds-20h3g7-3837567,Survey Kondisi Jalan,2023-06-23 00:00:00+00:00,Pemerintah Daerah Kabupaten Nias Selatan,CV. DANRU SEJAHTERA CONSULTANT,199666800.0,199486980.0,1,2,High Risk,0.465276,0.116333,0.418391,0.465276,0.970821,Risiko Tinggi,model_only,Diturunkan dari triase model: High Risk dengan probabilitas 46.53%.,,,False,f_title_length=4.0396 | f_buyer_supplier_repeat_count=3.4029 | f_is_q4=-1.7406,"Peringkat investigatif paket ini adalah **Risiko Tinggi**.
Diturunkan dari triase model: High Risk dengan probabilitas 46.53%.
Model mengklasifikasikan paket ini sebagai **High Risk** dengan probabilitas 46.53%.
Catatan penting: ini adalah triase risiko, bukan bukti fraud final. Status kritis hanya boleh dinaikkan bila ada bukti resmi yang terhubung.
Faktor yang paling memengaruhi prediksi adalah:
- Panjang judul tender bernilai 20 dan meningkatkan skor risiko dengan kontribusi SHAP sekitar 4.0396.
- Frekuensi hubungan buyer-supplier berulang bernilai 5 dan meningkatkan skor risiko dengan kontribusi SHAP sekitar 3.4029.
- Waktu publikasi pada kuartal iv bernilai 0 dan menurunkan skor risiko dengan kontribusi SHAP sekitar 1.7406.",,,,,,,
37,test,60942,priority_mix,0.711483,True,0.043739,0.5,0.5,-0.043739,-0.374669,ocds-20h3g7-13851361,Pembangunan Pos Jaga,2023-07-07 00:00:00+00:00,Pemerintah Daerah Provinsi Maluku Utara,CV. TIRTA MAS,429701169.31,400198769.38,1,2,High Risk,0.456261,0.125331,0.418408,0.456261,0.982868,Risiko Tinggi,model_only,Diturunkan dari triase model: High Risk dengan probabilitas 45.63%.,,,False,f_title_length=4.0982 | f_buyer_supplier_repeat_count=3.1300 | f_is_q4=-1.7940,"Peringkat investigatif paket ini adalah **Risiko Tinggi**.
Diturunkan dari triase model: High Risk dengan probabilitas 45.63%.
Model mengklasifikasikan paket ini sebagai **High Risk** dengan probabilitas 45.63%.
Catatan penting: ini adalah triase risiko, bukan bukti fraud final. Status kritis hanya boleh dinaikkan bila ada bukti resmi yang terhubung.
Faktor yang paling memengaruhi prediksi adalah:
- Panjang judul tender bernilai 20 dan meningkatkan skor risiko dengan kontribusi SHAP sekitar 4.0982.
- Frekuensi hubungan buyer-supplier berulang bernilai 6 dan meningkatkan skor risiko dengan kontribusi SHAP sekitar 3.1300.
- Waktu publikasi pada kuartal iv bernilai 0 dan menurunkan skor risiko dengan kontribusi SHAP sekitar 1.7940.",,,,,,,
38,test,844,priority_mix,0.711185,True,0.050303,0.5,0.5,-0.050303,-0.354362,ocds-20h3g7-6847160,Peningkatan Jalan Telukan - Cuplik,2023-03-13 00:00:00+00:00,Pemerintah Daerah Kabupaten Sukoharjo,CV Jasem Makmur Abadi,6991005000.0,4985385666.32,1,2,High Risk,0.449697,0.145638,0.404666,0.449697,1.006079,Risiko Tinggi,model_only,Diturunkan dari triase model: High Risk dengan probabilitas 44.97%.,,,False,f_tender_value_log=4.0689 | f_buyer_supplier_repeat_count=-2.0013 | f_is_q4=-1.8825,"Peringkat investigatif paket ini adalah **Risiko Tinggi**.
Diturunkan dari triase model: High Risk dengan probabilitas 44.97%.
Model mengklasifikasikan paket ini sebagai **High Risk** dengan probabilitas 44.97%.
Catatan penting: ini adalah triase risiko, bukan bukti fraud final. Status kritis hanya boleh dinaikkan bila ada bukti resmi yang terhubung.
Faktor yang paling memengaruhi prediksi adalah:
- Nilai tender bernilai 22.6679 dan meningkatkan skor risiko dengan kontribusi SHAP sekitar 4.0689.
- Frekuensi hubungan buyer-supplier berulang bernilai 0 dan menurunkan skor risiko dengan kontribusi SHAP sekitar 2.0013.
- Waktu publikasi pada kuartal iv bernilai 0 dan menurunkan skor risiko dengan kontribusi SHAP sekitar 1.8825.",,,,,,,
39,test,34754,priority_mix,0.709712,True,0.04458,0.5,0.5,-0.04458,-0.378509,ocds-20h3g7-9595204,Rehab Pustu Segulung,2023-05-25 00:00:00+00:00,Pemerintah Daerah Kabupaten Madiun,CV. JATI KUSUMA,648677000.0,535617000.0,1,2,High Risk,0.45542,0.121491,0.423089,0.45542,0.978226,Risiko Tinggi,model_only,Diturunkan dari triase model: High Risk dengan probabilitas 45.54%.,,,False,f_title_length=3.9751 | f_buyer_supplier_repeat_count=3.2701 | f_is_q4=-1.8027,"Peringkat investigatif paket ini adalah **Risiko Tinggi**.
Diturunkan dari triase model: High Risk dengan probabilitas 45.54%.
Model mengklasifikasikan paket ini sebagai **High Risk** dengan probabilitas 45.54%.
Catatan penting: ini adalah triase risiko, bukan bukti fraud final. Status kritis hanya boleh dinaikkan bila ada bukti resmi yang terhubung.
Faktor yang paling memengaruhi prediksi adalah:
- Panjang judul tender bernilai 20 dan meningkatkan skor risiko dengan kontribusi SHAP sekitar 3.9751.
- Frekuensi hubungan buyer-supplier berulang bernilai 3 dan meningkatkan skor risiko dengan kontribusi SHAP sekitar 3.2701.
- Waktu publikasi pada kuartal iv bernilai 0 dan menurunkan skor risiko dengan kontribusi SHAP sekitar 1.8027.",,,,,,,
40,test,85199,priority_mix,0.708714,True,0.042447,0.5,0.5,-0.042447,-0.387929,ocds-20h3g7-92626114,Pengadaan Lampu Suar,2023-09-23 00:00:00+00:00,Kementerian Perhubungan,Brielle Global Nusantara,5502000000.0,5225880000.0,1,2,High Risk,0.457553,0.112071,0.430376,0.457553,0.965873,Risiko Tinggi,model_only,Diturunkan dari triase model: High Risk dengan probabilitas 45.76%.,,,False,f_title_length=3.7391 | f_tender_value_log=3.4830 | f_buyer_supplier_repeat_count=-1.8816,"Peringkat investigatif paket ini adalah **Risiko Tinggi**.
Diturunkan dari triase model: High Risk dengan probabilitas 45.76%.
Model mengklasifikasikan paket ini sebagai **High Risk** dengan probabilitas 45.76%.
Catatan penting: ini adalah triase risiko, bukan bukti fraud final. Status kritis hanya boleh dinaikkan bila ada bukti resmi yang terhubung.
Faktor yang paling memengaruhi prediksi adalah:
- Panjang judul tender bernilai 20 dan meningkatkan skor risiko dengan kontribusi SHAP sekitar 3.7391.
- Nilai tender bernilai 22.4284 dan meningkatkan skor risiko dengan kontribusi SHAP sekitar 3.4830.
- Frekuensi hubungan buyer-supplier berulang bernilai 0 dan menurunkan skor risiko dengan kontribusi SHAP sekitar 1.8816.",,,,,,,
41,test,78398,priority_mix,0.708402,True,0.045095,0.5,0.5,-0.045095,-0.381569,ocds-20h3g7-4158335,Survay Kondisi Jalan,2023-08-30 00:00:00+00:00,Pemerintah Daerah Kabupaten Wajo,PT. WIDYA SARANA CONSULTANT,299999145.0,298845300.0,1,2,High Risk,0.454905,0.118431,0.426664,0.454905,0.974392,Risiko Tinggi,model_only,Diturunkan dari triase model: High Risk dengan probabilitas 45.49%.,,,False,f_title_length=4.0568 | f_buyer_supplier_repeat_count=3.5167 | f_is_q4=-1.7948,"Peringkat investigatif paket ini adalah **Risiko Tinggi**.
Diturunkan dari triase model: High Risk dengan probabilitas 45.49%.
Model mengklasifikasikan paket ini sebagai **High Risk** dengan probabilitas 45.49%.
Catatan penting: ini adalah triase risiko, bukan bukti fraud final. Status kritis hanya boleh dinaikkan bila ada bukti resmi yang terhubung.
Faktor yang paling memengaruhi prediksi adalah:
- Panjang judul tender bernilai 20 dan meningkatkan skor risiko dengan kontribusi SHAP sekitar 4.0568.
- Frekuensi hubungan buyer-supplier berulang bernilai 3 dan meningkatkan skor risiko dengan kontribusi SHAP sekitar 3.5167.
- Waktu publikasi pada kuartal iv bernilai 0 dan menurunkan skor risiko dengan kontribusi SHAP sekitar 1.7948.",,,,,,,
42,test,83241,priority_mix,0.704497,True,0.050925,0.5,0.5,-0.050925,-0.378186,ocds-20h3g7-20306044,PENGADAAAN MEUBELAIR,2023-09-15 00:00:00+00:00,Kepolisian Negara Republik Indonesia,Sinar Anugerah Abadi,2110245000.0,2109600732.0,1,2,High Risk,0.449075,0.121814,0.429111,0.449075,0.979009,Risiko Tinggi,model_only,Diturunkan dari triase model: High Risk dengan probabilitas 44.91%.,,,False,f_title_length=4.1039 | f_buyer_supplier_repeat_count=3.1957 | f_is_q4=-1.7682,"Peringkat investigatif paket ini adalah **Risiko Tinggi**.
Diturunkan dari triase model: High Risk dengan probabilitas 44.91%.
Model mengklasifikasikan paket ini sebagai **High Risk** dengan probabilitas 44.91%.
Catatan penting: ini adalah triase risiko, bukan bukti fraud final. Status kritis hanya boleh dinaikkan bila ada bukti resmi yang terhubung.
Faktor yang paling memengaruhi prediksi adalah:
- Panjang judul tender bernilai 20 dan meningkatkan skor risiko dengan kontribusi SHAP sekitar 4.1039.
- Frekuensi hubungan buyer-supplier berulang bernilai 3 dan meningkatkan skor risiko dengan kontribusi SHAP sekitar 3.1957.
- Waktu publikasi pada kuartal iv bernilai 0 dan menurunkan skor risiko dengan kontribusi SHAP sekitar 1.7682.",,,,,,,
43,test,54340,priority_mix,0.703847,True,0.052582,0.5,0.5,-0.052582,-0.375573,ocds-20h3g7-4651666,Peningkatan D.I Aeca,2023-06-23 00:00:00+00:00,Pemerintah Daerah Kabupaten Nagekeo,CV. MARDIM,500000000.0,469000000.0,1,2,High Risk,0.447418,0.124427,0.428154,0.447418,0.982343,Risiko Tinggi,model_only,Diturunkan dari triase model: High Risk dengan probabilitas 44.74%.,,,False,f_title_length=4.0359 | f_buyer_supplier_repeat_count=3.0332 | f_is_q4=-1.8183,"Peringkat investigatif paket ini adalah **Risiko Tinggi**.
Diturunkan dari triase model: High Risk dengan probabilitas 44.74%.
Model mengklasifikasikan paket ini sebagai **High Risk** dengan probabilitas 44.74%.
Catatan penting: ini adalah triase risiko, bukan bukti fraud final. Status kritis hanya boleh dinaikkan bila ada bukti resmi yang terhubung.
Faktor yang paling memengaruhi prediksi adalah:
- Panjang judul tender bernilai 20 dan meningkatkan skor risiko dengan kontribusi SHAP sekitar 4.0359.
- Frekuensi hubungan buyer-supplier berulang bernilai 5 dan meningkatkan skor risiko dengan kontribusi SHAP sekitar 3.0332.
- Waktu publikasi pada kuartal iv bernilai 0 dan menurunkan skor risiko dengan kontribusi SHAP sekitar 1.8183.",,,,,,,
44,test,14697,priority_mix,0.703832,True,0.061534,0.5,0.5,-0.061534,-0.345699,ocds-20h3g7-18326035,Pengawasan (supervisi) Pembangunan Graha PMII Kota Samarinda,2023-04-05 00:00:00+00:00,Pemerintah Daerah Provinsi Kalimantan Timur,CV. RISMA NUGRAHA,257446795.5,180781260.0,1,2,High Risk,0.438466,0.154301,0.407234,0.438466,1.015714,Risiko Tinggi,model_only,Diturunkan dari triase model: High Risk dengan probabilitas 43.85%.,,,False,f_supplier_recent_90d_award_count=3.7955 | f_title_length=-3.5934 | f_buyer_supplier_repeat_count=3.5148,"Peringkat investigatif paket ini adalah **Risiko Tinggi**.
Diturunkan dari triase model: High Risk dengan probabilitas 43.85%.
Model mengklasifikasikan paket ini sebagai **High Risk** dengan probabilitas 43.85%.
Catatan penting: ini adalah triase risiko, bukan bukti fraud final. Status kritis hanya boleh dinaikkan bila ada bukti resmi yang terhubung.
Faktor yang paling memengaruhi prediksi adalah:
- F supplier recent 90d award count bernilai 19 dan meningkatkan skor risiko dengan kontribusi SHAP sekitar 3.7955.
- Panjang judul tender bernilai 60 dan menurunkan skor risiko dengan kontribusi SHAP sekitar 3.5934.
- Frekuensi hubungan buyer-supplier berulang bernilai 9 dan meningkatkan skor risiko dengan kontribusi SHAP sekitar 3.5148.",,,,,,,
45,test,15846,priority_mix,0.703418,True,0.047953,0.5,0.5,-0.047953,-0.390101,ocds-20h3g7-4087420,Survey Kondisi Jalan,2023-04-06 00:00:00+00:00,Pemerintah Daerah Kabupaten Humbang Hasundutan,CV. PELITA BUANA,300000000.0,297064860.0,1,2,High Risk,0.452047,0.109899,0.438054,0.452047,0.963165,Risiko Tinggi,model_only,Diturunkan dari triase model: High Risk dengan probabilitas 45.20%.,,,False,f_title_length=3.9387 | f_supplier_recent_90d_award_count=3.2162 | f_buyer_supplier_repeat_count=-1.8433,"Peringkat investigatif paket ini adalah **Risiko Tinggi**.
Diturunkan dari triase model: High Risk dengan probabilitas 45.20%.
Model mengklasifikasikan paket ini sebagai **High Risk** dengan probabilitas 45.20%.
Catatan penting: ini adalah triase risiko, bukan bukti fraud final. Status kritis hanya boleh dinaikkan bila ada bukti resmi yang terhubung.
Faktor yang paling memengaruhi prediksi adalah:
- Panjang judul tender bernilai 20 dan meningkatkan skor risiko dengan kontribusi SHAP sekitar 3.9387.
- F supplier recent 90d award count bernilai 5 dan meningkatkan skor risiko dengan kontribusi SHAP sekitar 3.2162.
- Frekuensi hubungan buyer-supplier berulang bernilai 0 dan menurunkan skor risiko dengan kontribusi SHAP sekitar 1.8433.",,,,,,,
46,test,82096,priority_mix,0.701417,True,0.054495,0.5,0.5,-0.054495,-0.378448,ocds-20h3g7-3153321,Pemeliharaan Stadion,2023-09-12 00:00:00+00:00,Pemerintah Daerah Kabupaten Malinau,Dayak Besar,1955629000.0,1922301000.0,1,2,High Risk,0.445505,0.121552,0.432943,0.445505,0.97881,Risiko Tinggi,model_only,Diturunkan dari triase model: High Risk dengan probabilitas 44.55%.,,,False,f_title_length=4.0610 | f_buyer_supplier_repeat_count=3.1612 | f_is_q4=-1.7529,"Peringkat investigatif paket ini adalah **Risiko Tinggi**.
Diturunkan dari triase model: High Risk dengan probabilitas 44.55%.
Model mengklasifikasikan paket ini sebagai **High Risk** dengan probabilitas 44.55%.
Catatan penting: ini adalah triase risiko, bukan bukti fraud final. Status kritis hanya boleh dinaikkan bila ada bukti resmi yang terhubung.
Faktor yang paling memengaruhi prediksi adalah:
- Panjang judul tender bernilai 20 dan meningkatkan skor risiko dengan kontribusi SHAP sekitar 4.0610.
- Frekuensi hubungan buyer-supplier berulang bernilai 3 dan meningkatkan skor risiko dengan kontribusi SHAP sekitar 3.1612.
- Waktu publikasi pada kuartal iv bernilai 0 dan menurunkan skor risiko dengan kontribusi SHAP sekitar 1.7529.",,,,,,,
47,test,87073,priority_mix,0.701244,True,0.052399,0.5,0.5,-0.052399,-0.384999,ocds-20h3g7-3741133,Rehab Tugu Sukur KTC,2023-10-03 00:00:00+00:00,Pemerintah Daerah Kabupaten Sumbawa Barat,ANUGERAH RISKI SEMESTA,1900000000.0,1842854372.78,1,2,High Risk,0.447601,0.115001,0.437398,0.447601,0.970221,Risiko Tinggi,model_only,Diturunkan dari triase model: High Risk dengan probabilitas 44.76%.,,,False,f_title_length=4.0564 | f_is_q4=2.7962 | f_buyer_supplier_repeat_count=-1.8555,"Peringkat investigatif paket ini adalah **Risiko Tinggi**.
Diturunkan dari triase model: High Risk dengan probabilitas 44.76%.
Model mengklasifikasikan paket ini sebagai **High Risk** dengan probabilitas 44.76%.
Catatan penting: ini adalah triase risiko, bukan bukti fraud final. Status kritis hanya boleh dinaikkan bila ada bukti resmi yang terhubung.
Faktor yang paling memengaruhi prediksi adalah:
- Panjang judul tender bernilai 20 dan meningkatkan skor risiko dengan kontribusi SHAP sekitar 4.0564.
- Waktu publikasi pada kuartal iv bernilai 1 dan meningkatkan skor risiko dengan kontribusi SHAP sekitar 2.7962.
- Frekuensi hubungan buyer-supplier berulang bernilai 1 dan menurunkan skor risiko dengan kontribusi SHAP sekitar 1.8555.",,,,,,,
48,test,26800,priority_mix,0.700848,True,0.05353,0.5,0.5,-0.05353,-0.383148,ocds-20h3g7-15377025,Support Layanan Awan,2023-05-11 00:00:00+00:00,Kementerian Pendidikan dan Kebudayaan,PT Citra Cendikia Solusi,2935997782.17,2899958250.0,1,2,High Risk,0.44647,0.116852,0.436677,0.44647,0.972703,Risiko Tinggi,model_only,Diturunkan dari triase model: High Risk dengan probabilitas 44.65%.,,,False,f_title_length=3.9762 | f_buyer_supplier_repeat_count=3.3548 | f_is_q4=-1.7233,"Peringkat investigatif paket ini adalah **Risiko Tinggi**.
Diturunkan dari triase model: High Risk dengan probabilitas 44.65%.
Model mengklasifikasikan paket ini sebagai **High Risk** dengan probabilitas 44.65%.
Catatan penting: ini adalah triase risiko, bukan bukti fraud final. Status kritis hanya boleh dinaikkan bila ada bukti resmi yang terhubung.
Faktor yang paling memengaruhi prediksi adalah:
- Panjang judul tender bernilai 20 dan meningkatkan skor risiko dengan kontribusi SHAP sekitar 3.9762.
- Frekuensi hubungan buyer-supplier berulang bernilai 3 dan meningkatkan skor risiko dengan kontribusi SHAP sekitar 3.3548.
- Waktu publikasi pada kuartal iv bernilai 0 dan menurunkan skor risiko dengan kontribusi SHAP sekitar 1.7233.",,,,,,,
49,test,797,priority_mix,0.700519,True,0.068273,0.5,0.5,-0.068273,-0.334814,ocds-20h3g7-4820343,Pembangunan Rumah Dinas Jabatan Bupati Kabupaten Oku Selatan,2023-03-13 00:00:00+00:00,Pemerintah Daerah Kabupaten Ogan Komering Ulu Selatan,OSA.CV,7855056000.0,7815953798.63,1,2,High Risk,0.431727,0.165186,0.403087,0.431727,1.026328,Risiko Tinggi,model_only,Diturunkan dari triase model: High Risk dengan probabilitas 43.17%.,,,False,f_title_length=-3.6563 | f_buyer_supplier_repeat_count=3.5403 | f_tender_value_log=3.3989,"Peringkat investigatif paket ini adalah **Risiko Tinggi**.
Diturunkan dari triase model: High Risk dengan probabilitas 43.17%.
Model mengklasifikasikan paket ini sebagai **High Risk** dengan probabilitas 43.17%.
Catatan penting: ini adalah triase risiko, bukan bukti fraud final. Status kritis hanya boleh dinaikkan bila ada bukti resmi yang terhubung.
Faktor yang paling memengaruhi prediksi adalah:
- Panjang judul tender bernilai 60 dan menurunkan skor risiko dengan kontribusi SHAP sekitar 3.6563.
- Frekuensi hubungan buyer-supplier berulang bernilai 2 dan meningkatkan skor risiko dengan kontribusi SHAP sekitar 3.5403.
- Nilai tender bernilai 22.7844 dan meningkatkan skor risiko dengan kontribusi SHAP sekitar 3.3989.",,,,,,,
50,test,85261,priority_mix,0.698517,True,0.06111,0.5,0.5,-0.06111,-0.36884,ocds-20h3g7-25842638,Rehab Barak Pussenif,2023-09-25 00:00:00+00:00,Kementerian Pertahanan,cv. makmur sentosa,3274613000.0,3237702000.0,1,2,High Risk,0.43889,0.13116,0.42995,0.43889,0.990774,Risiko Tinggi,model_only,Diturunkan dari triase model: High Risk dengan probabilitas 43.89%.,,,False,f_title_length=4.0762 | f_buyer_supplier_repeat_count=3.2910 | f_is_q4=-1.7795,"Peringkat investigatif paket ini adalah **Risiko Tinggi**.
Diturunkan dari triase model: High Risk dengan probabilitas 43.89%.
Model mengklasifikasikan paket ini sebagai **High Risk** dengan probabilitas 43.89%.
Catatan penting: ini adalah triase risiko, bukan bukti fraud final. Status kritis hanya boleh dinaikkan bila ada bukti resmi yang terhubung.
Faktor yang paling memengaruhi prediksi adalah:
- Panjang judul tender bernilai 20 dan meningkatkan skor risiko dengan kontribusi SHAP sekitar 4.0762.
- Frekuensi hubungan buyer-supplier berulang bernilai 3 dan meningkatkan skor risiko dengan kontribusi SHAP sekitar 3.2910.
- Waktu publikasi pada kuartal iv bernilai 0 dan menurunkan skor risiko dengan kontribusi SHAP sekitar 1.7795.",,,,,,,
51,test,63152,priority_mix,0.697859,True,0.056133,0.5,0.5,-0.056133,-0.385726,ocds-20h3g7-13986308,Upgrade Link Kom ITS,2023-07-12 00:00:00+00:00,Pemerintah Daerah Kota Medan,ZONA MULTI KREASINDO,2499702000.0,2448974241.0,1,2,High Risk,0.443867,0.114274,0.441859,0.443867,0.969296,Risiko Tinggi,model_only,Diturunkan dari triase model: High Risk dengan probabilitas 44.39%.,,,False,f_title_length=3.8838 | f_supplier_recent_90d_award_count=3.2303 | f_buyer_supplier_repeat_count=-1.8771,"Peringkat investigatif paket ini adalah **Risiko Tinggi**.
Diturunkan dari triase model: High Risk dengan probabilitas 44.39%.
Model mengklasifikasikan paket ini sebagai **High Risk** dengan probabilitas 44.39%.
Catatan penting: ini adalah triase risiko, bukan bukti fraud final. Status kritis hanya boleh dinaikkan bila ada bukti resmi yang terhubung.
Faktor yang paling memengaruhi prediksi adalah:
- Panjang judul tender bernilai 20 dan meningkatkan skor risiko dengan kontribusi SHAP sekitar 3.8838.
- F supplier recent 90d award count bernilai 4 dan meningkatkan skor risiko dengan kontribusi SHAP sekitar 3.2303.
- Frekuensi hubungan buyer-supplier berulang bernilai 0 dan menurunkan skor risiko dengan kontribusi SHAP sekitar 1.8771.",,,,,,,
52,test,62616,priority_mix,0.697204,True,0.059277,0.5,0.5,-0.059277,-0.379023,ocds-20h3g7-2321562,Survey Kondisi Jalan,2023-07-11 00:00:00+00:00,Pemerintah Daerah Kabupaten Sumba Tengah,CV. EL EMUNAH,377000000.0,372160800.0,1,2,High Risk,0.440723,0.120977,0.4383,0.440723,0.978156,Risiko Tinggi,model_only,Diturunkan dari triase model: High Risk dengan probabilitas 44.07%.,,,False,f_title_length=3.9796 | f_buyer_supplier_repeat_count=3.4111 | f_is_q4=-1.7624,"Peringkat investigatif paket ini adalah **Risiko Tinggi**.
Diturunkan dari triase model: High Risk dengan probabilitas 44.07%.
Model mengklasifikasikan paket ini sebagai **High Risk** dengan probabilitas 44.07%.
Catatan penting: ini adalah triase risiko, bukan bukti fraud final. Status kritis hanya boleh dinaikkan bila ada bukti resmi yang terhubung.
Faktor yang paling memengaruhi prediksi adalah:
- Panjang judul tender bernilai 20 dan meningkatkan skor risiko dengan kontribusi SHAP sekitar 3.9796.
- Frekuensi hubungan buyer-supplier berulang bernilai 2 dan meningkatkan skor risiko dengan kontribusi SHAP sekitar 3.4111.
- Waktu publikasi pada kuartal iv bernilai 0 dan menurunkan skor risiko dengan kontribusi SHAP sekitar 1.7624.",,,,,,,
53,test,22513,priority_mix,0.695618,True,0.061167,0.5,0.5,-0.061167,-0.378955,ocds-20h3g7-4270280,Peningkatan jalan Temon - Kacangan (Bankeu),2023-05-03 00:00:00+00:00,LPSE Kabupaten Boyolali,CV. SARANA MAKMUR TERANG,4999645000.0,4879618874.89,2,1,Medium Risk,0.440122,0.121045,0.440122,0.438833,0.978247,Perlu Pantauan,model_only,Diturunkan dari triase model: Medium Risk dengan probabilitas 44.01%.,,,False,f_buyer_supplier_repeat_count=-1.8010 | f_supplier_recent_90d_award_count=1.1348 | f_is_q4=1.0885,"Peringkat investigatif paket ini adalah **Perlu Pantauan**.
Diturunkan dari triase model: Medium Risk dengan probabilitas 44.01%.
Model mengklasifikasikan paket ini sebagai **Medium Risk** dengan probabilitas 44.01%.
Catatan penting: ini adalah triase risiko, bukan bukti fraud final. Status kritis hanya boleh dinaikkan bila ada bukti resmi yang terhubung.
Faktor yang paling memengaruhi prediksi adalah:
- Frekuensi hubungan buyer-supplier berulang bernilai 8 dan menurunkan skor risiko dengan kontribusi SHAP sekitar 1.8010.
- F supplier recent 90d award count bernilai 1 dan meningkatkan skor risiko dengan kontribusi SHAP sekitar 1.1348.
- Waktu publikasi pada kuartal iv bernilai 0 dan meningkatkan skor risiko dengan kontribusi SHAP sekitar 1.0885.",,,,,,,
54,test,79488,priority_mix,0.69496,True,0.066043,0.5,0.5,-0.066043,-0.366523,ocds-20h3g7-21148044,TENDA PANTAU SABHARA,2023-09-01 00:00:00+00:00,Kepolisian Negara Republik Indonesia,PT. BERLIAN KENCANA SEJAHTERA,24981341430.0,24968399940.0,1,2,High Risk,0.433957,0.133477,0.432566,0.433957,0.99357,Risiko Tinggi,model_only,Diturunkan dari triase model: High Risk dengan probabilitas 43.40%.,,,False,f_title_length=3.6172 | f_tender_value_log=3.2289 | f_buyer_supplier_repeat_count=-1.8769,"Peringkat investigatif paket ini adalah **Risiko Tinggi**.
Diturunkan dari triase model: High Risk dengan probabilitas 43.40%.
Model mengklasifikasikan paket ini sebagai **High Risk** dengan probabilitas 43.40%.
Catatan penting: ini adalah triase risiko, bukan bukti fraud final. Status kritis hanya boleh dinaikkan bila ada bukti resmi yang terhubung.
Faktor yang paling memengaruhi prediksi adalah:
- Panjang judul tender bernilai 20 dan meningkatkan skor risiko dengan kontribusi SHAP sekitar 3.6172.
- Nilai tender bernilai 23.9414 dan meningkatkan skor risiko dengan kontribusi SHAP sekitar 3.2289.
- Frekuensi hubungan buyer-supplier berulang bernilai 1 dan menurunkan skor risiko dengan kontribusi SHAP sekitar 1.8769.",,,,,,,
55,test,63388,priority_mix,0.694558,True,0.061045,0.5,0.5,-0.061045,-0.382851,ocds-20h3g7-23073198,Lanjutan Pembangunan bangunan Gedung Daerah,2023-07-13 00:00:00+00:00,Pemerintah Daerah Kabupaten Kutai Kartanegara,CV. MULIA FATMA,5134900000.0,5086600000.0,2,1,Medium Risk,0.443897,0.117149,0.443897,0.438955,0.973137,Perlu Pantauan,model_only,Diturunkan dari triase model: Medium Risk dengan probabilitas 44.39%.,,,False,f_buyer_supplier_repeat_count=-1.7443 | f_supplier_recent_90d_award_count=1.1300 | f_is_q4=1.1155,"Peringkat investigatif paket ini adalah **Perlu Pantauan**.
Diturunkan dari triase model: Medium Risk dengan probabilitas 44.39%.
Model mengklasifikasikan paket ini sebagai **Medium Risk** dengan probabilitas 44.39%.
Catatan penting: ini adalah triase risiko, bukan bukti fraud final. Status kritis hanya boleh dinaikkan bila ada bukti resmi yang terhubung.
Faktor yang paling memengaruhi prediksi adalah:
- Frekuensi hubungan buyer-supplier berulang bernilai 7 dan menurunkan skor risiko dengan kontribusi SHAP sekitar 1.7443.
- F supplier recent 90d award count bernilai 0 dan meningkatkan skor risiko dengan kontribusi SHAP sekitar 1.1300.
- Waktu publikasi pada kuartal iv bernilai 0 dan meningkatkan skor risiko dengan kontribusi SHAP sekitar 1.1155.",,,,,,,
56,test,74508,priority_mix,0.69413,True,0.064636,0.5,0.5,-0.064636,-0.373878,ocds-20h3g7-5627639,Belanja Pemeliharaan Bangunan Gedung-Bangunan Gedung Tempat Tinggal-Asrama,2023-08-15 00:00:00+00:00,Pemerintah Daerah Kabupaten Mimika,CV. AUREL INTAN PERMATA,5026432000.0,4961116355.73,2,1,Medium Risk,0.438514,0.126122,0.438514,0.435364,0.984668,Perlu Pantauan,model_only,Diturunkan dari triase model: Medium Risk dengan probabilitas 43.85%.,,,False,f_supplier_recent_90d_award_count=-1.8572 | f_title_length=1.4759 | f_buyer_supplier_repeat_count=-1.3474,"Peringkat investigatif paket ini adalah **Perlu Pantauan**.
Diturunkan dari triase model: Medium Risk dengan probabilitas 43.85%.
Model mengklasifikasikan paket ini sebagai **Medium Risk** dengan probabilitas 43.85%.
Catatan penting: ini adalah triase risiko, bukan bukti fraud final. Status kritis hanya boleh dinaikkan bila ada bukti resmi yang terhubung.
Faktor yang paling memengaruhi prediksi adalah:
- F supplier recent 90d award count bernilai 3 dan menurunkan skor risiko dengan kontribusi SHAP sekitar 1.8572.
- Panjang judul tender bernilai 74 dan meningkatkan skor risiko dengan kontribusi SHAP sekitar 1.4759.
- Frekuensi hubungan buyer-supplier berulang bernilai 3 dan menurunkan skor risiko dengan kontribusi SHAP sekitar 1.3474.",,,,,,,
57,test,31810,priority_mix,0.692729,True,0.065831,0.5,0.5,-0.065831,-0.375219,ocds-20h3g7-80366014,Rehabilitasi Jaringan Irigasi DI. Sentig (Kab. Sumedang),2023-05-22 00:00:00+00:00,Pemerintah Daerah Provinsi Jawa Barat,MUTIARA KARLINA,5070838936.0,4056671148.8,2,1,Medium Risk,0.44105,0.124781,0.44105,0.434169,0.982972,Perlu Pantauan,model_only,Diturunkan dari triase model: Medium Risk dengan probabilitas 44.10%.,,,False,f_buyer_supplier_repeat_count=-1.7488 | f_supplier_recent_90d_award_count=1.1186 | f_is_q4=1.0312,"Peringkat investigatif paket ini adalah **Perlu Pantauan**.
Diturunkan dari triase model: Medium Risk dengan probabilitas 44.10%.
Model mengklasifikasikan paket ini sebagai **Medium Risk** dengan probabilitas 44.10%.
Catatan penting: ini adalah triase risiko, bukan bukti fraud final. Status kritis hanya boleh dinaikkan bila ada bukti resmi yang terhubung.
Faktor yang paling memengaruhi prediksi adalah:
- Frekuensi hubungan buyer-supplier berulang bernilai 2 dan menurunkan skor risiko dengan kontribusi SHAP sekitar 1.7488.
- F supplier recent 90d award count bernilai 0 dan meningkatkan skor risiko dengan kontribusi SHAP sekitar 1.1186.
- Waktu publikasi pada kuartal iv bernilai 0 dan meningkatkan skor risiko dengan kontribusi SHAP sekitar 1.0312.",,,,,,,
58,test,85224,priority_mix,0.691728,True,0.065867,0.5,0.5,-0.065867,-0.37855,ocds-20h3g7-92615114,Docking Kapal Latih,2023-09-24 00:00:00+00:00,Kementerian Perhubungan,CV.DEKA CIPTA SARANA,2821525850.0,2751604752.0,2,1,Medium Risk,0.444417,0.12145,0.444417,0.434133,0.978708,Perlu Pantauan,model_only,Diturunkan dari triase model: Medium Risk dengan probabilitas 44.44%.,,,False,f_buyer_supplier_repeat_count=-1.7156 | f_title_length=-1.5887 | f_supplier_recent_90d_award_count=1.1014,"Peringkat investigatif paket ini adalah **Perlu Pantauan**.
Diturunkan dari triase model: Medium Risk dengan probabilitas 44.44%.
Model mengklasifikasikan paket ini sebagai **Medium Risk** dengan probabilitas 44.44%.
Catatan penting: ini adalah triase risiko, bukan bukti fraud final. Status kritis hanya boleh dinaikkan bila ada bukti resmi yang terhubung.
Faktor yang paling memengaruhi prediksi adalah:
- Frekuensi hubungan buyer-supplier berulang bernilai 2 dan menurunkan skor risiko dengan kontribusi SHAP sekitar 1.7156.
- Panjang judul tender bernilai 19 dan menurunkan skor risiko dengan kontribusi SHAP sekitar 1.5887.
- F supplier recent 90d award count bernilai 0 dan meningkatkan skor risiko dengan kontribusi SHAP sekitar 1.1014.",,,,,,,
59,test,63193,priority_mix,0.690105,True,0.069168,0.5,0.5,-0.069168,-0.37442,ocds-20h3g7-3424493,Peningkatan Jalan Ciwandan - Cibomo (BANPROV),2023-07-12 00:00:00+00:00,Pemerintah Daerah Kota Serang,CV. WIRASANTIKA,5000000000.0,4992000000.0,2,1,Medium Risk,0.443587,0.12558,0.443587,0.430832,0.983907,Perlu Pantauan,model_only,Diturunkan dari triase model: Medium Risk dengan probabilitas 44.36%.,,,False,f_buyer_supplier_repeat_count=-1.7272 | f_supplier_recent_90d_award_count=1.1298 | f_is_q4=1.0511,"Peringkat investigatif paket ini adalah **Perlu Pantauan**.
Diturunkan dari triase model: Medium Risk dengan probabilitas 44.36%.
Model mengklasifikasikan paket ini sebagai **Medium Risk** dengan probabilitas 44.36%.
Catatan penting: ini adalah triase risiko, bukan bukti fraud final. Status kritis hanya boleh dinaikkan bila ada bukti resmi yang terhubung.
Faktor yang paling memengaruhi prediksi adalah:
- Frekuensi hubungan buyer-supplier berulang bernilai 3 dan menurunkan skor risiko dengan kontribusi SHAP sekitar 1.7272.
- F supplier recent 90d award count bernilai 0 dan meningkatkan skor risiko dengan kontribusi SHAP sekitar 1.1298.
- Waktu publikasi pada kuartal iv bernilai 0 dan meningkatkan skor risiko dengan kontribusi SHAP sekitar 1.0511.",,,,,,,
60,test,13450,priority_mix,0.689281,True,0.067536,0.5,0.5,-0.067536,-0.381942,ocds-20h3g7-38057011,Paket Pengadaan Marine dan Tactical PPE,2023-04-03 00:00:00+00:00,Kementerian Keuangan,CV.Sedaya Handali Pratama,5039713020.0,5037413100.0,2,1,Medium Risk,0.449477,0.118058,0.449477,0.432464,0.974189,Perlu Pantauan,model_only,Diturunkan dari triase model: Medium Risk dengan probabilitas 44.95%.,,,False,f_buyer_supplier_repeat_count=-1.7118 | f_supplier_recent_90d_award_count=1.1184 | f_is_q4=1.1118,"Peringkat investigatif paket ini adalah **Perlu Pantauan**.
Diturunkan dari triase model: Medium Risk dengan probabilitas 44.95%.
Model mengklasifikasikan paket ini sebagai **Medium Risk** dengan probabilitas 44.95%.
Catatan penting: ini adalah triase risiko, bukan bukti fraud final. Status kritis hanya boleh dinaikkan bila ada bukti resmi yang terhubung.
Faktor yang paling memengaruhi prediksi adalah:
- Frekuensi hubungan buyer-supplier berulang bernilai 3 dan menurunkan skor risiko dengan kontribusi SHAP sekitar 1.7118.
- F supplier recent 90d award count bernilai 1 dan meningkatkan skor risiko dengan kontribusi SHAP sekitar 1.1184.
- Waktu publikasi pada kuartal iv bernilai 0 dan meningkatkan skor risiko dengan kontribusi SHAP sekitar 1.1118.",,,,,,,
61,test,67987,priority_mix,0.6877,True,0.069487,0.5,0.5,-0.069487,-0.381624,ocds-20h3g7-15108103,Pemeliharaan Berkala Jalan Angkatan 45 (Palembang),2023-07-26 00:00:00+00:00,Pemerintah Daerah Provinsi Sumatera Selatan,CV. Karya Inti Konstruksi,5146000000.0,5110934853.61,2,1,Medium Risk,0.451111,0.118376,0.451111,0.430513,0.974531,Perlu Pantauan,model_only,Diturunkan dari triase model: Medium Risk dengan probabilitas 45.11%.,,,False,f_buyer_supplier_repeat_count=-1.7763 | f_supplier_recent_90d_award_count=1.0705 | f_is_q4=1.0555,"Peringkat investigatif paket ini adalah **Perlu Pantauan**.
Diturunkan dari triase model: Medium Risk dengan probabilitas 45.11%.
Model mengklasifikasikan paket ini sebagai **Medium Risk** dengan probabilitas 45.11%.
Catatan penting: ini adalah triase risiko, bukan bukti fraud final. Status kritis hanya boleh dinaikkan bila ada bukti resmi yang terhubung.
Faktor yang paling memengaruhi prediksi adalah:
- Frekuensi hubungan buyer-supplier berulang bernilai 2 dan menurunkan skor risiko dengan kontribusi SHAP sekitar 1.7763.
- F supplier recent 90d award count bernilai 1 dan meningkatkan skor risiko dengan kontribusi SHAP sekitar 1.0705.
- Waktu publikasi pada kuartal iv bernilai 0 dan meningkatkan skor risiko dengan kontribusi SHAP sekitar 1.0555.",,,,,,,
62,test,85830,priority_mix,0.686148,True,0.074498,0.5,0.5,-0.074498,-0.372249,ocds-20h3g7-2192722,Pembangunan Jalan Tanah Ke Sirtu Kota Maba,2023-09-27 00:00:00+00:00,Pemerintah Daerah Kabupaten Halmahera Timur,CV. Genarika Contractor,4799995909.73,4765667000.0,2,1,Medium Risk,0.446747,0.127751,0.446747,0.425502,0.986427,Perlu Pantauan,model_only,Diturunkan dari triase model: Medium Risk dengan probabilitas 44.67%.,,,False,f_buyer_supplier_repeat_count=-1.7139 | f_supplier_recent_90d_award_count=1.2146 | f_is_q4=1.0844,"Peringkat investigatif paket ini adalah **Perlu Pantauan**.
Diturunkan dari triase model: Medium Risk dengan probabilitas 44.67%.
Model mengklasifikasikan paket ini sebagai **Medium Risk** dengan probabilitas 44.67%.
Catatan penting: ini adalah triase risiko, bukan bukti fraud final. Status kritis hanya boleh dinaikkan bila ada bukti resmi yang terhubung.
Faktor yang paling memengaruhi prediksi adalah:
- Frekuensi hubungan buyer-supplier berulang bernilai 6 dan menurunkan skor risiko dengan kontribusi SHAP sekitar 1.7139.
- F supplier recent 90d award count bernilai 1 dan meningkatkan skor risiko dengan kontribusi SHAP sekitar 1.2146.
- Waktu publikasi pada kuartal iv bernilai 0 dan meningkatkan skor risiko dengan kontribusi SHAP sekitar 1.0844.",,,,,,,
63,test,17216,priority_mix,0.684913,True,0.07286,0.5,0.5,-0.07286,-0.381224,ocds-20h3g7-4249280,Peningkatan Jalan Ngaren - Wonoharjo (Bankeu),2023-04-11 00:00:00+00:00,LPSE Kabupaten Boyolali,CV. NIRWANA,4999800000.0,4870563247.49,2,1,Medium Risk,0.454085,0.118776,0.454085,0.42714,0.974885,Perlu Pantauan,model_only,Diturunkan dari triase model: Medium Risk dengan probabilitas 45.41%.,,,False,f_buyer_supplier_repeat_count=-1.7076 | f_supplier_recent_90d_award_count=1.1284 | f_is_q4=1.1218,"Peringkat investigatif paket ini adalah **Perlu Pantauan**.
Diturunkan dari triase model: Medium Risk dengan probabilitas 45.41%.
Model mengklasifikasikan paket ini sebagai **Medium Risk** dengan probabilitas 45.41%.
Catatan penting: ini adalah triase risiko, bukan bukti fraud final. Status kritis hanya boleh dinaikkan bila ada bukti resmi yang terhubung.
Faktor yang paling memengaruhi prediksi adalah:
- Frekuensi hubungan buyer-supplier berulang bernilai 5 dan menurunkan skor risiko dengan kontribusi SHAP sekitar 1.7076.
- F supplier recent 90d award count bernilai 0 dan meningkatkan skor risiko dengan kontribusi SHAP sekitar 1.1284.
- Waktu publikasi pada kuartal iv bernilai 0 dan meningkatkan skor risiko dengan kontribusi SHAP sekitar 1.1218.",,,,,,,
64,test,50180,priority_mix,0.683897,True,0.076212,0.5,0.5,-0.076212,-0.374929,ocds-20h3g7-5515588,Pembangunan Pagar Rumah Pahlawan  Nanggala-402,2023-06-16 00:00:00+00:00,Kementerian Pertahanan,PT DWI SAHABAT INDONESIA,5000000000.0,4984640000.0,2,1,Medium Risk,0.451141,0.125071,0.451141,0.423788,0.982935,Perlu Pantauan,model_only,Diturunkan dari triase model: Medium Risk dengan probabilitas 45.11%.,,,False,f_buyer_supplier_repeat_count=-1.8475 | f_is_q4=1.1450 | f_supplier_recent_90d_award_count=1.1345,"Peringkat investigatif paket ini adalah **Perlu Pantauan**.
Diturunkan dari triase model: Medium Risk dengan probabilitas 45.11%.
Model mengklasifikasikan paket ini sebagai **Medium Risk** dengan probabilitas 45.11%.
Catatan penting: ini adalah triase risiko, bukan bukti fraud final. Status kritis hanya boleh dinaikkan bila ada bukti resmi yang terhubung.
Faktor yang paling memengaruhi prediksi adalah:
- Frekuensi hubungan buyer-supplier berulang bernilai 10 dan menurunkan skor risiko dengan kontribusi SHAP sekitar 1.8475.
- Waktu publikasi pada kuartal iv bernilai 0 dan meningkatkan skor risiko dengan kontribusi SHAP sekitar 1.1450.
- F supplier recent 90d award count bernilai 1 dan meningkatkan skor risiko dengan kontribusi SHAP sekitar 1.1345.",,,,,,,
65,test,32783,priority_mix,0.681832,True,0.078339,0.5,0.5,-0.078339,-0.37569,ocds-20h3g7-9382161,Peningkatan Jalan KM.8 Desa Buluh Apo,2023-05-23 00:00:00+00:00,Pemerintah Daerah Kabupaten Bengkalis,CV. AL WANTIKA,4999630562.0,4874485484.14,2,1,Medium Risk,0.454029,0.12431,0.454029,0.421661,0.981809,Perlu Pantauan,model_only,Diturunkan dari triase model: Medium Risk dengan probabilitas 45.40%.,,,False,f_buyer_supplier_repeat_count=-1.6870 | f_supplier_recent_90d_award_count=1.1249 | f_is_q4=1.1018,"Peringkat investigatif paket ini adalah **Perlu Pantauan**.
Diturunkan dari triase model: Medium Risk dengan probabilitas 45.40%.
Model mengklasifikasikan paket ini sebagai **Medium Risk** dengan probabilitas 45.40%.
Catatan penting: ini adalah triase risiko, bukan bukti fraud final. Status kritis hanya boleh dinaikkan bila ada bukti resmi yang terhubung.
Faktor yang paling memengaruhi prediksi adalah:
- Frekuensi hubungan buyer-supplier berulang bernilai 4 dan menurunkan skor risiko dengan kontribusi SHAP sekitar 1.6870.
- F supplier recent 90d award count bernilai 1 dan meningkatkan skor risiko dengan kontribusi SHAP sekitar 1.1249.
- Waktu publikasi pada kuartal iv bernilai 0 dan meningkatkan skor risiko dengan kontribusi SHAP sekitar 1.1018.",,,,,,,
66,test,52666,priority_mix,0.680938,True,0.078961,0.5,0.5,-0.078961,-0.376886,ocds-20h3g7-2532056,Peningkatan Jalan Mauya-Binuang Santang,2023-06-21 00:00:00+00:00,Pemerintah Daerah Kabupaten Balangan,CV. SERA MANDIRI,4999948000.0,4696082196.27,2,1,Medium Risk,0.455847,0.123114,0.455847,0.421039,0.980204,Perlu Pantauan,model_only,Diturunkan dari triase model: Medium Risk dengan probabilitas 45.58%.,,,False,f_buyer_supplier_repeat_count=-1.6873 | f_supplier_recent_90d_award_count=1.1629 | f_is_q4=1.0705,"Peringkat investigatif paket ini adalah **Perlu Pantauan**.
Diturunkan dari triase model: Medium Risk dengan probabilitas 45.58%.
Model mengklasifikasikan paket ini sebagai **Medium Risk** dengan probabilitas 45.58%.
Catatan penting: ini adalah triase risiko, bukan bukti fraud final. Status kritis hanya boleh dinaikkan bila ada bukti resmi yang terhubung.
Faktor yang paling memengaruhi prediksi adalah:
- Frekuensi hubungan buyer-supplier berulang bernilai 3 dan menurunkan skor risiko dengan kontribusi SHAP sekitar 1.6873.
- F supplier recent 90d award count bernilai 0 dan meningkatkan skor risiko dengan kontribusi SHAP sekitar 1.1629.
- Waktu publikasi pada kuartal iv bernilai 0 dan meningkatkan skor risiko dengan kontribusi SHAP sekitar 1.0705.",,,,,,,
67,test,31069,priority_mix,0.680135,True,0.082281,0.5,0.5,-0.082281,-0.36973,ocds-20h3g7-29694244,Pembangunan gedung BKPP Kabupaten Bojonegoro,2023-05-19 00:00:00+00:00,Pemerintah Daerah Kabupaten Bojonegoro,PT. HUSADA KARYA ENGINEERING,5037608155.0,4118505531.84,2,1,Medium Risk,0.452011,0.13027,0.452011,0.417719,0.989074,Perlu Pantauan,model_only,Diturunkan dari triase model: Medium Risk dengan probabilitas 45.20%.,,,False,f_buyer_supplier_repeat_count=-1.7523 | f_supplier_recent_90d_award_count=1.1364 | f_is_q4=1.1074,"Peringkat investigatif paket ini adalah **Perlu Pantauan**.
Diturunkan dari triase model: Medium Risk dengan probabilitas 45.20%.
Model mengklasifikasikan paket ini sebagai **Medium Risk** dengan probabilitas 45.20%.
Catatan penting: ini adalah triase risiko, bukan bukti fraud final. Status kritis hanya boleh dinaikkan bila ada bukti resmi yang terhubung.
Faktor yang paling memengaruhi prediksi adalah:
- Frekuensi hubungan buyer-supplier berulang bernilai 2 dan menurunkan skor risiko dengan kontribusi SHAP sekitar 1.7523.
- F supplier recent 90d award count bernilai 0 dan meningkatkan skor risiko dengan kontribusi SHAP sekitar 1.1364.
- Waktu publikasi pada kuartal iv bernilai 0 dan meningkatkan skor risiko dengan kontribusi SHAP sekitar 1.1074.",,,,,,,
68,test,82225,priority_mix,0.679819,True,0.079962,0.5,0.5,-0.079962,-0.37772,ocds-20h3g7-9643290,Overlay Jalan Kabupaten Paket II,2023-09-12 00:00:00+00:00,Pemerintah Daerah Kabupaten Tanjung Jabung Barat,Cv. Rizky Putri Mandiri,4999860000.0,4973951996.15,2,1,Medium Risk,0.457682,0.12228,0.457682,0.420038,0.979025,Perlu Pantauan,model_only,Diturunkan dari triase model: Medium Risk dengan probabilitas 45.77%.,,,False,f_buyer_supplier_repeat_count=-1.7610 | f_supplier_recent_90d_award_count=1.1332 | f_is_q4=1.0403,"Peringkat investigatif paket ini adalah **Perlu Pantauan**.
Diturunkan dari triase model: Medium Risk dengan probabilitas 45.77%.
Model mengklasifikasikan paket ini sebagai **Medium Risk** dengan probabilitas 45.77%.
Catatan penting: ini adalah triase risiko, bukan bukti fraud final. Status kritis hanya boleh dinaikkan bila ada bukti resmi yang terhubung.
Faktor yang paling memengaruhi prediksi adalah:
- Frekuensi hubungan buyer-supplier berulang bernilai 5 dan menurunkan skor risiko dengan kontribusi SHAP sekitar 1.7610.
- F supplier recent 90d award count bernilai 2 dan meningkatkan skor risiko dengan kontribusi SHAP sekitar 1.1332.
- Waktu publikasi pada kuartal iv bernilai 0 dan meningkatkan skor risiko dengan kontribusi SHAP sekitar 1.0403.",,,,,,,
69,test,56341,priority_mix,0.676161,True,0.087592,0.5,0.5,-0.087592,-0.367431,ocds-20h3g7-4000673,Pembangunan Penataan Pedagang Kuliner Kawasan Potong Lembu,2023-06-27 00:00:00+00:00,Pemerintah Daerah Kota Tanjung Pinang,CV. STANDARD SUKSES ABADI,2997381000.0,2972183893.85,2,1,Medium Risk,0.455024,0.132569,0.455024,0.412408,0.991451,Perlu Pantauan,model_only,Diturunkan dari triase model: Medium Risk dengan probabilitas 45.50%.,,,False,f_buyer_supplier_repeat_count=-1.7417 | f_supplier_recent_90d_award_count=1.2005 | f_is_q4=1.1476,"Peringkat investigatif paket ini adalah **Perlu Pantauan**.
Diturunkan dari triase model: Medium Risk dengan probabilitas 45.50%.
Model mengklasifikasikan paket ini sebagai **Medium Risk** dengan probabilitas 45.50%.
Catatan penting: ini adalah triase risiko, bukan bukti fraud final. Status kritis hanya boleh dinaikkan bila ada bukti resmi yang terhubung.
Faktor yang paling memengaruhi prediksi adalah:
- Frekuensi hubungan buyer-supplier berulang bernilai 3 dan menurunkan skor risiko dengan kontribusi SHAP sekitar 1.7417.
- F supplier recent 90d award count bernilai 0 dan meningkatkan skor risiko dengan kontribusi SHAP sekitar 1.2005.
- Waktu publikasi pada kuartal iv bernilai 0 dan meningkatkan skor risiko dengan kontribusi SHAP sekitar 1.1476.",,,,,,,
70,test,35534,priority_mix,0.675871,True,0.082247,0.5,0.5,-0.082247,-0.384057,ocds-20h3g7-5389021,Pembangunan Kantor Kemantren Gondomanan,2023-05-26 00:00:00+00:00,Pemerintah Daerah Kota Yogyakarta,CV PUTERA SUPARDI,4999997592.0,3949900000.0,2,1,Medium Risk,0.466304,0.115943,0.466304,0.417753,0.970211,Perlu Pantauan,model_only,Diturunkan dari triase model: Medium Risk dengan probabilitas 46.63%.,,,False,f_buyer_supplier_repeat_count=-1.6982 | f_supplier_recent_90d_award_count=1.2205 | f_is_q4=1.0930,"Peringkat investigatif paket ini adalah **Perlu Pantauan**.
Diturunkan dari triase model: Medium Risk dengan probabilitas 46.63%.
Model mengklasifikasikan paket ini sebagai **Medium Risk** dengan probabilitas 46.63%.
Catatan penting: ini adalah triase risiko, bukan bukti fraud final. Status kritis hanya boleh dinaikkan bila ada bukti resmi yang terhubung.
Faktor yang paling memengaruhi prediksi adalah:
- Frekuensi hubungan buyer-supplier berulang bernilai 3 dan menurunkan skor risiko dengan kontribusi SHAP sekitar 1.6982.
- F supplier recent 90d award count bernilai 0 dan meningkatkan skor risiko dengan kontribusi SHAP sekitar 1.2205.
- Waktu publikasi pada kuartal iv bernilai 0 dan meningkatkan skor risiko dengan kontribusi SHAP sekitar 1.0930.",,,,,,,
71,test,21527,priority_mix,0.675512,True,0.083509,0.5,0.5,-0.083509,-0.381682,ocds-20h3g7-5577474,Pengaspalan Jalan AC BC Paket 10 Ruas Tanggetada - Petudua,2023-04-28 00:00:00+00:00,LPSE Kabupaten Kolaka,CV. JAYA BETON,5059500000.0,5032191371.98,2,1,Medium Risk,0.465191,0.118318,0.465191,0.416491,0.97335,Perlu Pantauan,model_only,Diturunkan dari triase model: Medium Risk dengan probabilitas 46.52%.,,,False,f_buyer_supplier_repeat_count=-1.6083 | f_is_q4=1.1145 | f_supplier_recent_90d_award_count=1.1096,"Peringkat investigatif paket ini adalah **Perlu Pantauan**.
Diturunkan dari triase model: Medium Risk dengan probabilitas 46.52%.
Model mengklasifikasikan paket ini sebagai **Medium Risk** dengan probabilitas 46.52%.
Catatan penting: ini adalah triase risiko, bukan bukti fraud final. Status kritis hanya boleh dinaikkan bila ada bukti resmi yang terhubung.
Faktor yang paling memengaruhi prediksi adalah:
- Frekuensi hubungan buyer-supplier berulang bernilai 7 dan menurunkan skor risiko dengan kontribusi SHAP sekitar 1.6083.
- Waktu publikasi pada kuartal iv bernilai 0 dan meningkatkan skor risiko dengan kontribusi SHAP sekitar 1.1145.
- F supplier recent 90d award count bernilai 1 dan meningkatkan skor risiko dengan kontribusi SHAP sekitar 1.1096.",,,,,,,
72,test,52674,priority_mix,0.675405,True,0.086753,0.5,0.5,-0.086753,-0.37263,ocds-20h3g7-2533056,Peningkatan Jalan Palajau - Kedondong,2023-06-21 00:00:00+00:00,Pemerintah Daerah Kabupaten Balangan,CV. Adr Adzikra,4999819000.0,3999855200.0,2,1,Medium Risk,0.459383,0.12737,0.459383,0.413247,0.984997,Perlu Pantauan,model_only,Diturunkan dari triase model: Medium Risk dengan probabilitas 45.94%.,,,False,f_buyer_supplier_repeat_count=-1.7976 | f_supplier_recent_90d_award_count=1.1249 | f_is_q4=1.0604,"Peringkat investigatif paket ini adalah **Perlu Pantauan**.
Diturunkan dari triase model: Medium Risk dengan probabilitas 45.94%.
Model mengklasifikasikan paket ini sebagai **Medium Risk** dengan probabilitas 45.94%.
Catatan penting: ini adalah triase risiko, bukan bukti fraud final. Status kritis hanya boleh dinaikkan bila ada bukti resmi yang terhubung.
Faktor yang paling memengaruhi prediksi adalah:
- Frekuensi hubungan buyer-supplier berulang bernilai 3 dan menurunkan skor risiko dengan kontribusi SHAP sekitar 1.7976.
- F supplier recent 90d award count bernilai 0 dan meningkatkan skor risiko dengan kontribusi SHAP sekitar 1.1249.
- Waktu publikasi pada kuartal iv bernilai 0 dan meningkatkan skor risiko dengan kontribusi SHAP sekitar 1.0604.",,,,,,,
73,test,26537,priority_mix,0.675258,True,0.086431,0.5,0.5,-0.086431,-0.374095,ocds-20h3g7-14848103,Pemeliharaan Berkala Jalan Lingkungan Kantor,2023-05-10 00:00:00+00:00,Pemerintah Daerah Provinsi Sumatera Selatan,CV. TRIKARYA NUSA KONSTRUKSI,5000000000.0,4977143668.91,2,1,Medium Risk,0.460525,0.125905,0.460525,0.413569,0.983142,Perlu Pantauan,model_only,Diturunkan dari triase model: Medium Risk dengan probabilitas 46.05%.,,,False,f_buyer_supplier_repeat_count=-1.7110 | f_supplier_recent_90d_award_count=1.1405 | f_is_q4=1.0671,"Peringkat investigatif paket ini adalah **Perlu Pantauan**.
Diturunkan dari triase model: Medium Risk dengan probabilitas 46.05%.
Model mengklasifikasikan paket ini sebagai **Medium Risk** dengan probabilitas 46.05%.
Catatan penting: ini adalah triase risiko, bukan bukti fraud final. Status kritis hanya boleh dinaikkan bila ada bukti resmi yang terhubung.
Faktor yang paling memengaruhi prediksi adalah:
- Frekuensi hubungan buyer-supplier berulang bernilai 4 dan menurunkan skor risiko dengan kontribusi SHAP sekitar 1.7110.
- F supplier recent 90d award count bernilai 0 dan meningkatkan skor risiko dengan kontribusi SHAP sekitar 1.1405.
- Waktu publikasi pada kuartal iv bernilai 0 dan meningkatkan skor risiko dengan kontribusi SHAP sekitar 1.0671.",,,,,,,
74,test,91602,priority_mix,0.675199,True,0.090015,0.5,0.5,-0.090015,-0.363268,ocds-20h3g7-13333176,Rekonstruksi Jalan Sungai Bengkuang - Sido Mulyo - Semanggang,2023-10-27 00:00:00+00:00,Pemerintah Daerah Kabupaten Kotawaringin Barat,CV.CITRA ABADI JAYA,5050000000.0,4980348000.0,2,1,Medium Risk,0.453283,0.136732,0.453283,0.409985,0.996272,Perlu Pantauan,model_only,Diturunkan dari triase model: Medium Risk dengan probabilitas 45.33%.,,,False,f_buyer_supplier_repeat_count=-1.3773 | f_title_length=1.3428 | f_is_q4=-1.2309,"Peringkat investigatif paket ini adalah **Perlu Pantauan**.
Diturunkan dari triase model: Medium Risk dengan probabilitas 45.33%.
Model mengklasifikasikan paket ini sebagai **Medium Risk** dengan probabilitas 45.33%.
Catatan penting: ini adalah triase risiko, bukan bukti fraud final. Status kritis hanya boleh dinaikkan bila ada bukti resmi yang terhubung.
Faktor yang paling memengaruhi prediksi adalah:
- Frekuensi hubungan buyer-supplier berulang bernilai 5 dan menurunkan skor risiko dengan kontribusi SHAP sekitar 1.3773.
- Panjang judul tender bernilai 61 dan meningkatkan skor risiko dengan kontribusi SHAP sekitar 1.3428.
- Waktu publikasi pada kuartal iv bernilai 1 dan menurunkan skor risiko dengan kontribusi SHAP sekitar 1.2309.",,,,,,,
75,test,37961,priority_mix,0.675029,True,0.091309,0.5,0.5,-0.091309,-0.359703,ocds-20h3g7-2841238,Pembangunan Puskesmas Perawatan Sebelat;,2023-05-31 00:00:00+00:00,Pemerintah Daerah Kabupaten Bengkulu Utara,CV.DELFIESTA PRATAMA,4049996762.19,4010036233.63,2,1,Medium Risk,0.451012,0.140297,0.451012,0.408691,1.000361,Perlu Pantauan,model_only,Diturunkan dari triase model: Medium Risk dengan probabilitas 45.10%.,,,False,f_buyer_supplier_repeat_count=-1.9047 | f_supplier_recent_90d_award_count=1.1783 | f_is_q4=1.0525,"Peringkat investigatif paket ini adalah **Perlu Pantauan**.
Diturunkan dari triase model: Medium Risk dengan probabilitas 45.10%.
Model mengklasifikasikan paket ini sebagai **Medium Risk** dengan probabilitas 45.10%.
Catatan penting: ini adalah triase risiko, bukan bukti fraud final. Status kritis hanya boleh dinaikkan bila ada bukti resmi yang terhubung.
Faktor yang paling memengaruhi prediksi adalah:
- Frekuensi hubungan buyer-supplier berulang bernilai 5 dan menurunkan skor risiko dengan kontribusi SHAP sekitar 1.9047.
- F supplier recent 90d award count bernilai 1 dan meningkatkan skor risiko dengan kontribusi SHAP sekitar 1.1783.
- Waktu publikasi pada kuartal iv bernilai 0 dan meningkatkan skor risiko dengan kontribusi SHAP sekitar 1.0525.",,,,,,,
76,test,42894,priority_mix,0.674815,True,0.094284,0.5,0.5,-0.094284,-0.350437,ocds-20h3g7-20651039,Rehabilitasi Daerah Irigasi Rawa (DIR) Melai,2023-06-08 00:00:00+00:00,Pemerintah Daerah Provinsi Riau,CV. TRENGGALEK JAYA MANDIRI,750000000.0,525000000.0,2,1,Medium Risk,0.444722,0.149563,0.444722,0.405716,1.010533,Perlu Pantauan,model_only,Diturunkan dari triase model: Medium Risk dengan probabilitas 44.47%.,,,False,f_supplier_recent_90d_award_count=-2.4072 | f_buyer_supplier_repeat_count=1.2764 | f_price_deviation_ratio=-1.2412,"Peringkat investigatif paket ini adalah **Perlu Pantauan**.
Diturunkan dari triase model: Medium Risk dengan probabilitas 44.47%.
Model mengklasifikasikan paket ini sebagai **Medium Risk** dengan probabilitas 44.47%.
Catatan penting: ini adalah triase risiko, bukan bukti fraud final. Status kritis hanya boleh dinaikkan bila ada bukti resmi yang terhubung.
Faktor yang paling memengaruhi prediksi adalah:
- F supplier recent 90d award count bernilai 6 dan menurunkan skor risiko dengan kontribusi SHAP sekitar 2.4072.
- Frekuensi hubungan buyer-supplier berulang bernilai 1 dan meningkatkan skor risiko dengan kontribusi SHAP sekitar 1.2764.
- Rasio deviasi harga terhadap nilai tender bernilai 0.7 dan menurunkan skor risiko dengan kontribusi SHAP sekitar 1.2412.",,,,,,,
77,test,29946,priority_mix,0.674484,True,0.088933,0.5,0.5,-0.088933,-0.36922,ocds-20h3g7-24545066,Pembangunan Sarana dan Prasarana Olahraga Kec.Periuk,2023-05-17 00:00:00+00:00,Pemerintah Daerah Kota Tangerang,CV. Betas,4999802000.0,4322493847.2,2,1,Medium Risk,0.458153,0.13078,0.458153,0.411067,0.989088,Perlu Pantauan,model_only,Diturunkan dari triase model: Medium Risk dengan probabilitas 45.82%.,,,False,f_buyer_supplier_repeat_count=-1.8109 | f_supplier_recent_90d_award_count=1.0644 | f_is_q4=1.0375,"Peringkat investigatif paket ini adalah **Perlu Pantauan**.
Diturunkan dari triase model: Medium Risk dengan probabilitas 45.82%.
Model mengklasifikasikan paket ini sebagai **Medium Risk** dengan probabilitas 45.82%.
Catatan penting: ini adalah triase risiko, bukan bukti fraud final. Status kritis hanya boleh dinaikkan bila ada bukti resmi yang terhubung.
Faktor yang paling memengaruhi prediksi adalah:
- Frekuensi hubungan buyer-supplier berulang bernilai 2 dan menurunkan skor risiko dengan kontribusi SHAP sekitar 1.8109.
- F supplier recent 90d award count bernilai 1 dan meningkatkan skor risiko dengan kontribusi SHAP sekitar 1.0644.
- Waktu publikasi pada kuartal iv bernilai 0 dan meningkatkan skor risiko dengan kontribusi SHAP sekitar 1.0375.",,,,,,,
78,test,23578,priority_mix,0.674153,True,0.093914,0.5,0.5,-0.093914,-0.354347,ocds-20h3g7-13303361,"Penanganan Long Segmen (Pemeliharaan Rutin, Pemeliharaan Berkala, Peningkatan/Rekonstruksi) Jalan Ruas Togorebatua - Tolabit",2023-05-05 00:00:00+00:00,Pemerintah Daerah Provinsi Maluku Utara,CV. BIRINOA PERKASA,14364155488.0,14024212210.95,2,1,Medium Risk,0.44826,0.145653,0.44826,0.406086,1.006241,Perlu Pantauan,model_only,Diturunkan dari triase model: Medium Risk dengan probabilitas 44.83%.,,,False,f_title_length=1.3572 | f_buyer_supplier_repeat_count=-1.2855 | f_tender_value_log=-1.1045,"Peringkat investigatif paket ini adalah **Perlu Pantauan**.
Diturunkan dari triase model: Medium Risk dengan probabilitas 44.83%.
Model mengklasifikasikan paket ini sebagai **Medium Risk** dengan probabilitas 44.83%.
Catatan penting: ini adalah triase risiko, bukan bukti fraud final. Status kritis hanya boleh dinaikkan bila ada bukti resmi yang terhubung.
Faktor yang paling memengaruhi prediksi adalah:
- Panjang judul tender bernilai 124 dan meningkatkan skor risiko dengan kontribusi SHAP sekitar 1.3572.
- Frekuensi hubungan buyer-supplier berulang bernilai 3 dan menurunkan skor risiko dengan kontribusi SHAP sekitar 1.2855.
- Nilai tender bernilai 23.388 dan menurunkan skor risiko dengan kontribusi SHAP sekitar 1.1045.",,,,,,,
79,test,42467,priority_mix,0.673819,True,0.094703,0.5,0.5,-0.094703,-0.352954,ocds-20h3g7-5498694,Peningkatan Jalan Desa Strategis Ruas Jalan Poros Desa Way Samet (DAK Penugasan),2023-06-07 00:00:00+00:00,Pemerintah Daerah Kabupaten Seram Bagian Timur,CV Lendy Pratama,5147625001.0,5031640257.15,2,1,Medium Risk,0.447658,0.147046,0.447658,0.405297,1.007721,Perlu Pantauan,model_only,Diturunkan dari triase model: Medium Risk dengan probabilitas 44.77%.,,,False,f_tender_value_zscore_buyer=-1.8833 | f_buyer_supplier_repeat_count=-1.5196 | f_title_length=1.2423,"Peringkat investigatif paket ini adalah **Perlu Pantauan**.
Diturunkan dari triase model: Medium Risk dengan probabilitas 44.77%.
Model mengklasifikasikan paket ini sebagai **Medium Risk** dengan probabilitas 44.77%.
Catatan penting: ini adalah triase risiko, bukan bukti fraud final. Status kritis hanya boleh dinaikkan bila ada bukti resmi yang terhubung.
Faktor yang paling memengaruhi prediksi adalah:
- F tender value zscore buyer bernilai 2.0798 dan menurunkan skor risiko dengan kontribusi SHAP sekitar 1.8833.
- Frekuensi hubungan buyer-supplier berulang bernilai 3 dan menurunkan skor risiko dengan kontribusi SHAP sekitar 1.5196.
- Panjang judul tender bernilai 80 dan meningkatkan skor risiko dengan kontribusi SHAP sekitar 1.2423.",,,,,,,
80,test,78914,priority_mix,0.673222,True,0.089583,0.5,0.5,-0.089583,-0.371624,ocds-20h3g7-3857675,Peningkatan Jalan Lingkar Danau Raya Kecamatan Rupit,2023-08-31 00:00:00+00:00,Pemerintah Daerah Kabupaten Musi Rawas Utara,CV. EVAN KARYA,4999997855.02,4997460961.85,2,1,Medium Risk,0.461207,0.128376,0.461207,0.410417,0.98597,Perlu Pantauan,model_only,Diturunkan dari triase model: Medium Risk dengan probabilitas 46.12%.,,,False,f_buyer_supplier_repeat_count=-1.7850 | f_supplier_recent_90d_award_count=1.0630 | f_is_q4=1.0353,"Peringkat investigatif paket ini adalah **Perlu Pantauan**.
Diturunkan dari triase model: Medium Risk dengan probabilitas 46.12%.
Model mengklasifikasikan paket ini sebagai **Medium Risk** dengan probabilitas 46.12%.
Catatan penting: ini adalah triase risiko, bukan bukti fraud final. Status kritis hanya boleh dinaikkan bila ada bukti resmi yang terhubung.
Faktor yang paling memengaruhi prediksi adalah:
- Frekuensi hubungan buyer-supplier berulang bernilai 3 dan menurunkan skor risiko dengan kontribusi SHAP sekitar 1.7850.
- F supplier recent 90d award count bernilai 1 dan meningkatkan skor risiko dengan kontribusi SHAP sekitar 1.0630.
- Waktu publikasi pada kuartal iv bernilai 0 dan meningkatkan skor risiko dengan kontribusi SHAP sekitar 1.0353.",,,,,,,
81,test,7897,priority_mix,0.672892,True,0.092739,0.5,0.5,-0.092739,-0.362994,ocds-20h3g7-23768638,Pembangunan Rumdis dan Prasarana Subdenzibang 02/Masohi (SBSN),2023-03-27 00:00:00+00:00,Kementerian Pertahanan,SUGIH ATITI SILIWANGI,5060250000.0,5009645000.0,2,1,Medium Risk,0.455733,0.137006,0.455733,0.407261,0.996311,Perlu Pantauan,model_only,Diturunkan dari triase model: Medium Risk dengan probabilitas 45.57%.,,,False,f_supplier_recent_90d_award_count=-2.0456 | f_buyer_supplier_repeat_count=-1.5380 | f_title_length=1.4160,"Peringkat investigatif paket ini adalah **Perlu Pantauan**.
Diturunkan dari triase model: Medium Risk dengan probabilitas 45.57%.
Model mengklasifikasikan paket ini sebagai **Medium Risk** dengan probabilitas 45.57%.
Catatan penting: ini adalah triase risiko, bukan bukti fraud final. Status kritis hanya boleh dinaikkan bila ada bukti resmi yang terhubung.
Faktor yang paling memengaruhi prediksi adalah:
- F supplier recent 90d award count bernilai 3 dan menurunkan skor risiko dengan kontribusi SHAP sekitar 2.0456.
- Frekuensi hubungan buyer-supplier berulang bernilai 18 dan menurunkan skor risiko dengan kontribusi SHAP sekitar 1.5380.
- Panjang judul tender bernilai 62 dan meningkatkan skor risiko dengan kontribusi SHAP sekitar 1.4160.",,,,,,,
82,test,29180,priority_mix,0.671322,True,0.092798,0.5,0.5,-0.092798,-0.368429,ocds-20h3g7-3733675,Peningkatan Jalan Lingkar Desa Belani Kecamatan Rawas Ilir,2023-05-16 00:00:00+00:00,Pemerintah Daerah Kabupaten Musi Rawas Utara,CV. EVAN KARYA,4999975569.26,4997693010.93,2,1,Medium Risk,0.461227,0.131571,0.461227,0.407202,0.98963,Perlu Pantauan,model_only,Diturunkan dari triase model: Medium Risk dengan probabilitas 46.12%.,,,False,f_buyer_supplier_repeat_count=-1.6769 | f_supplier_recent_90d_award_count=1.0480 | f_is_q4=1.0256,"Peringkat investigatif paket ini adalah **Perlu Pantauan**.
Diturunkan dari triase model: Medium Risk dengan probabilitas 46.12%.
Model mengklasifikasikan paket ini sebagai **Medium Risk** dengan probabilitas 46.12%.
Catatan penting: ini adalah triase risiko, bukan bukti fraud final. Status kritis hanya boleh dinaikkan bila ada bukti resmi yang terhubung.
Faktor yang paling memengaruhi prediksi adalah:
- Frekuensi hubungan buyer-supplier berulang bernilai 2 dan menurunkan skor risiko dengan kontribusi SHAP sekitar 1.6769.
- F supplier recent 90d award count bernilai 2 dan meningkatkan skor risiko dengan kontribusi SHAP sekitar 1.0480.
- Waktu publikasi pada kuartal iv bernilai 0 dan meningkatkan skor risiko dengan kontribusi SHAP sekitar 1.0256.",,,,,,,
83,test,80699,priority_mix,0.669526,True,0.092285,0.5,0.5,-0.092285,-0.376076,ocds-20h3g7-6464596,Pembangunan Gedung Aula KODIM (APBD-P),2023-09-07 00:00:00+00:00,Pemerintah Daerah Kota Samarinda,CV. Gerbang Borneo,4999966000.0,4974967000.0,2,1,Medium Risk,0.46836,0.123924,0.46836,0.407715,0.97982,Perlu Pantauan,model_only,Diturunkan dari triase model: Medium Risk dengan probabilitas 46.84%.,,,False,f_buyer_supplier_repeat_count=-1.7371 | f_supplier_recent_90d_award_count=1.0821 | f_is_q4=1.0595,"Peringkat investigatif paket ini adalah **Perlu Pantauan**.
Diturunkan dari triase model: Medium Risk dengan probabilitas 46.84%.
Model mengklasifikasikan paket ini sebagai **Medium Risk** dengan probabilitas 46.84%.
Catatan penting: ini adalah triase risiko, bukan bukti fraud final. Status kritis hanya boleh dinaikkan bila ada bukti resmi yang terhubung.
Faktor yang paling memengaruhi prediksi adalah:
- Frekuensi hubungan buyer-supplier berulang bernilai 2 dan menurunkan skor risiko dengan kontribusi SHAP sekitar 1.7371.
- F supplier recent 90d award count bernilai 0 dan meningkatkan skor risiko dengan kontribusi SHAP sekitar 1.0821.
- Waktu publikasi pada kuartal iv bernilai 0 dan meningkatkan skor risiko dengan kontribusi SHAP sekitar 1.0595.",,,,,,,
84,test,20367,priority_mix,0.669344,True,0.099001,0.5,0.5,-0.099001,-0.355719,ocds-20h3g7-4096420,Pembangunan Pusat Layanan Usaha Terpadu,2023-04-26 00:00:00+00:00,Pemerintah Daerah Kabupaten Humbang Hasundutan,PT. HAPESINDO OMEGA PENTA,5004600520.84,4003680416.8,2,1,Medium Risk,0.45472,0.144281,0.45472,0.400999,1.004112,Perlu Pantauan,model_only,Diturunkan dari triase model: Medium Risk dengan probabilitas 45.47%.,,,False,f_tender_value_zscore_buyer=-2.3667 | f_buyer_supplier_repeat_count=0.9309 | f_is_q4=0.8362,"Peringkat investigatif paket ini adalah **Perlu Pantauan**.
Diturunkan dari triase model: Medium Risk dengan probabilitas 45.47%.
Model mengklasifikasikan paket ini sebagai **Medium Risk** dengan probabilitas 45.47%.
Catatan penting: ini adalah triase risiko, bukan bukti fraud final. Status kritis hanya boleh dinaikkan bila ada bukti resmi yang terhubung.
Faktor yang paling memengaruhi prediksi adalah:
- F tender value zscore buyer bernilai 2.6972 dan menurunkan skor risiko dengan kontribusi SHAP sekitar 2.3667.
- Frekuensi hubungan buyer-supplier berulang bernilai 0 dan meningkatkan skor risiko dengan kontribusi SHAP sekitar 0.9309.
- Waktu publikasi pada kuartal iv bernilai 0 dan meningkatkan skor risiko dengan kontribusi SHAP sekitar 0.8362.",,,,,,,
85,test,1477,priority_mix,0.668583,True,0.093478,0.5,0.5,-0.093478,-0.375712,ocds-20h3g7-23833638,Penataan Interior Makodam Jaya Denmadam Jaya,2023-03-14 00:00:00+00:00,Kementerian Pertahanan,PT Sandpasifik Jaya Abadi,5000000000.0,4943645000.0,2,1,Medium Risk,0.46919,0.124288,0.46919,0.406522,0.980135,Perlu Pantauan,model_only,Diturunkan dari triase model: Medium Risk dengan probabilitas 46.92%.,,,False,f_buyer_supplier_repeat_count=-1.7375 | f_supplier_recent_90d_award_count=1.1295 | f_is_q4=1.1272,"Peringkat investigatif paket ini adalah **Perlu Pantauan**.
Diturunkan dari triase model: Medium Risk dengan probabilitas 46.92%.
Model mengklasifikasikan paket ini sebagai **Medium Risk** dengan probabilitas 46.92%.
Catatan penting: ini adalah triase risiko, bukan bukti fraud final. Status kritis hanya boleh dinaikkan bila ada bukti resmi yang terhubung.
Faktor yang paling memengaruhi prediksi adalah:
- Frekuensi hubungan buyer-supplier berulang bernilai 3 dan menurunkan skor risiko dengan kontribusi SHAP sekitar 1.7375.
- F supplier recent 90d award count bernilai 1 dan meningkatkan skor risiko dengan kontribusi SHAP sekitar 1.1295.
- Waktu publikasi pada kuartal iv bernilai 0 dan meningkatkan skor risiko dengan kontribusi SHAP sekitar 1.1272.",,,,,,,
86,test,4263,priority_mix,0.668501,True,0.092502,0.5,0.5,-0.092502,-0.378801,ocds-20h3g7-2787349,Rekonstruksi Jalan Hotmix - Jl. 14 Februari,2023-03-18 00:00:00+00:00,Pemerintah Daerah Kota Manado,CV. TUNAS KARYA PERSADA,5000000000.0,4994713289.75,2,1,Medium Risk,0.471303,0.121199,0.471303,0.407498,0.976128,Perlu Pantauan,model_only,Diturunkan dari triase model: Medium Risk dengan probabilitas 47.13%.,,,False,f_buyer_supplier_repeat_count=-1.7272 | f_supplier_recent_90d_award_count=1.1429 | f_is_q4=1.1204,"Peringkat investigatif paket ini adalah **Perlu Pantauan**.
Diturunkan dari triase model: Medium Risk dengan probabilitas 47.13%.
Model mengklasifikasikan paket ini sebagai **Medium Risk** dengan probabilitas 47.13%.
Catatan penting: ini adalah triase risiko, bukan bukti fraud final. Status kritis hanya boleh dinaikkan bila ada bukti resmi yang terhubung.
Faktor yang paling memengaruhi prediksi adalah:
- Frekuensi hubungan buyer-supplier berulang bernilai 5 dan menurunkan skor risiko dengan kontribusi SHAP sekitar 1.7272.
- F supplier recent 90d award count bernilai 0 dan meningkatkan skor risiko dengan kontribusi SHAP sekitar 1.1429.
- Waktu publikasi pada kuartal iv bernilai 0 dan meningkatkan skor risiko dengan kontribusi SHAP sekitar 1.1204.",,,,,,,
87,test,7929,priority_mix,0.668279,True,0.094131,0.5,0.5,-0.094131,-0.374808,ocds-20h3g7-4001195,Peningkatan Jalan Jambi Lama Kel. Petanang Ilir,2023-03-27 00:00:00+00:00,Pemerintah Daerah Kota Lubuklinggau,CV. BERDIKARI,4999999949.24,4947565193.46,2,1,Medium Risk,0.468939,0.125191,0.468939,0.405869,0.981238,Perlu Pantauan,model_only,Diturunkan dari triase model: Medium Risk dengan probabilitas 46.89%.,,,False,f_buyer_supplier_repeat_count=-1.7127 | f_supplier_recent_90d_award_count=1.0479 | f_is_q4=1.0273,"Peringkat investigatif paket ini adalah **Perlu Pantauan**.
Diturunkan dari triase model: Medium Risk dengan probabilitas 46.89%.
Model mengklasifikasikan paket ini sebagai **Medium Risk** dengan probabilitas 46.89%.
Catatan penting: ini adalah triase risiko, bukan bukti fraud final. Status kritis hanya boleh dinaikkan bila ada bukti resmi yang terhubung.
Faktor yang paling memengaruhi prediksi adalah:
- Frekuensi hubungan buyer-supplier berulang bernilai 2 dan menurunkan skor risiko dengan kontribusi SHAP sekitar 1.7127.
- F supplier recent 90d award count bernilai 2 dan meningkatkan skor risiko dengan kontribusi SHAP sekitar 1.0479.
- Waktu publikasi pada kuartal iv bernilai 0 dan meningkatkan skor risiko dengan kontribusi SHAP sekitar 1.0273.",,,,,,,
88,test,25538,priority_mix,0.664919,True,0.103682,0.5,0.5,-0.103682,-0.356856,ocds-20h3g7-3747675,Peningkatan Jalan Poros Ibukota Kecamatan Rawas Ulu,2023-05-09 00:00:00+00:00,Pemerintah Daerah Kabupaten Musi Rawas Utara,CV.Prima Bangunan,9999993440.8,9778578991.28,2,1,Medium Risk,0.460537,0.143144,0.460537,0.396318,1.002149,Perlu Pantauan,model_only,Diturunkan dari triase model: Medium Risk dengan probabilitas 46.05%.,,,False,f_tender_value_log=-1.5423 | f_buyer_supplier_repeat_count=0.9176 | f_is_q4=0.8631,"Peringkat investigatif paket ini adalah **Perlu Pantauan**.
Diturunkan dari triase model: Medium Risk dengan probabilitas 46.05%.
Model mengklasifikasikan paket ini sebagai **Medium Risk** dengan probabilitas 46.05%.
Catatan penting: ini adalah triase risiko, bukan bukti fraud final. Status kritis hanya boleh dinaikkan bila ada bukti resmi yang terhubung.
Faktor yang paling memengaruhi prediksi adalah:
- Nilai tender bernilai 23.0259 dan menurunkan skor risiko dengan kontribusi SHAP sekitar 1.5423.
- Frekuensi hubungan buyer-supplier berulang bernilai 1 dan meningkatkan skor risiko dengan kontribusi SHAP sekitar 0.9176.
- Waktu publikasi pada kuartal iv bernilai 0 dan meningkatkan skor risiko dengan kontribusi SHAP sekitar 0.8631.",,,,,,,
89,test,78915,priority_mix,0.664302,True,0.101968,0.5,0.5,-0.101968,-0.364653,ocds-20h3g7-3842675,Peningkatan Jalan Sumber Makmur - Kerani Jaya Kec. Nibung,2023-08-31 00:00:00+00:00,Pemerintah Daerah Kabupaten Musi Rawas Utara,CV. ALIANSI BUMI SILAMPARI,4999997596.0,4997555595.58,2,1,Medium Risk,0.46662,0.135347,0.46662,0.398032,0.993035,Perlu Pantauan,model_only,Diturunkan dari triase model: Medium Risk dengan probabilitas 46.66%.,,,False,f_buyer_supplier_repeat_count=-1.7138 | f_supplier_recent_90d_award_count=1.0895 | f_is_q4=1.0477,"Peringkat investigatif paket ini adalah **Perlu Pantauan**.
Diturunkan dari triase model: Medium Risk dengan probabilitas 46.66%.
Model mengklasifikasikan paket ini sebagai **Medium Risk** dengan probabilitas 46.66%.
Catatan penting: ini adalah triase risiko, bukan bukti fraud final. Status kritis hanya boleh dinaikkan bila ada bukti resmi yang terhubung.
Faktor yang paling memengaruhi prediksi adalah:
- Frekuensi hubungan buyer-supplier berulang bernilai 2 dan menurunkan skor risiko dengan kontribusi SHAP sekitar 1.7138.
- F supplier recent 90d award count bernilai 0 dan meningkatkan skor risiko dengan kontribusi SHAP sekitar 1.0895.
- Waktu publikasi pada kuartal iv bernilai 0 dan meningkatkan skor risiko dengan kontribusi SHAP sekitar 1.0477.",,,,,,,
90,test,59118,priority_mix,0.663855,True,0.097432,0.5,0.5,-0.097432,-0.379693,ocds-20h3g7-2128718,Lanjutan Jalan Poros kantor Bupati,2023-07-04 00:00:00+00:00,Pemerintah Daerah Kabupaten Solok Selatan,PT.ASIVA MANDIRI PRATAMA,5000000000.0,4954894525.45,2,1,Medium Risk,0.477126,0.120307,0.477126,0.402568,0.974129,Perlu Pantauan,model_only,Diturunkan dari triase model: Medium Risk dengan probabilitas 47.71%.,,,False,f_buyer_supplier_repeat_count=-1.7070 | f_supplier_recent_90d_award_count=1.1310 | f_is_q4=1.0890,"Peringkat investigatif paket ini adalah **Perlu Pantauan**.
Diturunkan dari triase model: Medium Risk dengan probabilitas 47.71%.
Model mengklasifikasikan paket ini sebagai **Medium Risk** dengan probabilitas 47.71%.
Catatan penting: ini adalah triase risiko, bukan bukti fraud final. Status kritis hanya boleh dinaikkan bila ada bukti resmi yang terhubung.
Faktor yang paling memengaruhi prediksi adalah:
- Frekuensi hubungan buyer-supplier berulang bernilai 2 dan menurunkan skor risiko dengan kontribusi SHAP sekitar 1.7070.
- F supplier recent 90d award count bernilai 0 dan meningkatkan skor risiko dengan kontribusi SHAP sekitar 1.1310.
- Waktu publikasi pada kuartal iv bernilai 0 dan meningkatkan skor risiko dengan kontribusi SHAP sekitar 1.0890.",,,,,,,
91,test,71872,priority_mix,0.663738,True,0.099783,0.5,0.5,-0.099783,-0.373263,ocds-20h3g7-13965043,Lanjutan Penanganan Saluran Drainase Padat Karya,2023-08-07 00:00:00+00:00,Pemerintah Daerah Kabupaten Berau,CV.AULIA JAYA,5039272000.0,4821560022.99,2,1,Medium Risk,0.473046,0.126737,0.473046,0.400217,0.982396,Perlu Pantauan,model_only,Diturunkan dari triase model: Medium Risk dengan probabilitas 47.30%.,,,False,f_buyer_supplier_repeat_count=-1.7111 | f_supplier_recent_90d_award_count=1.1534 | f_is_q4=1.0895,"Peringkat investigatif paket ini adalah **Perlu Pantauan**.
Diturunkan dari triase model: Medium Risk dengan probabilitas 47.30%.
Model mengklasifikasikan paket ini sebagai **Medium Risk** dengan probabilitas 47.30%.
Catatan penting: ini adalah triase risiko, bukan bukti fraud final. Status kritis hanya boleh dinaikkan bila ada bukti resmi yang terhubung.
Faktor yang paling memengaruhi prediksi adalah:
- Frekuensi hubungan buyer-supplier berulang bernilai 6 dan menurunkan skor risiko dengan kontribusi SHAP sekitar 1.7111.
- F supplier recent 90d award count bernilai 1 dan meningkatkan skor risiko dengan kontribusi SHAP sekitar 1.1534.
- Waktu publikasi pada kuartal iv bernilai 0 dan meningkatkan skor risiko dengan kontribusi SHAP sekitar 1.0895.",,,,,,,
92,test,86288,priority_mix,0.663091,True,0.100364,0.5,0.5,-0.100364,-0.3737,ocds-20h3g7-5800588,Pengadaan Komaliwan TA 2023 - Disbekal,2023-09-29 00:00:00+00:00,Kementerian Pertahanan,cv.jackson megatama,4999855000.0,4935420000.0,2,1,Medium Risk,0.474064,0.1263,0.474064,0.399636,0.98172,Perlu Pantauan,model_only,Diturunkan dari triase model: Medium Risk dengan probabilitas 47.41%.,,,False,f_buyer_supplier_repeat_count=-1.6275 | f_is_q4=1.1505 | f_supplier_recent_90d_award_count=1.1264,"Peringkat investigatif paket ini adalah **Perlu Pantauan**.
Diturunkan dari triase model: Medium Risk dengan probabilitas 47.41%.
Model mengklasifikasikan paket ini sebagai **Medium Risk** dengan probabilitas 47.41%.
Catatan penting: ini adalah triase risiko, bukan bukti fraud final. Status kritis hanya boleh dinaikkan bila ada bukti resmi yang terhubung.
Faktor yang paling memengaruhi prediksi adalah:
- Frekuensi hubungan buyer-supplier berulang bernilai 6 dan menurunkan skor risiko dengan kontribusi SHAP sekitar 1.6275.
- Waktu publikasi pada kuartal iv bernilai 0 dan meningkatkan skor risiko dengan kontribusi SHAP sekitar 1.1505.
- F supplier recent 90d award count bernilai 1 dan meningkatkan skor risiko dengan kontribusi SHAP sekitar 1.1264.",,,,,,,
93,test,67715,priority_mix,0.662946,True,0.099277,0.5,0.5,-0.099277,-0.377345,ocds-20h3g7-18597035,Pembangunan Gedung Kedokteran Nuklir Lt.2      (RSUD. AWS),2023-07-25 00:00:00+00:00,Pemerintah Daerah Provinsi Kalimantan Timur,CV. EMPAT SAUDARA TANGGUH,5101774000.0,3977965409.93,2,1,Medium Risk,0.476621,0.122655,0.476621,0.400723,0.977024,Perlu Pantauan,model_only,Diturunkan dari triase model: Medium Risk dengan probabilitas 47.66%.,,,False,f_buyer_supplier_repeat_count=-1.5785 | f_supplier_recent_90d_award_count=1.1972 | f_is_q4=1.1700,"Peringkat investigatif paket ini adalah **Perlu Pantauan**.
Diturunkan dari triase model: Medium Risk dengan probabilitas 47.66%.
Model mengklasifikasikan paket ini sebagai **Medium Risk** dengan probabilitas 47.66%.
Catatan penting: ini adalah triase risiko, bukan bukti fraud final. Status kritis hanya boleh dinaikkan bila ada bukti resmi yang terhubung.
Faktor yang paling memengaruhi prediksi adalah:
- Frekuensi hubungan buyer-supplier berulang bernilai 10 dan menurunkan skor risiko dengan kontribusi SHAP sekitar 1.5785.
- F supplier recent 90d award count bernilai 0 dan meningkatkan skor risiko dengan kontribusi SHAP sekitar 1.1972.
- Waktu publikasi pada kuartal iv bernilai 0 dan meningkatkan skor risiko dengan kontribusi SHAP sekitar 1.1700.",,,,,,,
94,test,42633,priority_mix,0.66205,True,0.102317,0.5,0.5,-0.102317,-0.371369,ocds-20h3g7-24980638,Pembangunan Rumdis Makodam XVII/Cen dan Prasarana,2023-06-07 00:00:00+00:00,Kementerian Pertahanan,PT. PAPUA MEMBANGUN MANDIRI,5083753000.0,5077603000.0,2,1,Medium Risk,0.473686,0.128631,0.473686,0.397683,0.984444,Perlu Pantauan,model_only,Diturunkan dari triase model: Medium Risk dengan probabilitas 47.37%.,,,False,f_buyer_supplier_repeat_count=-1.7741 | f_supplier_recent_90d_award_count=1.1327 | f_is_q4=1.1230,"Peringkat investigatif paket ini adalah **Perlu Pantauan**.
Diturunkan dari triase model: Medium Risk dengan probabilitas 47.37%.
Model mengklasifikasikan paket ini sebagai **Medium Risk** dengan probabilitas 47.37%.
Catatan penting: ini adalah triase risiko, bukan bukti fraud final. Status kritis hanya boleh dinaikkan bila ada bukti resmi yang terhubung.
Faktor yang paling memengaruhi prediksi adalah:
- Frekuensi hubungan buyer-supplier berulang bernilai 4 dan menurunkan skor risiko dengan kontribusi SHAP sekitar 1.7741.
- F supplier recent 90d award count bernilai 0 dan meningkatkan skor risiko dengan kontribusi SHAP sekitar 1.1327.
- Waktu publikasi pada kuartal iv bernilai 0 dan meningkatkan skor risiko dengan kontribusi SHAP sekitar 1.1230.",,,,,,,
95,test,37087,priority_mix,0.661341,True,0.101777,0.5,0.5,-0.101777,-0.375322,ocds-20h3g7-3636299,Rehabilitasi Masjid Agung Kota Cimahi,2023-05-29 00:00:00+00:00,Pemerintah Daerah Kota Cimahi,CV. SUKAJAYA,4999565258.16,4884000148.96,2,1,Medium Risk,0.477099,0.124678,0.477099,0.398223,0.979312,Perlu Pantauan,model_only,Diturunkan dari triase model: Medium Risk dengan probabilitas 47.71%.,,,False,f_buyer_supplier_repeat_count=-1.7864 | f_supplier_recent_90d_award_count=1.1765 | f_is_q4=1.0779,"Peringkat investigatif paket ini adalah **Perlu Pantauan**.
Diturunkan dari triase model: Medium Risk dengan probabilitas 47.71%.
Model mengklasifikasikan paket ini sebagai **Medium Risk** dengan probabilitas 47.71%.
Catatan penting: ini adalah triase risiko, bukan bukti fraud final. Status kritis hanya boleh dinaikkan bila ada bukti resmi yang terhubung.
Faktor yang paling memengaruhi prediksi adalah:
- Frekuensi hubungan buyer-supplier berulang bernilai 2 dan menurunkan skor risiko dengan kontribusi SHAP sekitar 1.7864.
- F supplier recent 90d award count bernilai 0 dan meningkatkan skor risiko dengan kontribusi SHAP sekitar 1.1765.
- Waktu publikasi pada kuartal iv bernilai 0 dan meningkatkan skor risiko dengan kontribusi SHAP sekitar 1.0779.",,,,,,,
96,test,57641,priority_mix,0.66117,True,0.102948,0.5,0.5,-0.102948,-0.372439,ocds-20h3g7-9328097,PENINGKATAN JALAN BALAI SEBUT - BALAI SEPUAK,2023-06-30 00:00:00+00:00,Pemerintah Daerah Provinsi Kalimantan Barat,Indah Jaya Konstruksi,4999879000.0,4647080998.38,2,1,Medium Risk,0.475387,0.127561,0.475387,0.397052,0.982931,Perlu Pantauan,model_only,Diturunkan dari triase model: Medium Risk dengan probabilitas 47.54%.,,,False,f_buyer_supplier_repeat_count=-1.6765 | f_supplier_recent_90d_award_count=1.1365 | f_is_q4=1.1078,"Peringkat investigatif paket ini adalah **Perlu Pantauan**.
Diturunkan dari triase model: Medium Risk dengan probabilitas 47.54%.
Model mengklasifikasikan paket ini sebagai **Medium Risk** dengan probabilitas 47.54%.
Catatan penting: ini adalah triase risiko, bukan bukti fraud final. Status kritis hanya boleh dinaikkan bila ada bukti resmi yang terhubung.
Faktor yang paling memengaruhi prediksi adalah:
- Frekuensi hubungan buyer-supplier berulang bernilai 2 dan menurunkan skor risiko dengan kontribusi SHAP sekitar 1.6765.
- F supplier recent 90d award count bernilai 2 dan meningkatkan skor risiko dengan kontribusi SHAP sekitar 1.1365.
- Waktu publikasi pada kuartal iv bernilai 0 dan meningkatkan skor risiko dengan kontribusi SHAP sekitar 1.1078.",,,,,,,
97,test,75500,priority_mix,0.66103,True,0.102209,0.5,0.5,-0.102209,-0.375081,ocds-20h3g7-2894594,Rekonstruksi Jalan Simpang Seputuk - Kapuak/Rian,2023-08-18 00:00:00+00:00,Pemerintah Daerah Kabupaten Tana Tidung,CV. RIAN PERKASA,5000000000.0,4900000000.0,2,1,Medium Risk,0.47729,0.124919,0.47729,0.397791,0.979557,Perlu Pantauan,model_only,Diturunkan dari triase model: Medium Risk dengan probabilitas 47.73%.,,,False,f_buyer_supplier_repeat_count=-1.6470 | f_supplier_recent_90d_award_count=1.1391 | f_is_q4=1.0846,"Peringkat investigatif paket ini adalah **Perlu Pantauan**.
Diturunkan dari triase model: Medium Risk dengan probabilitas 47.73%.
Model mengklasifikasikan paket ini sebagai **Medium Risk** dengan probabilitas 47.73%.
Catatan penting: ini adalah triase risiko, bukan bukti fraud final. Status kritis hanya boleh dinaikkan bila ada bukti resmi yang terhubung.
Faktor yang paling memengaruhi prediksi adalah:
- Frekuensi hubungan buyer-supplier berulang bernilai 5 dan menurunkan skor risiko dengan kontribusi SHAP sekitar 1.6470.
- F supplier recent 90d award count bernilai 0 dan meningkatkan skor risiko dengan kontribusi SHAP sekitar 1.1391.
- Waktu publikasi pada kuartal iv bernilai 0 dan meningkatkan skor risiko dengan kontribusi SHAP sekitar 1.0846.",,,,,,,
98,test,78873,priority_mix,0.659864,True,0.105988,0.5,0.5,-0.105988,-0.367674,ocds-20h3g7-3865675,Peningkatan Jalan Dalam Desa Embacang Baru Kec. Karang Jaya,2023-08-31 00:00:00+00:00,Pemerintah Daerah Kabupaten Musi Rawas Utara,CV.ALKI KARYA,4999986583.26,4997441548.29,2,1,Medium Risk,0.473662,0.132326,0.473662,0.394012,0.988549,Perlu Pantauan,model_only,Diturunkan dari triase model: Medium Risk dengan probabilitas 47.37%.,,,False,f_buyer_supplier_repeat_count=-1.6389 | f_supplier_recent_90d_award_count=1.1298 | f_is_q4=1.0205,"Peringkat investigatif paket ini adalah **Perlu Pantauan**.
Diturunkan dari triase model: Medium Risk dengan probabilitas 47.37%.
Model mengklasifikasikan paket ini sebagai **Medium Risk** dengan probabilitas 47.37%.
Catatan penting: ini adalah triase risiko, bukan bukti fraud final. Status kritis hanya boleh dinaikkan bila ada bukti resmi yang terhubung.
Faktor yang paling memengaruhi prediksi adalah:
- Frekuensi hubungan buyer-supplier berulang bernilai 7 dan menurunkan skor risiko dengan kontribusi SHAP sekitar 1.6389.
- F supplier recent 90d award count bernilai 0 dan meningkatkan skor risiko dengan kontribusi SHAP sekitar 1.1298.
- Waktu publikasi pada kuartal iv bernilai 0 dan meningkatkan skor risiko dengan kontribusi SHAP sekitar 1.0205.",,,,,,,
99,test,66007,priority_mix,0.659523,True,0.101894,0.5,0.5,-0.101894,-0.380818,ocds-20h3g7-85986064,Manajemen Konstruksi Penataan Lanskap KIPP IKN,2023-07-21 00:00:00+00:00,Kementerian Pekerjaan Umum dan Perumahan Rakyat,PT. KANTA KARYA UTAMA,5000000000.0,4762580985.0,2,1,Medium Risk,0.482712,0.119182,0.482712,0.398106,0.971759,Perlu Pantauan,model_only,Diturunkan dari triase model: Medium Risk dengan probabilitas 48.27%.,,,False,f_buyer_supplier_repeat_count=-1.7464 | f_supplier_recent_90d_award_count=1.1659 | f_is_q4=1.0905,"Peringkat investigatif paket ini adalah **Perlu Pantauan**.
Diturunkan dari triase model: Medium Risk dengan probabilitas 48.27%.
Model mengklasifikasikan paket ini sebagai **Medium Risk** dengan probabilitas 48.27%.
Catatan penting: ini adalah triase risiko, bukan bukti fraud final. Status kritis hanya boleh dinaikkan bila ada bukti resmi yang terhubung.
Faktor yang paling memengaruhi prediksi adalah:
- Frekuensi hubungan buyer-supplier berulang bernilai 2 dan menurunkan skor risiko dengan kontribusi SHAP sekitar 1.7464.
- F supplier recent 90d award count bernilai 0 dan meningkatkan skor risiko dengan kontribusi SHAP sekitar 1.1659.
- Waktu publikasi pada kuartal iv bernilai 0 dan meningkatkan skor risiko dengan kontribusi SHAP sekitar 1.0905.",,,,,,,
100,test,54481,priority_mix,0.659225,True,0.111906,0.5,0.5,-0.111906,-0.350736,ocds-20h3g7-2934436,"Belanja Modal Pembangunan Sarana Produksi, Pembangunan Infrastruktur Penunjang di Dalam Sentra IKM",2023-06-23 00:00:00+00:00,Pemerintah Daerah Kabupaten Minahasa Selatan,cv justicia kurnia jaya,5130341000.0,5022978863.92,2,1,Medium Risk,0.462642,0.149264,0.462642,0.388094,1.007845,Perlu Pantauan,model_only,Diturunkan dari triase model: Medium Risk dengan probabilitas 46.26%.,,,False,f_tender_value_zscore_buyer=-1.9736 | f_buyer_supplier_repeat_count=-1.5400 | f_title_length=1.1165,"Peringkat investigatif paket ini adalah **Perlu Pantauan**.
Diturunkan dari triase model: Medium Risk dengan probabilitas 46.26%.
Model mengklasifikasikan paket ini sebagai **Medium Risk** dengan probabilitas 46.26%.
Catatan penting: ini adalah triase risiko, bukan bukti fraud final. Status kritis hanya boleh dinaikkan bila ada bukti resmi yang terhubung.
Faktor yang paling memengaruhi prediksi adalah:
- F tender value zscore buyer bernilai 2.0433 dan menurunkan skor risiko dengan kontribusi SHAP sekitar 1.9736.
- Frekuensi hubungan buyer-supplier berulang bernilai 6 dan menurunkan skor risiko dengan kontribusi SHAP sekitar 1.5400.
- Panjang judul tender bernilai 98 dan meningkatkan skor risiko dengan kontribusi SHAP sekitar 1.1165.",,,,,,,
101,test,14218,priority_mix,0.658095,True,0.109684,0.5,0.5,-0.109684,-0.362314,ocds-20h3g7-3786721,Peningkatan Jalan Ruas Sp. Lintas Seram - Solea (Hotmix),2023-04-04 00:00:00+00:00,Pemerintah Daerah Kabupaten Maluku Tengah,CV. SINJAI MANDIRI,4980159000.0,4964755510.83,2,1,Medium Risk,0.471998,0.137686,0.471998,0.390316,0.994577,Perlu Pantauan,model_only,Diturunkan dari triase model: Medium Risk dengan probabilitas 47.20%.,,,False,f_buyer_supplier_repeat_count=-1.6423 | f_supplier_recent_90d_award_count=1.1450 | f_is_q4=1.0797,"Peringkat investigatif paket ini adalah **Perlu Pantauan**.
Diturunkan dari triase model: Medium Risk dengan probabilitas 47.20%.
Model mengklasifikasikan paket ini sebagai **Medium Risk** dengan probabilitas 47.20%.
Catatan penting: ini adalah triase risiko, bukan bukti fraud final. Status kritis hanya boleh dinaikkan bila ada bukti resmi yang terhubung.
Faktor yang paling memengaruhi prediksi adalah:
- Frekuensi hubungan buyer-supplier berulang bernilai 3 dan menurunkan skor risiko dengan kontribusi SHAP sekitar 1.6423.
- F supplier recent 90d award count bernilai 0 dan meningkatkan skor risiko dengan kontribusi SHAP sekitar 1.1450.
- Waktu publikasi pada kuartal iv bernilai 0 dan meningkatkan skor risiko dengan kontribusi SHAP sekitar 1.0797.",,,,,,,
102,test,50390,priority_mix,0.657125,True,0.10539,0.5,0.5,-0.10539,-0.378506,ocds-20h3g7-21020044,PAKET 22 PENGADAAN PERBEKALAN KESEHATAN SATGAS FPU MINUSMA,2023-06-17 00:00:00+00:00,Kepolisian Negara Republik Indonesia,PT Lestari Bintang Mandiri,5033751264.0,4897500000.0,2,1,Medium Risk,0.483896,0.121494,0.483896,0.39461,0.97428,Perlu Pantauan,model_only,Diturunkan dari triase model: Medium Risk dengan probabilitas 48.39%.,,,False,f_buyer_supplier_repeat_count=-1.6940 | f_is_q4=1.0394 | f_supplier_recent_90d_award_count=1.0380,"Peringkat investigatif paket ini adalah **Perlu Pantauan**.
Diturunkan dari triase model: Medium Risk dengan probabilitas 48.39%.
Model mengklasifikasikan paket ini sebagai **Medium Risk** dengan probabilitas 48.39%.
Catatan penting: ini adalah triase risiko, bukan bukti fraud final. Status kritis hanya boleh dinaikkan bila ada bukti resmi yang terhubung.
Faktor yang paling memengaruhi prediksi adalah:
- Frekuensi hubungan buyer-supplier berulang bernilai 2 dan menurunkan skor risiko dengan kontribusi SHAP sekitar 1.6940.
- Waktu publikasi pada kuartal iv bernilai 0 dan meningkatkan skor risiko dengan kontribusi SHAP sekitar 1.0394.
- F supplier recent 90d award count bernilai 2 dan meningkatkan skor risiko dengan kontribusi SHAP sekitar 1.0380.",,,,,,,
103,test,52681,priority_mix,0.656897,True,0.107523,0.5,0.5,-0.107523,-0.373054,ocds-20h3g7-2534056,Peningkatan Jalan Tabuan-Mantuyan,2023-06-21 00:00:00+00:00,Pemerintah Daerah Kabupaten Balangan,CV. Mamigang Sejahtera,4999800000.0,4386867932.2,2,1,Medium Risk,0.480577,0.126946,0.480577,0.392477,0.981242,Perlu Pantauan,model_only,Diturunkan dari triase model: Medium Risk dengan probabilitas 48.06%.,,,False,f_buyer_supplier_repeat_count=-1.8694 | f_supplier_recent_90d_award_count=1.1041 | f_is_q4=1.0212,"Peringkat investigatif paket ini adalah **Perlu Pantauan**.
Diturunkan dari triase model: Medium Risk dengan probabilitas 48.06%.
Model mengklasifikasikan paket ini sebagai **Medium Risk** dengan probabilitas 48.06%.
Catatan penting: ini adalah triase risiko, bukan bukti fraud final. Status kritis hanya boleh dinaikkan bila ada bukti resmi yang terhubung.
Faktor yang paling memengaruhi prediksi adalah:
- Frekuensi hubungan buyer-supplier berulang bernilai 2 dan menurunkan skor risiko dengan kontribusi SHAP sekitar 1.8694.
- F supplier recent 90d award count bernilai 2 dan meningkatkan skor risiko dengan kontribusi SHAP sekitar 1.1041.
- Waktu publikasi pada kuartal iv bernilai 0 dan meningkatkan skor risiko dengan kontribusi SHAP sekitar 1.0212.",,,,,,,
104,test,34215,priority_mix,0.656219,True,0.113503,0.5,0.5,-0.113503,-0.356725,ocds-20h3g7-1975526,Pembangunan Gedung Kantor Polres Kota Pematang Siantar,2023-05-24 00:00:00+00:00,Pemerintah Daerah Kota Pematang Siantar,"CIPTA INDAH PERSADA, CV",4999876000.0,4227726851.43,2,1,Medium Risk,0.470229,0.143275,0.470229,0.386497,1.000602,Perlu Pantauan,model_only,Diturunkan dari triase model: Medium Risk dengan probabilitas 47.02%.,,,False,f_tender_value_zscore_buyer=-2.4786 | f_buyer_supplier_repeat_count=0.9718 | f_is_q4=0.8462,"Peringkat investigatif paket ini adalah **Perlu Pantauan**.
Diturunkan dari triase model: Medium Risk dengan probabilitas 47.02%.
Model mengklasifikasikan paket ini sebagai **Medium Risk** dengan probabilitas 47.02%.
Catatan penting: ini adalah triase risiko, bukan bukti fraud final. Status kritis hanya boleh dinaikkan bila ada bukti resmi yang terhubung.
Faktor yang paling memengaruhi prediksi adalah:
- F tender value zscore buyer bernilai 8.1777 dan menurunkan skor risiko dengan kontribusi SHAP sekitar 2.4786.
- Frekuensi hubungan buyer-supplier berulang bernilai 1 dan meningkatkan skor risiko dengan kontribusi SHAP sekitar 0.9718.
- Waktu publikasi pada kuartal iv bernilai 0 dan meningkatkan skor risiko dengan kontribusi SHAP sekitar 0.8462.",,,,,,,
105,test,31958,priority_mix,0.656212,True,0.109305,0.5,0.5,-0.109305,-0.370013,ocds-20h3g7-5258549,Lanjutan Pembangunan Ruas Jalan Durin Tonggal - Sugau (Kuta Kepar) Kec. Pancur Batu,2023-05-22 00:00:00+00:00,LPSE Kabupaten Deli Serdang,CV.GLOBAL MANDIRI,5012619610.0,4806558605.6,2,1,Medium Risk,0.479318,0.129987,0.479318,0.390695,0.984887,Perlu Pantauan,model_only,Diturunkan dari triase model: Medium Risk dengan probabilitas 47.93%.,,,False,f_supplier_recent_90d_award_count=-1.4563 | f_buyer_supplier_repeat_count=-1.3287 | f_title_length=1.3272,"Peringkat investigatif paket ini adalah **Perlu Pantauan**.
Diturunkan dari triase model: Medium Risk dengan probabilitas 47.93%.
Model mengklasifikasikan paket ini sebagai **Medium Risk** dengan probabilitas 47.93%.
Catatan penting: ini adalah triase risiko, bukan bukti fraud final. Status kritis hanya boleh dinaikkan bila ada bukti resmi yang terhubung.
Faktor yang paling memengaruhi prediksi adalah:
- F supplier recent 90d award count bernilai 8 dan menurunkan skor risiko dengan kontribusi SHAP sekitar 1.4563.
- Frekuensi hubungan buyer-supplier berulang bernilai 2 dan menurunkan skor risiko dengan kontribusi SHAP sekitar 1.3287.
- Panjang judul tender bernilai 83 dan meningkatkan skor risiko dengan kontribusi SHAP sekitar 1.3272.",,,,,,,
106,test,70164,priority_mix,0.655137,True,0.109964,0.5,0.5,-0.109964,-0.371632,ocds-20h3g7-2174723,Pembangunan Kantor Bupati dan SKPD Gedung B,2023-08-01 00:00:00+00:00,Pemerintah Daerah Kabupaten Pesisir Barat,MASA GANTA JAYA,4999200000.0,4969525075.3,2,1,Medium Risk,0.481596,0.128368,0.481596,0.390036,0.982624,Perlu Pantauan,model_only,Diturunkan dari triase model: Medium Risk dengan probabilitas 48.16%.,,,False,f_buyer_supplier_repeat_count=-1.7282 | f_supplier_recent_90d_award_count=1.1215 | f_is_q4=1.0462,"Peringkat investigatif paket ini adalah **Perlu Pantauan**.
Diturunkan dari triase model: Medium Risk dengan probabilitas 48.16%.
Model mengklasifikasikan paket ini sebagai **Medium Risk** dengan probabilitas 48.16%.
Catatan penting: ini adalah triase risiko, bukan bukti fraud final. Status kritis hanya boleh dinaikkan bila ada bukti resmi yang terhubung.
Faktor yang paling memengaruhi prediksi adalah:
- Frekuensi hubungan buyer-supplier berulang bernilai 2 dan menurunkan skor risiko dengan kontribusi SHAP sekitar 1.7282.
- F supplier recent 90d award count bernilai 1 dan meningkatkan skor risiko dengan kontribusi SHAP sekitar 1.1215.
- Waktu publikasi pada kuartal iv bernilai 0 dan meningkatkan skor risiko dengan kontribusi SHAP sekitar 1.0462.",,,,,,,
107,test,33532,priority_mix,0.652686,True,0.119471,0.5,0.5,-0.119471,-0.349875,ocds-20h3g7-7586058,Pembangunan Ruang Rawat Inap Puskesmas Bandar,2023-05-24 00:00:00+00:00,Pemerintah Daerah Kabupaten Pacitan,cv. syafana putra mandiri,5000211900.0,3900165282.0,2,1,Medium Risk,0.469345,0.150125,0.469345,0.380529,1.007365,Perlu Pantauan,model_only,Diturunkan dari triase model: Medium Risk dengan probabilitas 46.93%.,,,False,f_tender_value_zscore_buyer=-2.3585 | f_buyer_supplier_repeat_count=0.8982 | f_is_q4=0.8564,"Peringkat investigatif paket ini adalah **Perlu Pantauan**.
Diturunkan dari triase model: Medium Risk dengan probabilitas 46.93%.
Model mengklasifikasikan paket ini sebagai **Medium Risk** dengan probabilitas 46.93%.
Catatan penting: ini adalah triase risiko, bukan bukti fraud final. Status kritis hanya boleh dinaikkan bila ada bukti resmi yang terhubung.
Faktor yang paling memengaruhi prediksi adalah:
- F tender value zscore buyer bernilai 2.2999 dan menurunkan skor risiko dengan kontribusi SHAP sekitar 2.3585.
- Frekuensi hubungan buyer-supplier berulang bernilai 0 dan meningkatkan skor risiko dengan kontribusi SHAP sekitar 0.8982.
- Waktu publikasi pada kuartal iv bernilai 0 dan meningkatkan skor risiko dengan kontribusi SHAP sekitar 0.8564.",,,,,,,
108,test,7838,priority_mix,0.651765,True,0.11264,0.5,0.5,-0.11264,-0.374788,ocds-20h3g7-23738638,Pembangunan Rumdis dan Prasarana Denpom XVI/2 Masohi (SBSN),2023-03-27 00:00:00+00:00,Kementerian Pertahanan,SUGIH ATITI SILIWANGI,5060250000.0,5009645000.0,2,1,Medium Risk,0.487427,0.125212,0.487427,0.38736,0.977804,Perlu Pantauan,model_only,Diturunkan dari triase model: Medium Risk dengan probabilitas 48.74%.,,,False,f_buyer_supplier_repeat_count=-1.7932 | f_supplier_recent_90d_award_count=1.1582 | f_is_q4=1.1019,"Peringkat investigatif paket ini adalah **Perlu Pantauan**.
Diturunkan dari triase model: Medium Risk dengan probabilitas 48.74%.
Model mengklasifikasikan paket ini sebagai **Medium Risk** dengan probabilitas 48.74%.
Catatan penting: ini adalah triase risiko, bukan bukti fraud final. Status kritis hanya boleh dinaikkan bila ada bukti resmi yang terhubung.
Faktor yang paling memengaruhi prediksi adalah:
- Frekuensi hubungan buyer-supplier berulang bernilai 16 dan menurunkan skor risiko dengan kontribusi SHAP sekitar 1.7932.
- F supplier recent 90d award count bernilai 1 dan meningkatkan skor risiko dengan kontribusi SHAP sekitar 1.1582.
- Waktu publikasi pada kuartal iv bernilai 0 dan meningkatkan skor risiko dengan kontribusi SHAP sekitar 1.1019.",,,,,,,
109,test,60321,priority_mix,0.650892,True,0.114421,0.5,0.5,-0.114421,-0.372392,ocds-20h3g7-4728322,Pembangunan Jembatan Sei Uhun Kecamatan Pasak Talawang,2023-07-05 00:00:00+00:00,Pemerintah Daerah Kabupaten Kapuas,CV.nazril hadi pratama pusat kuala kapuas,5000000000.0,4849791572.03,2,1,Medium Risk,0.486813,0.127608,0.486813,0.385579,0.980623,Perlu Pantauan,model_only,Diturunkan dari triase model: Medium Risk dengan probabilitas 48.68%.,,,False,f_buyer_supplier_repeat_count=-1.7101 | f_supplier_recent_90d_award_count=1.1619 | f_is_q4=1.0567,"Peringkat investigatif paket ini adalah **Perlu Pantauan**.
Diturunkan dari triase model: Medium Risk dengan probabilitas 48.68%.
Model mengklasifikasikan paket ini sebagai **Medium Risk** dengan probabilitas 48.68%.
Catatan penting: ini adalah triase risiko, bukan bukti fraud final. Status kritis hanya boleh dinaikkan bila ada bukti resmi yang terhubung.
Faktor yang paling memengaruhi prediksi adalah:
- Frekuensi hubungan buyer-supplier berulang bernilai 5 dan menurunkan skor risiko dengan kontribusi SHAP sekitar 1.7101.
- F supplier recent 90d award count bernilai 2 dan meningkatkan skor risiko dengan kontribusi SHAP sekitar 1.1619.
- Waktu publikasi pada kuartal iv bernilai 0 dan meningkatkan skor risiko dengan kontribusi SHAP sekitar 1.0567.",,,,,,,
110,test,65301,priority_mix,0.650515,True,0.114417,0.5,0.5,-0.114417,-0.373638,ocds-20h3g7-18622035,Revitalisasi Kawasan Perbatasan Kaltim - Kalsel,2023-07-18 00:00:00+00:00,Pemerintah Daerah Provinsi Kalimantan Timur,PT.GENTHAS TRI JAYA,5079447800.0,4949900000.0,2,1,Medium Risk,0.488055,0.126362,0.488055,0.385583,0.978948,Perlu Pantauan,model_only,Diturunkan dari triase model: Medium Risk dengan probabilitas 48.81%.,,,False,f_buyer_supplier_repeat_count=-1.7386 | f_supplier_recent_90d_award_count=1.1019 | f_is_q4=1.0819,"Peringkat investigatif paket ini adalah **Perlu Pantauan**.
Diturunkan dari triase model: Medium Risk dengan probabilitas 48.81%.
Model mengklasifikasikan paket ini sebagai **Medium Risk** dengan probabilitas 48.81%.
Catatan penting: ini adalah triase risiko, bukan bukti fraud final. Status kritis hanya boleh dinaikkan bila ada bukti resmi yang terhubung.
Faktor yang paling memengaruhi prediksi adalah:
- Frekuensi hubungan buyer-supplier berulang bernilai 2 dan menurunkan skor risiko dengan kontribusi SHAP sekitar 1.7386.
- F supplier recent 90d award count bernilai 1 dan meningkatkan skor risiko dengan kontribusi SHAP sekitar 1.1019.
- Waktu publikasi pada kuartal iv bernilai 0 dan meningkatkan skor risiko dengan kontribusi SHAP sekitar 1.0819.",,,,,,,
111,test,89829,priority_mix,0.648875,True,0.115367,0.5,0.5,-0.115367,-0.376151,ocds-20h3g7-4099661,Pemasangan Interior Kantor KEJARI PALI,2023-10-17 00:00:00+00:00,Pemerintah Daerah Kabupaten Penukal Abab Lematang Ilir,KITEK PACAK,5000000000.0,4979265750.0,2,1,Medium Risk,0.491519,0.123849,0.491519,0.384633,0.975289,Perlu Pantauan,model_only,Diturunkan dari triase model: Medium Risk dengan probabilitas 49.15%.,,,False,f_is_q4=-1.4716 | f_buyer_supplier_repeat_count=1.0085 | f_supplier_recent_90d_award_count=0.7772,"Peringkat investigatif paket ini adalah **Perlu Pantauan**.
Diturunkan dari triase model: Medium Risk dengan probabilitas 49.15%.
Model mengklasifikasikan paket ini sebagai **Medium Risk** dengan probabilitas 49.15%.
Catatan penting: ini adalah triase risiko, bukan bukti fraud final. Status kritis hanya boleh dinaikkan bila ada bukti resmi yang terhubung.
Faktor yang paling memengaruhi prediksi adalah:
- Waktu publikasi pada kuartal iv bernilai 1 dan menurunkan skor risiko dengan kontribusi SHAP sekitar 1.4716.
- Frekuensi hubungan buyer-supplier berulang bernilai 0 dan meningkatkan skor risiko dengan kontribusi SHAP sekitar 1.0085.
- F supplier recent 90d award count bernilai 0 dan meningkatkan skor risiko dengan kontribusi SHAP sekitar 0.7772.",,,,,,,
112,test,71926,priority_mix,0.647784,True,0.122616,0.5,0.5,-0.122616,-0.357589,ocds-20h3g7-4685666,Belanja Modal Bangunan Gedung Perpustakaan,2023-08-07 00:00:00+00:00,Pemerintah Daerah Kabupaten Nagekeo,CV. Hocky,4999919243.46,4630970000.0,2,1,Medium Risk,0.480205,0.142411,0.480205,0.377384,0.997572,Perlu Pantauan,model_only,Diturunkan dari triase model: Medium Risk dengan probabilitas 48.02%.,,,False,f_supplier_recent_90d_award_count=-2.3551 | f_buyer_supplier_repeat_count=1.2299 | f_is_q4=0.8728,"Peringkat investigatif paket ini adalah **Perlu Pantauan**.
Diturunkan dari triase model: Medium Risk dengan probabilitas 48.02%.
Model mengklasifikasikan paket ini sebagai **Medium Risk** dengan probabilitas 48.02%.
Catatan penting: ini adalah triase risiko, bukan bukti fraud final. Status kritis hanya boleh dinaikkan bila ada bukti resmi yang terhubung.
Faktor yang paling memengaruhi prediksi adalah:
- F supplier recent 90d award count bernilai 3 dan menurunkan skor risiko dengan kontribusi SHAP sekitar 2.3551.
- Frekuensi hubungan buyer-supplier berulang bernilai 1 dan meningkatkan skor risiko dengan kontribusi SHAP sekitar 1.2299.
- Waktu publikasi pada kuartal iv bernilai 0 dan meningkatkan skor risiko dengan kontribusi SHAP sekitar 0.8728.",,,,,,,
113,test,17234,priority_mix,0.644869,True,0.128376,0.5,0.5,-0.128376,-0.349034,ocds-20h3g7-84653064,Rehabilitasi D.I Air Lakitan Kab. Musi Rawas Lanjutan Paket 2,2023-04-11 00:00:00+00:00,Kementerian Pekerjaan Umum dan Perumahan Rakyat,PT. KARYA DULUR SAROHA,35625214000.0,24937649700.0,2,1,Medium Risk,0.47741,0.150966,0.47741,0.371624,1.006279,Perlu Pantauan,model_only,Diturunkan dari triase model: Medium Risk dengan probabilitas 47.74%.,,,False,f_buyer_supplier_repeat_count=-1.3413 | f_title_length=1.3331 | f_tender_value_log=-1.1387,"Peringkat investigatif paket ini adalah **Perlu Pantauan**.
Diturunkan dari triase model: Medium Risk dengan probabilitas 47.74%.
Model mengklasifikasikan paket ini sebagai **Medium Risk** dengan probabilitas 47.74%.
Catatan penting: ini adalah triase risiko, bukan bukti fraud final. Status kritis hanya boleh dinaikkan bila ada bukti resmi yang terhubung.
Faktor yang paling memengaruhi prediksi adalah:
- Frekuensi hubungan buyer-supplier berulang bernilai 2 dan menurunkan skor risiko dengan kontribusi SHAP sekitar 1.3413.
- Panjang judul tender bernilai 61 dan meningkatkan skor risiko dengan kontribusi SHAP sekitar 1.3331.
- Nilai tender bernilai 24.2963 dan menurunkan skor risiko dengan kontribusi SHAP sekitar 1.1387.",,,,,,,
114,test,65267,priority_mix,0.6437,True,0.125935,0.5,0.5,-0.125935,-0.361398,ocds-20h3g7-10209667,Pembangunan Gedung Pengujian Kendaraan Bermotor (PKB) Dinas Perhubungan Kab. Purwakarta,2023-07-18 00:00:00+00:00,Pemerintah Daerah Kabupaten Purwakarta,CV. VESTA DHARMA,5000083356.52,4423635856.19,2,1,Medium Risk,0.487333,0.138602,0.487333,0.374065,0.992024,Perlu Pantauan,model_only,Diturunkan dari triase model: Medium Risk dengan probabilitas 48.73%.,,,False,f_tender_value_zscore_buyer=-2.0293 | f_buyer_supplier_repeat_count=-1.6512 | f_title_length=1.1414,"Peringkat investigatif paket ini adalah **Perlu Pantauan**.
Diturunkan dari triase model: Medium Risk dengan probabilitas 48.73%.
Model mengklasifikasikan paket ini sebagai **Medium Risk** dengan probabilitas 48.73%.
Catatan penting: ini adalah triase risiko, bukan bukti fraud final. Status kritis hanya boleh dinaikkan bila ada bukti resmi yang terhubung.
Faktor yang paling memengaruhi prediksi adalah:
- F tender value zscore buyer bernilai 3.5827 dan menurunkan skor risiko dengan kontribusi SHAP sekitar 2.0293.
- Frekuensi hubungan buyer-supplier berulang bernilai 9 dan menurunkan skor risiko dengan kontribusi SHAP sekitar 1.6512.
- Panjang judul tender bernilai 87 dan meningkatkan skor risiko dengan kontribusi SHAP sekitar 1.1414.",,,,,,,
115,test,31016,priority_mix,0.638899,True,0.134426,0.5,0.5,-0.134426,-0.350771,ocds-20h3g7-4799298,Pembangunan Jembatan Kuala Buayan (Tahap 5),2023-05-19 00:00:00+00:00,Pemerintah Daerah Kabupaten Sanggau,PILAR CAHAYA ABADI,5081192939.9,4641488869.85,2,1,Medium Risk,0.485197,0.149229,0.485197,0.365574,1.002641,Perlu Pantauan,model_only,Diturunkan dari triase model: Medium Risk dengan probabilitas 48.52%.,,,False,f_tender_value_zscore_buyer=-2.2542 | f_buyer_supplier_repeat_count=0.9958 | f_is_q4=0.8748,"Peringkat investigatif paket ini adalah **Perlu Pantauan**.
Diturunkan dari triase model: Medium Risk dengan probabilitas 48.52%.
Model mengklasifikasikan paket ini sebagai **Medium Risk** dengan probabilitas 48.52%.
Catatan penting: ini adalah triase risiko, bukan bukti fraud final. Status kritis hanya boleh dinaikkan bila ada bukti resmi yang terhubung.
Faktor yang paling memengaruhi prediksi adalah:
- F tender value zscore buyer bernilai 2.3884 dan menurunkan skor risiko dengan kontribusi SHAP sekitar 2.2542.
- Frekuensi hubungan buyer-supplier berulang bernilai 1 dan meningkatkan skor risiko dengan kontribusi SHAP sekitar 0.9958.
- Waktu publikasi pada kuartal iv bernilai 0 dan meningkatkan skor risiko dengan kontribusi SHAP sekitar 0.8748.",,,,,,,
116,test,19754,priority_mix,0.638582,True,0.133659,0.5,0.5,-0.133659,-0.354514,ocds-20h3g7-18204035,Identifikasi Rumah Terkena Relokasi Program Provinsi,2023-04-18 00:00:00+00:00,Pemerintah Daerah Provinsi Kalimantan Timur,PT CITRA BINTANG MATARAM,656770350.0,459737580.0,2,1,Medium Risk,0.488174,0.145486,0.488174,0.366341,0.998387,Perlu Pantauan,model_only,Diturunkan dari triase model: Medium Risk dengan probabilitas 48.82%.,,,False,f_supplier_recent_90d_award_count=-2.2688 | f_buyer_supplier_repeat_count=1.2833 | f_price_deviation_ratio=-0.8964,"Peringkat investigatif paket ini adalah **Perlu Pantauan**.
Diturunkan dari triase model: Medium Risk dengan probabilitas 48.82%.
Model mengklasifikasikan paket ini sebagai **Medium Risk** dengan probabilitas 48.82%.
Catatan penting: ini adalah triase risiko, bukan bukti fraud final. Status kritis hanya boleh dinaikkan bila ada bukti resmi yang terhubung.
Faktor yang paling memengaruhi prediksi adalah:
- F supplier recent 90d award count bernilai 7 dan menurunkan skor risiko dengan kontribusi SHAP sekitar 2.2688.
- Frekuensi hubungan buyer-supplier berulang bernilai 1 dan meningkatkan skor risiko dengan kontribusi SHAP sekitar 1.2833.
- Rasio deviasi harga terhadap nilai tender bernilai 0.7 dan menurunkan skor risiko dengan kontribusi SHAP sekitar 0.8964.",,,,,,,
117,test,90869,priority_mix,0.635437,True,0.127796,0.5,0.5,-0.127796,-0.382571,ocds-20h3g7-8714113,Belanja Barang untuk Dijual/Diserahkan kepada Masyarakat,2023-10-24 00:00:00+00:00,Pemerintah Daerah Kabupaten Badung,CV. VIVA TUNGGAL,5047450000.0,4037960000.0,2,1,Medium Risk,0.510367,0.117429,0.510367,0.372204,0.962664,Perlu Pantauan,model_only,Diturunkan dari triase model: Medium Risk dengan probabilitas 51.04%.,,,False,f_is_q4=-1.4935 | f_buyer_supplier_repeat_count=1.1137 | f_supplier_recent_90d_award_count=0.9072,"Peringkat investigatif paket ini adalah **Perlu Pantauan**.
Diturunkan dari triase model: Medium Risk dengan probabilitas 51.04%.
Model mengklasifikasikan paket ini sebagai **Medium Risk** dengan probabilitas 51.04%.
Catatan penting: ini adalah triase risiko, bukan bukti fraud final. Status kritis hanya boleh dinaikkan bila ada bukti resmi yang terhubung.
Faktor yang paling memengaruhi prediksi adalah:
- Waktu publikasi pada kuartal iv bernilai 1 dan menurunkan skor risiko dengan kontribusi SHAP sekitar 1.4935.
- Frekuensi hubungan buyer-supplier berulang bernilai 0 dan meningkatkan skor risiko dengan kontribusi SHAP sekitar 1.1137.
- F supplier recent 90d award count bernilai 1 dan meningkatkan skor risiko dengan kontribusi SHAP sekitar 0.9072.",,,,,,,
118,test,49571,priority_mix,0.631861,True,0.138862,0.5,0.5,-0.138862,-0.361338,ocds-20h3g7-18559035,Pembangunan Pengamanan Pantai Sandaran Kab. Kutai Timur,2023-06-16 00:00:00+00:00,Pemerintah Daerah Provinsi Kalimantan Timur,CV. BUANA UMAR,5002167237.81,4001733790.25,2,1,Medium Risk,0.5002,0.138662,0.5002,0.361138,0.988286,Perlu Pantauan,model_only,Diturunkan dari triase model: Medium Risk dengan probabilitas 50.02%.,,,False,f_supplier_recent_90d_award_count=-2.1333 | f_buyer_supplier_repeat_count=1.2414 | f_is_q4=0.9060,"Peringkat investigatif paket ini adalah **Perlu Pantauan**.
Diturunkan dari triase model: Medium Risk dengan probabilitas 50.02%.
Model mengklasifikasikan paket ini sebagai **Medium Risk** dengan probabilitas 50.02%.
Catatan penting: ini adalah triase risiko, bukan bukti fraud final. Status kritis hanya boleh dinaikkan bila ada bukti resmi yang terhubung.
Faktor yang paling memengaruhi prediksi adalah:
- F supplier recent 90d award count bernilai 5 dan menurunkan skor risiko dengan kontribusi SHAP sekitar 2.1333.
- Frekuensi hubungan buyer-supplier berulang bernilai 1 dan meningkatkan skor risiko dengan kontribusi SHAP sekitar 1.2414.
- Waktu publikasi pada kuartal iv bernilai 0 dan meningkatkan skor risiko dengan kontribusi SHAP sekitar 0.9060.",,,,,,,
119,test,81041,priority_mix,0.629167,True,0.151213,0.5,0.5,-0.151213,-0.328073,ocds-20h3g7-9512156,Peningkatan Jalan Penghubung Desa Muara Burnai II OKI - Batas Desa Campang Tiga OKUT,2023-09-08 00:00:00+00:00,Pemerintah Daerah Kabupaten Ogan Komering Ilir,CV. SAMUDERA PERKASA,4999994000.0,4951574813.45,2,1,Medium Risk,0.479286,0.171927,0.479286,0.348787,1.022579,Perlu Pantauan,model_only,Diturunkan dari triase model: Medium Risk dengan probabilitas 47.93%.,,,False,f_tender_value_zscore_buyer=-1.6653 | f_supplier_recent_90d_award_count=-1.5718 | f_title_length=1.0248,"Peringkat investigatif paket ini adalah **Perlu Pantauan**.
Diturunkan dari triase model: Medium Risk dengan probabilitas 47.93%.
Model mengklasifikasikan paket ini sebagai **Medium Risk** dengan probabilitas 47.93%.
Catatan penting: ini adalah triase risiko, bukan bukti fraud final. Status kritis hanya boleh dinaikkan bila ada bukti resmi yang terhubung.
Faktor yang paling memengaruhi prediksi adalah:
- F tender value zscore buyer bernilai 2.1625 dan menurunkan skor risiko dengan kontribusi SHAP sekitar 1.6653.
- F supplier recent 90d award count bernilai 7 dan menurunkan skor risiko dengan kontribusi SHAP sekitar 1.5718.
- Panjang judul tender bernilai 84 dan meningkatkan skor risiko dengan kontribusi SHAP sekitar 1.0248.",,,,,,,
120,test,60601,priority_mix,0.628958,True,0.149115,0.5,0.5,-0.149115,-0.336981,ocds-20h3g7-2698233,PENINGKATAN JALAN ALTERNATIF LINGKAR DESA KUPA KUPA,2023-07-06 00:00:00+00:00,Pemerintah Daerah Kabupaten Halmahera Utara,CV.BINTANG PRATAMA,4999993594.46,4848047889.18,2,1,Medium Risk,0.486095,0.163019,0.486095,0.350885,1.013824,Perlu Pantauan,model_only,Diturunkan dari triase model: Medium Risk dengan probabilitas 48.61%.,,,False,f_tender_value_zscore_buyer=-2.2048 | f_buyer_supplier_repeat_count=0.9135 | f_is_q4=0.8479,"Peringkat investigatif paket ini adalah **Perlu Pantauan**.
Diturunkan dari triase model: Medium Risk dengan probabilitas 48.61%.
Model mengklasifikasikan paket ini sebagai **Medium Risk** dengan probabilitas 48.61%.
Catatan penting: ini adalah triase risiko, bukan bukti fraud final. Status kritis hanya boleh dinaikkan bila ada bukti resmi yang terhubung.
Faktor yang paling memengaruhi prediksi adalah:
- F tender value zscore buyer bernilai 2.3123 dan menurunkan skor risiko dengan kontribusi SHAP sekitar 2.2048.
- Frekuensi hubungan buyer-supplier berulang bernilai 0 dan meningkatkan skor risiko dengan kontribusi SHAP sekitar 0.9135.
- Waktu publikasi pada kuartal iv bernilai 0 dan meningkatkan skor risiko dengan kontribusi SHAP sekitar 0.8479.",,,,,,,
121,test,89460,priority_mix,0.624265,True,0.157913,0.5,0.5,-0.157913,-0.322443,ocds-20h3g7-4404357,Peningkatan Jalan Ruas H. Kohar - Kotadaro (Ds. Pinang Nibung - Pinang Jaya),2023-10-13 00:00:00+00:00,Pemerintah Daerah Kabupaten Ogan Ilir,AZKA KARYA UTAMA,4996750000.0,4992028281.25,2,1,Medium Risk,0.480356,0.177557,0.480356,0.342087,1.026065,Perlu Pantauan,model_only,Diturunkan dari triase model: Medium Risk dengan probabilitas 48.04%.,,,False,f_supplier_recent_90d_award_count=-1.9913 | f_is_q4=-1.7603 | f_buyer_supplier_repeat_count=1.0416,"Peringkat investigatif paket ini adalah **Perlu Pantauan**.
Diturunkan dari triase model: Medium Risk dengan probabilitas 48.04%.
Model mengklasifikasikan paket ini sebagai **Medium Risk** dengan probabilitas 48.04%.
Catatan penting: ini adalah triase risiko, bukan bukti fraud final. Status kritis hanya boleh dinaikkan bila ada bukti resmi yang terhubung.
Faktor yang paling memengaruhi prediksi adalah:
- F supplier recent 90d award count bernilai 5 dan menurunkan skor risiko dengan kontribusi SHAP sekitar 1.9913.
- Waktu publikasi pada kuartal iv bernilai 1 dan menurunkan skor risiko dengan kontribusi SHAP sekitar 1.7603.
- Frekuensi hubungan buyer-supplier berulang bernilai 1 dan meningkatkan skor risiko dengan kontribusi SHAP sekitar 1.0416.",,,,,,,
122,test,26056,priority_mix,0.62068,True,0.159699,0.5,0.5,-0.159699,-0.330662,ocds-20h3g7-3218629,01 Pemeliharaan Jalan Sidoarjo -  Simpang Pule,2023-05-10 00:00:00+00:00,Pemerintah Daerah Kabupaten Way Kanan,KEN DEDES,4999348259.31,4989379074.84,2,1,Medium Risk,0.49036,0.169338,0.49036,0.340301,1.016978,Perlu Pantauan,model_only,Diturunkan dari triase model: Medium Risk dengan probabilitas 49.04%.,,,False,f_tender_value_zscore_buyer=-2.4857 | f_is_q4=0.9043 | f_buyer_supplier_repeat_count=0.8884,"Peringkat investigatif paket ini adalah **Perlu Pantauan**.
Diturunkan dari triase model: Medium Risk dengan probabilitas 49.04%.
Model mengklasifikasikan paket ini sebagai **Medium Risk** dengan probabilitas 49.04%.
Catatan penting: ini adalah triase risiko, bukan bukti fraud final. Status kritis hanya boleh dinaikkan bila ada bukti resmi yang terhubung.
Faktor yang paling memengaruhi prediksi adalah:
- F tender value zscore buyer bernilai 2.0995 dan menurunkan skor risiko dengan kontribusi SHAP sekitar 2.4857.
- Waktu publikasi pada kuartal iv bernilai 0 dan meningkatkan skor risiko dengan kontribusi SHAP sekitar 0.9043.
- Frekuensi hubungan buyer-supplier berulang bernilai 0 dan meningkatkan skor risiko dengan kontribusi SHAP sekitar 0.8884.",,,,,,,
123,test,82503,priority_mix,0.619406,True,0.146693,0.5,0.5,-0.146693,-0.377888,ocds-20h3g7-92627114,PEMBANGUNAN GEDUNG ARSIP DITJEN HUBLA,2023-09-13 00:00:00+00:00,Kementerian Perhubungan,CV. SARWO BATHI PERMANA,4999839789.0,4595828840.73,2,1,Medium Risk,0.524581,0.122112,0.524581,0.353307,0.962802,Perlu Pantauan,model_only,Diturunkan dari triase model: Medium Risk dengan probabilitas 52.46%.,,,False,f_supplier_recent_90d_award_count=-2.0698 | f_buyer_supplier_repeat_count=1.2693 | f_is_q4=0.8844,"Peringkat investigatif paket ini adalah **Perlu Pantauan**.
Diturunkan dari triase model: Medium Risk dengan probabilitas 52.46%.
Model mengklasifikasikan paket ini sebagai **Medium Risk** dengan probabilitas 52.46%.
Catatan penting: ini adalah triase risiko, bukan bukti fraud final. Status kritis hanya boleh dinaikkan bila ada bukti resmi yang terhubung.
Faktor yang paling memengaruhi prediksi adalah:
- F supplier recent 90d award count bernilai 3 dan menurunkan skor risiko dengan kontribusi SHAP sekitar 2.0698.
- Frekuensi hubungan buyer-supplier berulang bernilai 1 dan meningkatkan skor risiko dengan kontribusi SHAP sekitar 1.2693.
- Waktu publikasi pada kuartal iv bernilai 0 dan meningkatkan skor risiko dengan kontribusi SHAP sekitar 0.8844.",,,,,,,
124,test,26376,priority_mix,0.61733,True,0.152934,0.5,0.5,-0.152934,-0.366018,ocds-20h3g7-12180415,Peningkatan Saluran Drainase Jl. Wahidin Sudiro Husodo Ruas Perempatan Polres s/d SPBU 53.623.21 Patung,2023-05-10 00:00:00+00:00,Pemerintah Daerah Kabupaten Tuban,CV.VINA VALEN JAYA,4804000000.0,4779994148.12,2,1,Medium Risk,0.518952,0.133982,0.518952,0.347066,0.976993,Perlu Pantauan,model_only,Diturunkan dari triase model: Medium Risk dengan probabilitas 51.90%.,,,False,f_tender_value_zscore_buyer=-2.0653 | f_buyer_supplier_repeat_count=-1.3409 | f_title_length=1.1819,"Peringkat investigatif paket ini adalah **Perlu Pantauan**.
Diturunkan dari triase model: Medium Risk dengan probabilitas 51.90%.
Model mengklasifikasikan paket ini sebagai **Medium Risk** dengan probabilitas 51.90%.
Catatan penting: ini adalah triase risiko, bukan bukti fraud final. Status kritis hanya boleh dinaikkan bila ada bukti resmi yang terhubung.
Faktor yang paling memengaruhi prediksi adalah:
- F tender value zscore buyer bernilai 3.2343 dan menurunkan skor risiko dengan kontribusi SHAP sekitar 2.0653.
- Frekuensi hubungan buyer-supplier berulang bernilai 14 dan menurunkan skor risiko dengan kontribusi SHAP sekitar 1.3409.
- Panjang judul tender bernilai 103 dan meningkatkan skor risiko dengan kontribusi SHAP sekitar 1.1819.",,,,,,,
125,test,41937,priority_mix,0.61693,True,0.155608,0.5,0.5,-0.155608,-0.35899,ocds-20h3g7-7039398,Rehabilitasi Jaringan Irigasi D.I Ketos,2023-06-07 00:00:00+00:00,Pemerintah Daerah Kabupaten Cirebon,cv. DWI TUNGGAL JAYA,4436249000.0,3737857624.27,2,1,Medium Risk,0.514599,0.14101,0.514599,0.344392,0.985224,Perlu Pantauan,model_only,Diturunkan dari triase model: Medium Risk dengan probabilitas 51.46%.,,,False,f_buyer_supplier_repeat_count=-1.8086 | f_supplier_recent_90d_award_count=1.2802 | f_is_q4=1.1388,"Peringkat investigatif paket ini adalah **Perlu Pantauan**.
Diturunkan dari triase model: Medium Risk dengan probabilitas 51.46%.
Model mengklasifikasikan paket ini sebagai **Medium Risk** dengan probabilitas 51.46%.
Catatan penting: ini adalah triase risiko, bukan bukti fraud final. Status kritis hanya boleh dinaikkan bila ada bukti resmi yang terhubung.
Faktor yang paling memengaruhi prediksi adalah:
- Frekuensi hubungan buyer-supplier berulang bernilai 2 dan menurunkan skor risiko dengan kontribusi SHAP sekitar 1.8086.
- F supplier recent 90d award count bernilai 0 dan meningkatkan skor risiko dengan kontribusi SHAP sekitar 1.2802.
- Waktu publikasi pada kuartal iv bernilai 0 dan meningkatkan skor risiko dengan kontribusi SHAP sekitar 1.1388.",,,,,,,
126,test,32937,priority_mix,0.616662,True,0.153163,0.5,0.5,-0.153163,-0.367481,ocds-20h3g7-3628433,Peningkatan Jalan Pesinggahan - Gelogor,2023-05-23 00:00:00+00:00,Pemerintah Daerah Kabupaten Klungkung,CV.SATYA PRAMANA,4999977671.71,4700635207.84,2,1,Medium Risk,0.520644,0.132519,0.520644,0.346837,0.97491,Perlu Pantauan,model_only,Diturunkan dari triase model: Medium Risk dengan probabilitas 52.06%.,,,False,f_supplier_recent_90d_award_count=-2.1024 | f_buyer_supplier_repeat_count=1.2503 | f_is_q4=0.8692,"Peringkat investigatif paket ini adalah **Perlu Pantauan**.
Diturunkan dari triase model: Medium Risk dengan probabilitas 52.06%.
Model mengklasifikasikan paket ini sebagai **Medium Risk** dengan probabilitas 52.06%.
Catatan penting: ini adalah triase risiko, bukan bukti fraud final. Status kritis hanya boleh dinaikkan bila ada bukti resmi yang terhubung.
Faktor yang paling memengaruhi prediksi adalah:
- F supplier recent 90d award count bernilai 5 dan menurunkan skor risiko dengan kontribusi SHAP sekitar 2.1024.
- Frekuensi hubungan buyer-supplier berulang bernilai 1 dan meningkatkan skor risiko dengan kontribusi SHAP sekitar 1.2503.
- Waktu publikasi pada kuartal iv bernilai 0 dan meningkatkan skor risiko dengan kontribusi SHAP sekitar 0.8692.",,,,,,,
127,test,64124,priority_mix,0.616348,True,0.155542,0.5,0.5,-0.155542,-0.361163,ocds-20h3g7-11825589,Rekonstruksi Jalan Kertajaya - Cipedang,2023-07-14 00:00:00+00:00,Pemerintah Daerah Kabupaten Indramayu,CV.MAJU MAPAN,4999871000.0,4399841000.0,2,1,Medium Risk,0.516705,0.138837,0.516705,0.344458,0.982417,Perlu Pantauan,model_only,Diturunkan dari triase model: Medium Risk dengan probabilitas 51.67%.,,,False,f_tender_value_zscore_buyer=-2.3062 | f_buyer_supplier_repeat_count=0.9505 | f_is_q4=0.7677,"Peringkat investigatif paket ini adalah **Perlu Pantauan**.
Diturunkan dari triase model: Medium Risk dengan probabilitas 51.67%.
Model mengklasifikasikan paket ini sebagai **Medium Risk** dengan probabilitas 51.67%.
Catatan penting: ini adalah triase risiko, bukan bukti fraud final. Status kritis hanya boleh dinaikkan bila ada bukti resmi yang terhubung.
Faktor yang paling memengaruhi prediksi adalah:
- F tender value zscore buyer bernilai 2.6717 dan menurunkan skor risiko dengan kontribusi SHAP sekitar 2.3062.
- Frekuensi hubungan buyer-supplier berulang bernilai 0 dan meningkatkan skor risiko dengan kontribusi SHAP sekitar 0.9505.
- Waktu publikasi pada kuartal iv bernilai 0 dan meningkatkan skor risiko dengan kontribusi SHAP sekitar 0.7677.",,,,,,,
128,test,78962,priority_mix,0.615838,True,0.155603,0.5,0.5,-0.155603,-0.362668,ocds-20h3g7-3831675,Peningkatan Jalan Spg.4 Lake - Sukamenang,2023-08-31 00:00:00+00:00,Pemerintah Daerah Kabupaten Musi Rawas Utara,CV..Duta Garuda Adidaya,4999976421.21,4995128885.78,2,1,Medium Risk,0.518271,0.137332,0.518271,0.344397,0.980403,Perlu Pantauan,model_only,Diturunkan dari triase model: Medium Risk dengan probabilitas 51.83%.,,,False,f_supplier_recent_90d_award_count=-2.0996 | f_buyer_supplier_repeat_count=1.2148 | f_is_q4=0.9270,"Peringkat investigatif paket ini adalah **Perlu Pantauan**.
Diturunkan dari triase model: Medium Risk dengan probabilitas 51.83%.
Model mengklasifikasikan paket ini sebagai **Medium Risk** dengan probabilitas 51.83%.
Catatan penting: ini adalah triase risiko, bukan bukti fraud final. Status kritis hanya boleh dinaikkan bila ada bukti resmi yang terhubung.
Faktor yang paling memengaruhi prediksi adalah:
- F supplier recent 90d award count bernilai 3 dan menurunkan skor risiko dengan kontribusi SHAP sekitar 2.0996.
- Frekuensi hubungan buyer-supplier berulang bernilai 0 dan meningkatkan skor risiko dengan kontribusi SHAP sekitar 1.2148.
- Waktu publikasi pada kuartal iv bernilai 0 dan meningkatkan skor risiko dengan kontribusi SHAP sekitar 0.9270.",,,,,,,
129,test,59979,priority_mix,0.615415,True,0.154255,0.5,0.5,-0.154255,-0.368174,ocds-20h3g7-4357280,Pegembangan Puskesmas Rawat Inap Puskesmas Tamansari (DAU),2023-07-05 00:00:00+00:00,LPSE Kabupaten Boyolali,MEGAH PRATAMA MULIA,4980504000.0,4859289604.26,2,1,Medium Risk,0.522429,0.131826,0.522429,0.345745,0.973511,Perlu Pantauan,model_only,Diturunkan dari triase model: Medium Risk dengan probabilitas 52.24%.,,,False,f_buyer_supplier_repeat_count=-1.5795 | f_supplier_recent_90d_award_count=1.1795 | f_is_q4=1.0822,"Peringkat investigatif paket ini adalah **Perlu Pantauan**.
Diturunkan dari triase model: Medium Risk dengan probabilitas 52.24%.
Model mengklasifikasikan paket ini sebagai **Medium Risk** dengan probabilitas 52.24%.
Catatan penting: ini adalah triase risiko, bukan bukti fraud final. Status kritis hanya boleh dinaikkan bila ada bukti resmi yang terhubung.
Faktor yang paling memengaruhi prediksi adalah:
- Frekuensi hubungan buyer-supplier berulang bernilai 6 dan menurunkan skor risiko dengan kontribusi SHAP sekitar 1.5795.
- F supplier recent 90d award count bernilai 0 dan meningkatkan skor risiko dengan kontribusi SHAP sekitar 1.1795.
- Waktu publikasi pada kuartal iv bernilai 0 dan meningkatkan skor risiko dengan kontribusi SHAP sekitar 1.0822.",,,,,,,
130,test,37288,priority_mix,0.614852,True,0.152965,0.5,0.5,-0.152965,-0.373755,ocds-20h3g7-4313280,Pembangunan Gedung PMI,2023-05-30 00:00:00+00:00,LPSE Kabupaten Boyolali,CV. TAUFIK,4889812282.95,4772455935.48,2,1,Medium Risk,0.526719,0.126245,0.526719,0.347035,0.966219,Perlu Pantauan,model_only,Diturunkan dari triase model: Medium Risk dengan probabilitas 52.67%.,,,False,f_buyer_supplier_repeat_count=-1.6024 | f_supplier_recent_90d_award_count=1.1485 | f_is_q4=1.0557,"Peringkat investigatif paket ini adalah **Perlu Pantauan**.
Diturunkan dari triase model: Medium Risk dengan probabilitas 52.67%.
Model mengklasifikasikan paket ini sebagai **Medium Risk** dengan probabilitas 52.67%.
Catatan penting: ini adalah triase risiko, bukan bukti fraud final. Status kritis hanya boleh dinaikkan bila ada bukti resmi yang terhubung.
Faktor yang paling memengaruhi prediksi adalah:
- Frekuensi hubungan buyer-supplier berulang bernilai 4 dan menurunkan skor risiko dengan kontribusi SHAP sekitar 1.6024.
- F supplier recent 90d award count bernilai 1 dan meningkatkan skor risiko dengan kontribusi SHAP sekitar 1.1485.
- Waktu publikasi pada kuartal iv bernilai 0 dan meningkatkan skor risiko dengan kontribusi SHAP sekitar 1.0557.",,,,,,,
131,test,26496,priority_mix,0.614717,True,0.155985,0.5,0.5,-0.155985,-0.365161,ocds-20h3g7-18027111,PENINGKATAN JALAN BRINGINBENDO - TANJUNGSARI (DAK),2023-05-10 00:00:00+00:00,Pemerintah Daerah Kabupaten Sidoarjo,PT PURI BUANA UTAMA,4999991148.29,4434770803.32,2,1,Medium Risk,0.521146,0.134839,0.521146,0.344015,0.976906,Perlu Pantauan,model_only,Diturunkan dari triase model: Medium Risk dengan probabilitas 52.11%.,,,False,f_supplier_recent_90d_award_count=-2.2270 | f_buyer_supplier_repeat_count=1.2297 | f_is_q4=0.8811,"Peringkat investigatif paket ini adalah **Perlu Pantauan**.
Diturunkan dari triase model: Medium Risk dengan probabilitas 52.11%.
Model mengklasifikasikan paket ini sebagai **Medium Risk** dengan probabilitas 52.11%.
Catatan penting: ini adalah triase risiko, bukan bukti fraud final. Status kritis hanya boleh dinaikkan bila ada bukti resmi yang terhubung.
Faktor yang paling memengaruhi prediksi adalah:
- F supplier recent 90d award count bernilai 3 dan menurunkan skor risiko dengan kontribusi SHAP sekitar 2.2270.
- Frekuensi hubungan buyer-supplier berulang bernilai 0 dan meningkatkan skor risiko dengan kontribusi SHAP sekitar 1.2297.
- Waktu publikasi pada kuartal iv bernilai 0 dan meningkatkan skor risiko dengan kontribusi SHAP sekitar 0.8811.",,,,,,,
132,test,24603,priority_mix,0.614381,True,0.155854,0.5,0.5,-0.155854,-0.366648,ocds-20h3g7-4610268,Peningkatan Jalan di Desa Mangkupadi,2023-05-08 00:00:00+00:00,Pemerintah Daerah Kabupaten Bulungan,CV. PRIMA MANDIRI ANANDA,4993520000.0,4930157000.0,2,1,Medium Risk,0.522502,0.133352,0.522502,0.344146,0.974939,Perlu Pantauan,model_only,Diturunkan dari triase model: Medium Risk dengan probabilitas 52.25%.,,,False,f_buyer_supplier_repeat_count=-1.5463 | f_supplier_recent_90d_award_count=1.1187 | f_is_q4=1.0706,"Peringkat investigatif paket ini adalah **Perlu Pantauan**.
Diturunkan dari triase model: Medium Risk dengan probabilitas 52.25%.
Model mengklasifikasikan paket ini sebagai **Medium Risk** dengan probabilitas 52.25%.
Catatan penting: ini adalah triase risiko, bukan bukti fraud final. Status kritis hanya boleh dinaikkan bila ada bukti resmi yang terhubung.
Faktor yang paling memengaruhi prediksi adalah:
- Frekuensi hubungan buyer-supplier berulang bernilai 2 dan menurunkan skor risiko dengan kontribusi SHAP sekitar 1.5463.
- F supplier recent 90d award count bernilai 2 dan meningkatkan skor risiko dengan kontribusi SHAP sekitar 1.1187.
- Waktu publikasi pada kuartal iv bernilai 0 dan meningkatkan skor risiko dengan kontribusi SHAP sekitar 1.0706.",,,,,,,
133,test,35181,priority_mix,0.613404,True,0.163551,0.5,0.5,-0.163551,-0.344957,ocds-20h3g7-653388,Rehabilitasi Jalan T. Umar Kecamatan Tanjungbalai Selatan Kota Tanjungbalai,2023-05-26 00:00:00+00:00,Pemerintah Daerah Kota Tanjung Balai,CV. KARYA BHAKTI PERKASA,4167624581.09,4136495525.3,2,1,Medium Risk,0.508508,0.155043,0.508508,0.336449,0.999396,Perlu Pantauan,model_only,Diturunkan dari triase model: Medium Risk dengan probabilitas 50.85%.,,,False,f_tender_value_zscore_buyer=-2.2358 | f_buyer_supplier_repeat_count=-1.2843 | f_title_length=1.1450,"Peringkat investigatif paket ini adalah **Perlu Pantauan**.
Diturunkan dari triase model: Medium Risk dengan probabilitas 50.85%.
Model mengklasifikasikan paket ini sebagai **Medium Risk** dengan probabilitas 50.85%.
Catatan penting: ini adalah triase risiko, bukan bukti fraud final. Status kritis hanya boleh dinaikkan bila ada bukti resmi yang terhubung.
Faktor yang paling memengaruhi prediksi adalah:
- F tender value zscore buyer bernilai 2.4879 dan menurunkan skor risiko dengan kontribusi SHAP sekitar 2.2358.
- Frekuensi hubungan buyer-supplier berulang bernilai 2 dan menurunkan skor risiko dengan kontribusi SHAP sekitar 1.2843.
- Panjang judul tender bernilai 75 dan meningkatkan skor risiko dengan kontribusi SHAP sekitar 1.1450.",,,,,,,
134,test,30835,priority_mix,0.612183,True,0.161286,0.5,0.5,-0.161286,-0.356905,ocds-20h3g7-3802721,",Pengadaan Armada Penangkapan Ikan dan Alat Tangkap (DAK)",2023-05-19 00:00:00+00:00,Pemerintah Daerah Kabupaten Maluku Tengah,CV. Fajar Bahari Maritim,4820868000.0,4776000000.0,2,1,Medium Risk,0.518191,0.143095,0.518191,0.338714,0.985569,Perlu Pantauan,model_only,Diturunkan dari triase model: Medium Risk dengan probabilitas 51.82%.,,,False,f_buyer_supplier_repeat_count=-1.5919 | f_supplier_recent_90d_award_count=1.2031 | f_is_q4=1.1063,"Peringkat investigatif paket ini adalah **Perlu Pantauan**.
Diturunkan dari triase model: Medium Risk dengan probabilitas 51.82%.
Model mengklasifikasikan paket ini sebagai **Medium Risk** dengan probabilitas 51.82%.
Catatan penting: ini adalah triase risiko, bukan bukti fraud final. Status kritis hanya boleh dinaikkan bila ada bukti resmi yang terhubung.
Faktor yang paling memengaruhi prediksi adalah:
- Frekuensi hubungan buyer-supplier berulang bernilai 3 dan menurunkan skor risiko dengan kontribusi SHAP sekitar 1.5919.
- F supplier recent 90d award count bernilai 0 dan meningkatkan skor risiko dengan kontribusi SHAP sekitar 1.2031.
- Waktu publikasi pada kuartal iv bernilai 0 dan meningkatkan skor risiko dengan kontribusi SHAP sekitar 1.1063.",,,,,,,
135,test,14777,priority_mix,0.611725,True,0.159496,0.5,0.5,-0.159496,-0.364088,ocds-20h3g7-2392605,86. Pembangunan Rumah Negara T-54 (10 unit),2023-04-05 00:00:00+00:00,Kementerian Pertahanan,CV. MARULI ASI,5078014000.0,5072600000.0,2,1,Medium Risk,0.523584,0.135912,0.523584,0.340504,0.97687,Perlu Pantauan,model_only,Diturunkan dari triase model: Medium Risk dengan probabilitas 52.36%.,,,False,f_supplier_recent_90d_award_count=-2.0694 | f_buyer_supplier_repeat_count=1.2929 | f_is_q4=0.9697,"Peringkat investigatif paket ini adalah **Perlu Pantauan**.
Diturunkan dari triase model: Medium Risk dengan probabilitas 52.36%.
Model mengklasifikasikan paket ini sebagai **Medium Risk** dengan probabilitas 52.36%.
Catatan penting: ini adalah triase risiko, bukan bukti fraud final. Status kritis hanya boleh dinaikkan bila ada bukti resmi yang terhubung.
Faktor yang paling memengaruhi prediksi adalah:
- F supplier recent 90d award count bernilai 5 dan menurunkan skor risiko dengan kontribusi SHAP sekitar 2.0694.
- Frekuensi hubungan buyer-supplier berulang bernilai 1 dan meningkatkan skor risiko dengan kontribusi SHAP sekitar 1.2929.
- Waktu publikasi pada kuartal iv bernilai 0 dan meningkatkan skor risiko dengan kontribusi SHAP sekitar 0.9697.",,,,,,,
136,test,30372,priority_mix,0.611584,True,0.159566,0.5,0.5,-0.159566,-0.36433,ocds-20h3g7-22642027,Pembangunan Gedung Tahap II UPPD Kota Pinang,2023-05-17 00:00:00+00:00,Pemerintah Daerah Provinsi Sumatera Utara,CV.GLOBAL MANDIRI,4961429247.3,4857000157.28,2,1,Medium Risk,0.523895,0.13567,0.523895,0.340434,0.976514,Perlu Pantauan,model_only,Diturunkan dari triase model: Medium Risk dengan probabilitas 52.39%.,,,False,f_buyer_supplier_repeat_count=-1.7472 | f_supplier_recent_90d_award_count=1.0845 | f_is_q4=1.0063,"Peringkat investigatif paket ini adalah **Perlu Pantauan**.
Diturunkan dari triase model: Medium Risk dengan probabilitas 52.39%.
Model mengklasifikasikan paket ini sebagai **Medium Risk** dengan probabilitas 52.39%.
Catatan penting: ini adalah triase risiko, bukan bukti fraud final. Status kritis hanya boleh dinaikkan bila ada bukti resmi yang terhubung.
Faktor yang paling memengaruhi prediksi adalah:
- Frekuensi hubungan buyer-supplier berulang bernilai 2 dan menurunkan skor risiko dengan kontribusi SHAP sekitar 1.7472.
- F supplier recent 90d award count bernilai 2 dan meningkatkan skor risiko dengan kontribusi SHAP sekitar 1.0845.
- Waktu publikasi pada kuartal iv bernilai 0 dan meningkatkan skor risiko dengan kontribusi SHAP sekitar 1.0063.",,,,,,,
137,test,57171,priority_mix,0.611397,True,0.159377,0.5,0.5,-0.159377,-0.365516,ocds-20h3g7-2327525,PEMBANGUNAN AULA SERBAGUNA AMONGGEDO,2023-06-27 00:00:00+00:00,Pemerintah Daerah Kabupaten Konawe,CV.BANGUN,4499964000.0,4480211876.72,2,1,Medium Risk,0.524893,0.134484,0.524893,0.340623,0.974986,Perlu Pantauan,model_only,Diturunkan dari triase model: Medium Risk dengan probabilitas 52.49%.,,,False,f_buyer_supplier_repeat_count=-1.7391 | f_supplier_recent_90d_award_count=1.2522 | f_is_q4=1.1065,"Peringkat investigatif paket ini adalah **Perlu Pantauan**.
Diturunkan dari triase model: Medium Risk dengan probabilitas 52.49%.
Model mengklasifikasikan paket ini sebagai **Medium Risk** dengan probabilitas 52.49%.
Catatan penting: ini adalah triase risiko, bukan bukti fraud final. Status kritis hanya boleh dinaikkan bila ada bukti resmi yang terhubung.
Faktor yang paling memengaruhi prediksi adalah:
- Frekuensi hubungan buyer-supplier berulang bernilai 3 dan menurunkan skor risiko dengan kontribusi SHAP sekitar 1.7391.
- F supplier recent 90d award count bernilai 2 dan meningkatkan skor risiko dengan kontribusi SHAP sekitar 1.2522.
- Waktu publikasi pada kuartal iv bernilai 0 dan meningkatkan skor risiko dengan kontribusi SHAP sekitar 1.1065.",,,,,,,
138,test,59008,priority_mix,0.61062,True,0.162036,0.5,0.5,-0.162036,-0.359785,ocds-20h3g7-16621333,Rehab Gedung Asrama dan GSG Diklat Kitribakti Curug,2023-07-04 00:00:00+00:00,Pemerintah Daerah Kabupaten Tangerang,SUMBER GONDANG,4968524238.0,4879443578.98,2,1,Medium Risk,0.52182,0.140215,0.52182,0.337964,0.981501,Perlu Pantauan,model_only,Diturunkan dari triase model: Medium Risk dengan probabilitas 52.18%.,,,False,f_buyer_supplier_repeat_count=-1.5702 | f_supplier_recent_90d_award_count=1.1592 | f_is_q4=1.0635,"Peringkat investigatif paket ini adalah **Perlu Pantauan**.
Diturunkan dari triase model: Medium Risk dengan probabilitas 52.18%.
Model mengklasifikasikan paket ini sebagai **Medium Risk** dengan probabilitas 52.18%.
Catatan penting: ini adalah triase risiko, bukan bukti fraud final. Status kritis hanya boleh dinaikkan bila ada bukti resmi yang terhubung.
Faktor yang paling memengaruhi prediksi adalah:
- Frekuensi hubungan buyer-supplier berulang bernilai 2 dan menurunkan skor risiko dengan kontribusi SHAP sekitar 1.5702.
- F supplier recent 90d award count bernilai 0 dan meningkatkan skor risiko dengan kontribusi SHAP sekitar 1.1592.
- Waktu publikasi pada kuartal iv bernilai 0 dan meningkatkan skor risiko dengan kontribusi SHAP sekitar 1.0635.",,,,,,,
139,test,10037,priority_mix,0.610435,True,0.161036,0.5,0.5,-0.161036,-0.36353,ocds-20h3g7-12074415,Peningkatan Jalan Pucangan-Wangun,2023-03-29 00:00:00+00:00,Pemerintah Daerah Kabupaten Tuban,CV. Babahrot Mandiri,4161750000.0,4052158044.48,2,1,Medium Risk,0.524565,0.13647,0.524565,0.338964,0.976955,Perlu Pantauan,model_only,Diturunkan dari triase model: Medium Risk dengan probabilitas 52.46%.,,,False,f_tender_value_zscore_buyer=-2.6241 | f_buyer_supplier_repeat_count=0.9305 | f_is_q4=0.9298,"Peringkat investigatif paket ini adalah **Perlu Pantauan**.
Diturunkan dari triase model: Medium Risk dengan probabilitas 52.46%.
Model mengklasifikasikan paket ini sebagai **Medium Risk** dengan probabilitas 52.46%.
Catatan penting: ini adalah triase risiko, bukan bukti fraud final. Status kritis hanya boleh dinaikkan bila ada bukti resmi yang terhubung.
Faktor yang paling memengaruhi prediksi adalah:
- F tender value zscore buyer bernilai 3.1032 dan menurunkan skor risiko dengan kontribusi SHAP sekitar 2.6241.
- Frekuensi hubungan buyer-supplier berulang bernilai 1 dan meningkatkan skor risiko dengan kontribusi SHAP sekitar 0.9305.
- Waktu publikasi pada kuartal iv bernilai 0 dan meningkatkan skor risiko dengan kontribusi SHAP sekitar 0.9298.",,,,,,,
140,test,27465,priority_mix,0.610182,True,0.161064,0.5,0.5,-0.161064,-0.364269,ocds-20h3g7-3816721,Rehabilitasi Jaringan Irigasi D.I. Karlutu,2023-05-12 00:00:00+00:00,Pemerintah Daerah Kabupaten Maluku Tengah,CV. EVAN RAYA,4500000000.0,4418900000.0,2,1,Medium Risk,0.525333,0.135731,0.525333,0.338936,0.975945,Perlu Pantauan,model_only,Diturunkan dari triase model: Medium Risk dengan probabilitas 52.53%.,,,False,f_buyer_supplier_repeat_count=-1.7426 | f_supplier_recent_90d_award_count=1.2471 | f_is_q4=1.1330,"Peringkat investigatif paket ini adalah **Perlu Pantauan**.
Diturunkan dari triase model: Medium Risk dengan probabilitas 52.53%.
Model mengklasifikasikan paket ini sebagai **Medium Risk** dengan probabilitas 52.53%.
Catatan penting: ini adalah triase risiko, bukan bukti fraud final. Status kritis hanya boleh dinaikkan bila ada bukti resmi yang terhubung.
Faktor yang paling memengaruhi prediksi adalah:
- Frekuensi hubungan buyer-supplier berulang bernilai 5 dan menurunkan skor risiko dengan kontribusi SHAP sekitar 1.7426.
- F supplier recent 90d award count bernilai 0 dan meningkatkan skor risiko dengan kontribusi SHAP sekitar 1.2471.
- Waktu publikasi pada kuartal iv bernilai 0 dan meningkatkan skor risiko dengan kontribusi SHAP sekitar 1.1330.",,,,,,,
141,test,71214,priority_mix,0.606577,True,0.176123,0.5,0.5,-0.176123,-0.32503,ocds-20h3g7-3090412,Pembangunan Jalan Beton di Ruas Jalan Sp. Tugu Cikampak - Aek Raso - Torganda - HTI Sei Kebara - Cindur,2023-08-04 00:00:00+00:00,Pemerintah Daerah Kabupaten Labuhan Batu Selatan,CV.Harbangan,4000000000.0,3956511000.0,2,1,Medium Risk,0.501153,0.17497,0.501153,0.323877,1.016352,Perlu Pantauan,model_only,Diturunkan dari triase model: Medium Risk dengan probabilitas 50.12%.,,,False,f_tender_value_zscore_buyer=-2.3427 | f_buyer_supplier_repeat_count=-1.3197 | f_title_length=1.0705,"Peringkat investigatif paket ini adalah **Perlu Pantauan**.
Diturunkan dari triase model: Medium Risk dengan probabilitas 50.12%.
Model mengklasifikasikan paket ini sebagai **Medium Risk** dengan probabilitas 50.12%.
Catatan penting: ini adalah triase risiko, bukan bukti fraud final. Status kritis hanya boleh dinaikkan bila ada bukti resmi yang terhubung.
Faktor yang paling memengaruhi prediksi adalah:
- F tender value zscore buyer bernilai 2.1618 dan menurunkan skor risiko dengan kontribusi SHAP sekitar 2.3427.
- Frekuensi hubungan buyer-supplier berulang bernilai 11 dan menurunkan skor risiko dengan kontribusi SHAP sekitar 1.3197.
- Panjang judul tender bernilai 103 dan meningkatkan skor risiko dengan kontribusi SHAP sekitar 1.0705.",,,,,,,
142,test,58987,priority_mix,0.606359,True,0.165041,0.5,0.5,-0.165041,-0.364387,ocds-20h3g7-16603333,Lanjutan Rehabilitasi Gedung Bapenda,2023-07-04 00:00:00+00:00,Pemerintah Daerah Kabupaten Tangerang,CV. Alfina Putri Tunggal,4891103331.99,4805714352.23,2,1,Medium Risk,0.529428,0.135613,0.529428,0.334959,0.974002,Perlu Pantauan,model_only,Diturunkan dari triase model: Medium Risk dengan probabilitas 52.94%.,,,False,f_buyer_supplier_repeat_count=-1.5628 | f_supplier_recent_90d_award_count=1.1940 | f_is_q4=1.1024,"Peringkat investigatif paket ini adalah **Perlu Pantauan**.
Diturunkan dari triase model: Medium Risk dengan probabilitas 52.94%.
Model mengklasifikasikan paket ini sebagai **Medium Risk** dengan probabilitas 52.94%.
Catatan penting: ini adalah triase risiko, bukan bukti fraud final. Status kritis hanya boleh dinaikkan bila ada bukti resmi yang terhubung.
Faktor yang paling memengaruhi prediksi adalah:
- Frekuensi hubungan buyer-supplier berulang bernilai 5 dan menurunkan skor risiko dengan kontribusi SHAP sekitar 1.5628.
- F supplier recent 90d award count bernilai 0 dan meningkatkan skor risiko dengan kontribusi SHAP sekitar 1.1940.
- Waktu publikasi pada kuartal iv bernilai 0 dan meningkatkan skor risiko dengan kontribusi SHAP sekitar 1.1024.",,,,,,,
143,test,40286,priority_mix,0.604653,True,0.166728,0.5,0.5,-0.166728,-0.364691,ocds-20h3g7-8212496,Peningkatan Jalan Tunang (Simpang Sabaka) - Ansolok,2023-06-05 00:00:00+00:00,Pemerintah Daerah Kabupaten Landak,PATROMAN,4894902345.82,4876821000.0,2,1,Medium Risk,0.531419,0.135309,0.531419,0.333272,0.972808,Perlu Pantauan,model_only,Diturunkan dari triase model: Medium Risk dengan probabilitas 53.14%.,,,False,f_buyer_supplier_repeat_count=-1.6094 | f_supplier_recent_90d_award_count=1.1196 | f_is_q4=1.0794,"Peringkat investigatif paket ini adalah **Perlu Pantauan**.
Diturunkan dari triase model: Medium Risk dengan probabilitas 53.14%.
Model mengklasifikasikan paket ini sebagai **Medium Risk** dengan probabilitas 53.14%.
Catatan penting: ini adalah triase risiko, bukan bukti fraud final. Status kritis hanya boleh dinaikkan bila ada bukti resmi yang terhubung.
Faktor yang paling memengaruhi prediksi adalah:
- Frekuensi hubungan buyer-supplier berulang bernilai 4 dan menurunkan skor risiko dengan kontribusi SHAP sekitar 1.6094.
- F supplier recent 90d award count bernilai 2 dan meningkatkan skor risiko dengan kontribusi SHAP sekitar 1.1196.
- Waktu publikasi pada kuartal iv bernilai 0 dan meningkatkan skor risiko dengan kontribusi SHAP sekitar 1.0794.",,,,,,,
144,test,85342,priority_mix,0.604224,True,0.172158,0.5,0.5,-0.172158,-0.348606,ocds-20h3g7-2957353,Pembangunan Gedung serbaguna Pemda Kab. Barsel,2023-09-25 00:00:00+00:00,Pemerintah Daerah Kabupaten Barito Selatan,CV. RONA PERSADA,5000000000.0,4931945071.13,2,1,Medium Risk,0.520764,0.151394,0.520764,0.327842,0.991207,Perlu Pantauan,model_only,Diturunkan dari triase model: Medium Risk dengan probabilitas 52.08%.,,,False,f_tender_value_zscore_buyer=-2.2207 | f_buyer_supplier_repeat_count=0.9614 | f_is_q4=0.8662,"Peringkat investigatif paket ini adalah **Perlu Pantauan**.
Diturunkan dari triase model: Medium Risk dengan probabilitas 52.08%.
Model mengklasifikasikan paket ini sebagai **Medium Risk** dengan probabilitas 52.08%.
Catatan penting: ini adalah triase risiko, bukan bukti fraud final. Status kritis hanya boleh dinaikkan bila ada bukti resmi yang terhubung.
Faktor yang paling memengaruhi prediksi adalah:
- F tender value zscore buyer bernilai 2.121 dan menurunkan skor risiko dengan kontribusi SHAP sekitar 2.2207.
- Frekuensi hubungan buyer-supplier berulang bernilai 0 dan meningkatkan skor risiko dengan kontribusi SHAP sekitar 0.9614.
- Waktu publikasi pada kuartal iv bernilai 0 dan meningkatkan skor risiko dengan kontribusi SHAP sekitar 0.8662.",,,,,,,
145,test,5635,priority_mix,0.604128,True,0.174512,0.5,0.5,-0.174512,-0.340756,ocds-20h3g7-1695473,Peningkatan Ruas Jalan Tuaneo - Bonioen (Lapen),2023-03-21 00:00:00+00:00,Pemerintah Daerah Kabupaten Rote Ndao,CV. ASTRO,4930506000.0,4880000000.0,2,1,Medium Risk,0.515269,0.159244,0.515269,0.325488,0.999576,Perlu Pantauan,model_only,Diturunkan dari triase model: Medium Risk dengan probabilitas 51.53%.,,,False,f_tender_value_zscore_buyer=-2.4693 | f_buyer_supplier_repeat_count=0.9151 | f_is_q4=0.8999,"Peringkat investigatif paket ini adalah **Perlu Pantauan**.
Diturunkan dari triase model: Medium Risk dengan probabilitas 51.53%.
Model mengklasifikasikan paket ini sebagai **Medium Risk** dengan probabilitas 51.53%.
Catatan penting: ini adalah triase risiko, bukan bukti fraud final. Status kritis hanya boleh dinaikkan bila ada bukti resmi yang terhubung.
Faktor yang paling memengaruhi prediksi adalah:
- F tender value zscore buyer bernilai 2.7029 dan menurunkan skor risiko dengan kontribusi SHAP sekitar 2.4693.
- Frekuensi hubungan buyer-supplier berulang bernilai 1 dan meningkatkan skor risiko dengan kontribusi SHAP sekitar 0.9151.
- Waktu publikasi pada kuartal iv bernilai 0 dan meningkatkan skor risiko dengan kontribusi SHAP sekitar 0.8999.",,,,,,,
146,test,63486,priority_mix,0.603471,True,0.166469,0.5,0.5,-0.166469,-0.369216,ocds-20h3g7-4232357,Peningkatan Jalan Tg. Mas Kec. Rantau Alai - Batas OKI (Cor Beton),2023-07-13 00:00:00+00:00,Pemerintah Daerah Kabupaten Ogan Ilir,cv. kemang agung,4996750000.0,4971628997.1,2,1,Medium Risk,0.535684,0.130784,0.535684,0.333531,0.966645,Perlu Pantauan,model_only,Diturunkan dari triase model: Medium Risk dengan probabilitas 53.57%.,,,False,f_supplier_recent_90d_award_count=-1.6331 | f_title_length=1.5582 | f_buyer_supplier_repeat_count=-1.0303,"Peringkat investigatif paket ini adalah **Perlu Pantauan**.
Diturunkan dari triase model: Medium Risk dengan probabilitas 53.57%.
Model mengklasifikasikan paket ini sebagai **Medium Risk** dengan probabilitas 53.57%.
Catatan penting: ini adalah triase risiko, bukan bukti fraud final. Status kritis hanya boleh dinaikkan bila ada bukti resmi yang terhubung.
Faktor yang paling memengaruhi prediksi adalah:
- F supplier recent 90d award count bernilai 3 dan menurunkan skor risiko dengan kontribusi SHAP sekitar 1.6331.
- Panjang judul tender bernilai 66 dan meningkatkan skor risiko dengan kontribusi SHAP sekitar 1.5582.
- Frekuensi hubungan buyer-supplier berulang bernilai 2 dan menurunkan skor risiko dengan kontribusi SHAP sekitar 1.0303.",,,,,,,
147,test,26117,priority_mix,0.602312,True,0.16702,0.5,0.5,-0.16702,-0.371169,ocds-20h3g7-5560639,Belanja Pembangunan Polsek Bandara Tahap 2,2023-05-10 00:00:00+00:00,Pemerintah Daerah Kabupaten Mimika,CV. SINAR INTAN,4987000000.0,4943911218.97,2,1,Medium Risk,0.538188,0.128831,0.538188,0.33298,0.96361,Perlu Pantauan,model_only,Diturunkan dari triase model: Medium Risk dengan probabilitas 53.82%.,,,False,f_buyer_supplier_repeat_count=-1.5430 | f_supplier_recent_90d_award_count=1.2202 | f_is_q4=1.1066,"Peringkat investigatif paket ini adalah **Perlu Pantauan**.
Diturunkan dari triase model: Medium Risk dengan probabilitas 53.82%.
Model mengklasifikasikan paket ini sebagai **Medium Risk** dengan probabilitas 53.82%.
Catatan penting: ini adalah triase risiko, bukan bukti fraud final. Status kritis hanya boleh dinaikkan bila ada bukti resmi yang terhubung.
Faktor yang paling memengaruhi prediksi adalah:
- Frekuensi hubungan buyer-supplier berulang bernilai 3 dan menurunkan skor risiko dengan kontribusi SHAP sekitar 1.5430.
- F supplier recent 90d award count bernilai 0 dan meningkatkan skor risiko dengan kontribusi SHAP sekitar 1.2202.
- Waktu publikasi pada kuartal iv bernilai 0 dan meningkatkan skor risiko dengan kontribusi SHAP sekitar 1.1066.",,,,,,,
148,test,63883,priority_mix,0.602283,True,0.170313,0.5,0.5,-0.170313,-0.361248,ocds-20h3g7-16724333,PEMBANGUNAN UNIT SEKOLAH BARU (USB) SMPN 4 TELUKNAGA,2023-07-14 00:00:00+00:00,Pemerintah Daerah Kabupaten Tangerang,cv. surya abdi pratama,4998926000.0,4873221032.38,2,1,Medium Risk,0.531561,0.138752,0.531561,0.329687,0.975782,Perlu Pantauan,model_only,Diturunkan dari triase model: Medium Risk dengan probabilitas 53.16%.,,,False,f_buyer_supplier_repeat_count=-1.4813 | f_supplier_recent_90d_award_count=1.1600 | f_is_q4=1.1104,"Peringkat investigatif paket ini adalah **Perlu Pantauan**.
Diturunkan dari triase model: Medium Risk dengan probabilitas 53.16%.
Model mengklasifikasikan paket ini sebagai **Medium Risk** dengan probabilitas 53.16%.
Catatan penting: ini adalah triase risiko, bukan bukti fraud final. Status kritis hanya boleh dinaikkan bila ada bukti resmi yang terhubung.
Faktor yang paling memengaruhi prediksi adalah:
- Frekuensi hubungan buyer-supplier berulang bernilai 3 dan menurunkan skor risiko dengan kontribusi SHAP sekitar 1.4813.
- F supplier recent 90d award count bernilai 0 dan meningkatkan skor risiko dengan kontribusi SHAP sekitar 1.1600.
- Waktu publikasi pada kuartal iv bernilai 0 dan meningkatkan skor risiko dengan kontribusi SHAP sekitar 1.1104.",,,,,,,
149,test,6770,priority_mix,0.600517,True,0.172522,0.5,0.5,-0.172522,-0.360086,ocds-20h3g7-7366248,Peningkatan Jalan Panchor - Prambanan (No. 533)(DAK Penugasan),2023-03-24 00:00:00+00:00,Pemerintah Daerah Kabupaten Sumenep,CV. META SOFT,4692490269.82,4645564828.75,2,1,Medium Risk,0.532608,0.139914,0.532608,0.327478,0.976274,Perlu Pantauan,model_only,Diturunkan dari triase model: Medium Risk dengan probabilitas 53.26%.,,,False,f_tender_value_zscore_buyer=-2.0317 | f_title_length=1.3084 | f_buyer_supplier_repeat_count=-1.3084,"Peringkat investigatif paket ini adalah **Perlu Pantauan**.
Diturunkan dari triase model: Medium Risk dengan probabilitas 53.26%.
Model mengklasifikasikan paket ini sebagai **Medium Risk** dengan probabilitas 53.26%.
Catatan penting: ini adalah triase risiko, bukan bukti fraud final. Status kritis hanya boleh dinaikkan bila ada bukti resmi yang terhubung.
Faktor yang paling memengaruhi prediksi adalah:
- F tender value zscore buyer bernilai 2.7723 dan menurunkan skor risiko dengan kontribusi SHAP sekitar 2.0317.
- Panjang judul tender bernilai 62 dan meningkatkan skor risiko dengan kontribusi SHAP sekitar 1.3084.
- Frekuensi hubungan buyer-supplier berulang bernilai 4 dan menurunkan skor risiko dengan kontribusi SHAP sekitar 1.3084.",,,,,,,
150,test,34742,priority_mix,0.600511,True,0.172611,0.5,0.5,-0.172611,-0.359826,ocds-20h3g7-2816353,Belanja Modal Bangunan Gedung Kantor,2023-05-25 00:00:00+00:00,Pemerintah Daerah Kabupaten Barito Selatan,CV. RITA,4402200000.0,4248000000.0,2,1,Medium Risk,0.532437,0.140174,0.532437,0.327389,0.976579,Perlu Pantauan,model_only,Diturunkan dari triase model: Medium Risk dengan probabilitas 53.24%.,,,False,f_buyer_supplier_repeat_count=-1.7008 | f_supplier_recent_90d_award_count=1.2091 | f_is_q4=1.1115,"Peringkat investigatif paket ini adalah **Perlu Pantauan**.
Diturunkan dari triase model: Medium Risk dengan probabilitas 53.24%.
Model mengklasifikasikan paket ini sebagai **Medium Risk** dengan probabilitas 53.24%.
Catatan penting: ini adalah triase risiko, bukan bukti fraud final. Status kritis hanya boleh dinaikkan bila ada bukti resmi yang terhubung.
Faktor yang paling memengaruhi prediksi adalah:
- Frekuensi hubungan buyer-supplier berulang bernilai 3 dan menurunkan skor risiko dengan kontribusi SHAP sekitar 1.7008.
- F supplier recent 90d award count bernilai 0 dan meningkatkan skor risiko dengan kontribusi SHAP sekitar 1.2091.
- Waktu publikasi pada kuartal iv bernilai 0 dan meningkatkan skor risiko dengan kontribusi SHAP sekitar 1.1115.",,,,,,,
151,test,3757,model_heuristic_disagreement,0.599094,True,0.183898,0.5,0.5,-0.183898,-0.325303,ocds-20h3g7-2980412,Pembangunan Jalan dari Desa Aek Raso Menuju Cikampak Kecamatan Torgamba ( Tahap II ),2023-03-17 00:00:00+00:00,Pemerintah Daerah Kabupaten Labuhan Batu Selatan,CV.Hendy Nasri,4000000000.0,3975427000.0,2,1,Medium Risk,0.509201,0.174697,0.509201,0.316102,1.012512,Perlu Pantauan,model_only,Diturunkan dari triase model: Medium Risk dengan probabilitas 50.92%.,,,False,f_tender_value_zscore_buyer=-2.1800 | f_buyer_supplier_repeat_count=-1.2904 | f_title_length=1.1093,"Peringkat investigatif paket ini adalah **Perlu Pantauan**.
Diturunkan dari triase model: Medium Risk dengan probabilitas 50.92%.
Model mengklasifikasikan paket ini sebagai **Medium Risk** dengan probabilitas 50.92%.
Catatan penting: ini adalah triase risiko, bukan bukti fraud final. Status kritis hanya boleh dinaikkan bila ada bukti resmi yang terhubung.
Faktor yang paling memengaruhi prediksi adalah:
- F tender value zscore buyer bernilai 2.1889 dan menurunkan skor risiko dengan kontribusi SHAP sekitar 2.1800.
- Frekuensi hubungan buyer-supplier berulang bernilai 8 dan menurunkan skor risiko dengan kontribusi SHAP sekitar 1.2904.
- Panjang judul tender bernilai 84 dan meningkatkan skor risiko dengan kontribusi SHAP sekitar 1.1093.",,,,,,,
152,test,91203,model_heuristic_disagreement,0.597587,True,0.180089,0.5,0.5,-0.180089,-0.345138,ocds-20h3g7-6572596,"Pemeliharaan Jalan Abdurrasyid Kec. Samarinda Kota (APBD-P 2023),Pemeliharaan Jalan Basuki Rahmad Kec. Smarinda Kota (APBD-P 2023)",2023-10-25 00:00:00+00:00,Pemerintah Daerah Kota Samarinda,CV Karya Attala,4821879307.54,1899984037.58,2,1,Medium Risk,0.525227,0.154862,0.525227,0.319911,0.991665,Perlu Pantauan,model_only,Diturunkan dari triase model: Medium Risk dengan probabilitas 52.52%.,,,False,f_price_deviation_ratio=-2.0506 | f_is_q4=-1.5515 | f_title_length=1.4746,"Peringkat investigatif paket ini adalah **Perlu Pantauan**.
Diturunkan dari triase model: Medium Risk dengan probabilitas 52.52%.
Model mengklasifikasikan paket ini sebagai **Medium Risk** dengan probabilitas 52.52%.
Catatan penting: ini adalah triase risiko, bukan bukti fraud final. Status kritis hanya boleh dinaikkan bila ada bukti resmi yang terhubung.
Faktor yang paling memengaruhi prediksi adalah:
- Rasio deviasi harga terhadap nilai tender bernilai 0.394 dan menurunkan skor risiko dengan kontribusi SHAP sekitar 2.0506.
- Waktu publikasi pada kuartal iv bernilai 1 dan menurunkan skor risiko dengan kontribusi SHAP sekitar 1.5515.
- Panjang judul tender bernilai 130 dan meningkatkan skor risiko dengan kontribusi SHAP sekitar 1.4746.",,,,,,,
153,test,23510,model_heuristic_disagreement,0.597491,True,0.175103,0.5,0.5,-0.175103,-0.361853,ocds-20h3g7-1821552,"Pengadaan Perlengkapan Siswa PAUD, SD dan SMP",2023-05-05 00:00:00+00:00,Pemerintah Daerah Kabupaten Bolaang Mongondow Selatan,PT EMPAT KOSONG DELAPAN INDONESIA,4170026688.0,4039273600.0,2,1,Medium Risk,0.536955,0.138147,0.536955,0.324897,0.972619,Perlu Pantauan,model_only,Diturunkan dari triase model: Medium Risk dengan probabilitas 53.70%.,,,False,f_buyer_supplier_repeat_count=-1.7315 | f_supplier_recent_90d_award_count=1.2074 | f_is_q4=1.0960,"Peringkat investigatif paket ini adalah **Perlu Pantauan**.
Diturunkan dari triase model: Medium Risk dengan probabilitas 53.70%.
Model mengklasifikasikan paket ini sebagai **Medium Risk** dengan probabilitas 53.70%.
Catatan penting: ini adalah triase risiko, bukan bukti fraud final. Status kritis hanya boleh dinaikkan bila ada bukti resmi yang terhubung.
Faktor yang paling memengaruhi prediksi adalah:
- Frekuensi hubungan buyer-supplier berulang bernilai 2 dan menurunkan skor risiko dengan kontribusi SHAP sekitar 1.7315.
- F supplier recent 90d award count bernilai 0 dan meningkatkan skor risiko dengan kontribusi SHAP sekitar 1.2074.
- Waktu publikasi pada kuartal iv bernilai 0 dan meningkatkan skor risiko dengan kontribusi SHAP sekitar 1.0960.",,,,,,,
154,test,2123,model_heuristic_disagreement,0.597483,True,0.175244,0.5,0.5,-0.175244,-0.361438,ocds-20h3g7-24265638,Renovasi Barak Denma Divif-2 Kostrad 1 Lt menjadi 2 Lt,2023-03-15 00:00:00+00:00,Kementerian Pertahanan,CV HALIMUN JAYA MAKMUR,4900000000.0,4848379000.0,2,1,Medium Risk,0.536682,0.138562,0.536682,0.324756,0.973109,Perlu Pantauan,model_only,Diturunkan dari triase model: Medium Risk dengan probabilitas 53.67%.,,,False,f_buyer_supplier_repeat_count=-1.5653 | f_supplier_recent_90d_award_count=1.1575 | f_is_q4=1.1321,"Peringkat investigatif paket ini adalah **Perlu Pantauan**.
Diturunkan dari triase model: Medium Risk dengan probabilitas 53.67%.
Model mengklasifikasikan paket ini sebagai **Medium Risk** dengan probabilitas 53.67%.
Catatan penting: ini adalah triase risiko, bukan bukti fraud final. Status kritis hanya boleh dinaikkan bila ada bukti resmi yang terhubung.
Faktor yang paling memengaruhi prediksi adalah:
- Frekuensi hubungan buyer-supplier berulang bernilai 2 dan menurunkan skor risiko dengan kontribusi SHAP sekitar 1.5653.
- F supplier recent 90d award count bernilai 2 dan meningkatkan skor risiko dengan kontribusi SHAP sekitar 1.1575.
- Waktu publikasi pada kuartal iv bernilai 0 dan meningkatkan skor risiko dengan kontribusi SHAP sekitar 1.1321.",,,,,,,
155,test,59463,model_heuristic_disagreement,0.59721,True,0.171306,0.5,0.5,-0.171306,-0.374135,ocds-20h3g7-57111127,Jasa Konstruksi Rehab Berat Kantor Lurah Palmeriam,2023-07-04 00:00:00+00:00,Pemerintah Daerah Provinsi DKI Jakarta,PT. DIRGASENA,4970399575.38,3876600000.0,2,1,Medium Risk,0.545442,0.125865,0.545442,0.328694,0.957199,Perlu Pantauan,model_only,Diturunkan dari triase model: Medium Risk dengan probabilitas 54.54%.,,,False,f_buyer_supplier_repeat_count=-1.5651 | f_supplier_recent_90d_award_count=1.2708 | f_is_q4=1.1042,"Peringkat investigatif paket ini adalah **Perlu Pantauan**.
Diturunkan dari triase model: Medium Risk dengan probabilitas 54.54%.
Model mengklasifikasikan paket ini sebagai **Medium Risk** dengan probabilitas 54.54%.
Catatan penting: ini adalah triase risiko, bukan bukti fraud final. Status kritis hanya boleh dinaikkan bila ada bukti resmi yang terhubung.
Faktor yang paling memengaruhi prediksi adalah:
- Frekuensi hubungan buyer-supplier berulang bernilai 2 dan menurunkan skor risiko dengan kontribusi SHAP sekitar 1.5651.
- F supplier recent 90d award count bernilai 0 dan meningkatkan skor risiko dengan kontribusi SHAP sekitar 1.2708.
- Waktu publikasi pada kuartal iv bernilai 0 dan meningkatkan skor risiko dengan kontribusi SHAP sekitar 1.1042.",,,,,,,
156,test,27603,model_heuristic_disagreement,0.596809,True,0.17479,0.5,0.5,-0.17479,-0.365006,ocds-20h3g7-2795353,Pembangunan Gedung Kejari Tahap III,2023-05-12 00:00:00+00:00,Pemerintah Daerah Kabupaten Barito Selatan,CV. LINIER CONTRACTOR,4650000000.0,4600000072.12,2,1,Medium Risk,0.539796,0.134994,0.539796,0.32521,0.968451,Perlu Pantauan,model_only,Diturunkan dari triase model: Medium Risk dengan probabilitas 53.98%.,,,False,f_buyer_supplier_repeat_count=-1.5946 | f_supplier_recent_90d_award_count=1.1865 | f_is_q4=1.0760,"Peringkat investigatif paket ini adalah **Perlu Pantauan**.
Diturunkan dari triase model: Medium Risk dengan probabilitas 53.98%.
Model mengklasifikasikan paket ini sebagai **Medium Risk** dengan probabilitas 53.98%.
Catatan penting: ini adalah triase risiko, bukan bukti fraud final. Status kritis hanya boleh dinaikkan bila ada bukti resmi yang terhubung.
Faktor yang paling memengaruhi prediksi adalah:
- Frekuensi hubungan buyer-supplier berulang bernilai 4 dan menurunkan skor risiko dengan kontribusi SHAP sekitar 1.5946.
- F supplier recent 90d award count bernilai 1 dan meningkatkan skor risiko dengan kontribusi SHAP sekitar 1.1865.
- Waktu publikasi pada kuartal iv bernilai 0 dan meningkatkan skor risiko dengan kontribusi SHAP sekitar 1.0760.",,,,,,,
157,test,59019,model_heuristic_disagreement,0.595626,True,0.177158,0.5,0.5,-0.177158,-0.361468,ocds-20h3g7-16647333,Pembangunan Hanggar 2 UPT Workshop DBMSDA Curug,2023-07-04 00:00:00+00:00,Pemerintah Daerah Kabupaten Tangerang,CV.KARYA MULTI TALENTA,4937921721.15,4851014235.35,2,1,Medium Risk,0.538626,0.138532,0.538626,0.322842,0.972099,Perlu Pantauan,model_only,Diturunkan dari triase model: Medium Risk dengan probabilitas 53.86%.,,,False,f_buyer_supplier_repeat_count=-1.5753 | f_supplier_recent_90d_award_count=1.1949 | f_is_q4=1.0762,"Peringkat investigatif paket ini adalah **Perlu Pantauan**.
Diturunkan dari triase model: Medium Risk dengan probabilitas 53.86%.
Model mengklasifikasikan paket ini sebagai **Medium Risk** dengan probabilitas 53.86%.
Catatan penting: ini adalah triase risiko, bukan bukti fraud final. Status kritis hanya boleh dinaikkan bila ada bukti resmi yang terhubung.
Faktor yang paling memengaruhi prediksi adalah:
- Frekuensi hubungan buyer-supplier berulang bernilai 5 dan menurunkan skor risiko dengan kontribusi SHAP sekitar 1.5753.
- F supplier recent 90d award count bernilai 0 dan meningkatkan skor risiko dengan kontribusi SHAP sekitar 1.1949.
- Waktu publikasi pada kuartal iv bernilai 0 dan meningkatkan skor risiko dengan kontribusi SHAP sekitar 1.0762.",,,,,,,
158,test,85785,model_heuristic_disagreement,0.59548,True,0.183919,0.5,0.5,-0.183919,-0.33934,ocds-20h3g7-12915318,Penataan Jalan Protokol PCI - Alun-Alun,2023-09-27 00:00:00+00:00,Pemerintah Daerah Kota Cilegon,PT. HUTAMA BERKAH SEMESTA,4899318800.0,4574420123.92,2,1,Medium Risk,0.52326,0.16066,0.52326,0.316081,0.996713,Perlu Pantauan,model_only,Diturunkan dari triase model: Medium Risk dengan probabilitas 52.33%.,,,False,f_tender_value_zscore_buyer=-2.4195 | f_is_q4=0.8825 | f_buyer_supplier_repeat_count=0.8711,"Peringkat investigatif paket ini adalah **Perlu Pantauan**.
Diturunkan dari triase model: Medium Risk dengan probabilitas 52.33%.
Model mengklasifikasikan paket ini sebagai **Medium Risk** dengan probabilitas 52.33%.
Catatan penting: ini adalah triase risiko, bukan bukti fraud final. Status kritis hanya boleh dinaikkan bila ada bukti resmi yang terhubung.
Faktor yang paling memengaruhi prediksi adalah:
- F tender value zscore buyer bernilai 2.6179 dan menurunkan skor risiko dengan kontribusi SHAP sekitar 2.4195.
- Waktu publikasi pada kuartal iv bernilai 0 dan meningkatkan skor risiko dengan kontribusi SHAP sekitar 0.8825.
- Frekuensi hubungan buyer-supplier berulang bernilai 0 dan meningkatkan skor risiko dengan kontribusi SHAP sekitar 0.8711.",,,,,,,
159,test,33455,model_heuristic_disagreement,0.59379,True,0.179063,0.5,0.5,-0.179063,-0.361448,ocds-20h3g7-5096164,Pembangunan Masjid di Pondok Lansia,2023-05-24 00:00:00+00:00,LPSE Kota Madiun,CV. PALILLAH,4483740000.0,4352720888.7,2,1,Medium Risk,0.54051,0.138552,0.54051,0.320937,0.971142,Perlu Pantauan,model_only,Diturunkan dari triase model: Medium Risk dengan probabilitas 54.05%.,,,False,f_buyer_supplier_repeat_count=-1.7812 | f_supplier_recent_90d_award_count=1.2294 | f_is_q4=1.1302,"Peringkat investigatif paket ini adalah **Perlu Pantauan**.
Diturunkan dari triase model: Medium Risk dengan probabilitas 54.05%.
Model mengklasifikasikan paket ini sebagai **Medium Risk** dengan probabilitas 54.05%.
Catatan penting: ini adalah triase risiko, bukan bukti fraud final. Status kritis hanya boleh dinaikkan bila ada bukti resmi yang terhubung.
Faktor yang paling memengaruhi prediksi adalah:
- Frekuensi hubungan buyer-supplier berulang bernilai 7 dan menurunkan skor risiko dengan kontribusi SHAP sekitar 1.7812.
- F supplier recent 90d award count bernilai 2 dan meningkatkan skor risiko dengan kontribusi SHAP sekitar 1.2294.
- Waktu publikasi pada kuartal iv bernilai 0 dan meningkatkan skor risiko dengan kontribusi SHAP sekitar 1.1302.",,,,,,,
160,test,3759,model_heuristic_disagreement,0.593657,True,0.189478,0.5,0.5,-0.189478,-0.325588,ocds-20h3g7-2982412,Pembangunan Jalan dari simpang Asam Jawa menuju Sumberjo Kecamatan Torgamba,2023-03-17 00:00:00+00:00,Pemerintah Daerah Kabupaten Labuhan Batu Selatan,CV.Harbangan,4000000000.0,3981300000.0,2,1,Medium Risk,0.515066,0.174412,0.515066,0.310522,1.009463,Perlu Pantauan,model_only,Diturunkan dari triase model: Medium Risk dengan probabilitas 51.51%.,,,False,f_tender_value_zscore_buyer=-2.2794 | f_buyer_supplier_repeat_count=-1.2608 | f_title_length=1.1207,"Peringkat investigatif paket ini adalah **Perlu Pantauan**.
Diturunkan dari triase model: Medium Risk dengan probabilitas 51.51%.
Model mengklasifikasikan paket ini sebagai **Medium Risk** dengan probabilitas 51.51%.
Catatan penting: ini adalah triase risiko, bukan bukti fraud final. Status kritis hanya boleh dinaikkan bila ada bukti resmi yang terhubung.
Faktor yang paling memengaruhi prediksi adalah:
- F tender value zscore buyer bernilai 2.1709 dan menurunkan skor risiko dengan kontribusi SHAP sekitar 2.2794.
- Frekuensi hubungan buyer-supplier berulang bernilai 8 dan menurunkan skor risiko dengan kontribusi SHAP sekitar 1.2608.
- Panjang judul tender bernilai 75 dan meningkatkan skor risiko dengan kontribusi SHAP sekitar 1.1207.",,,,,,,
161,test,92147,model_heuristic_disagreement,0.592864,True,0.177484,0.5,0.5,-0.177484,-0.369182,ocds-20h3g7-5171607,Pengadaan Lampu Jalan/Lampu taman Jalan,2023-11-01 00:00:00+00:00,Pemerintah Daerah Kabupaten Raja Ampat,PT. ADHY TAMA MANDIRI,4700000000.0,4559278134.56,2,1,Medium Risk,0.546666,0.130818,0.546666,0.322516,0.961179,Perlu Pantauan,model_only,Diturunkan dari triase model: Medium Risk dengan probabilitas 54.67%.,,,False,f_is_q4=-1.5868 | f_buyer_supplier_repeat_count=1.0422 | f_supplier_recent_90d_award_count=0.8747,"Peringkat investigatif paket ini adalah **Perlu Pantauan**.
Diturunkan dari triase model: Medium Risk dengan probabilitas 54.67%.
Model mengklasifikasikan paket ini sebagai **Medium Risk** dengan probabilitas 54.67%.
Catatan penting: ini adalah triase risiko, bukan bukti fraud final. Status kritis hanya boleh dinaikkan bila ada bukti resmi yang terhubung.
Faktor yang paling memengaruhi prediksi adalah:
- Waktu publikasi pada kuartal iv bernilai 1 dan menurunkan skor risiko dengan kontribusi SHAP sekitar 1.5868.
- Frekuensi hubungan buyer-supplier berulang bernilai 0 dan meningkatkan skor risiko dengan kontribusi SHAP sekitar 1.0422.
- F supplier recent 90d award count bernilai 0 dan meningkatkan skor risiko dengan kontribusi SHAP sekitar 0.8747.",,,,,,,
162,test,27492,model_heuristic_disagreement,0.592551,True,0.178799,0.5,0.5,-0.178799,-0.366197,ocds-20h3g7-4828249,Pembangunan Jalan Tani Melapeh - Benap,2023-05-12 00:00:00+00:00,Pemerintah Daerah Kabupaten Kutai Barat,ADINATA SIWARKA,4702071000.0,4700135235.7,2,1,Medium Risk,0.544996,0.133803,0.544996,0.321201,0.964714,Perlu Pantauan,model_only,Diturunkan dari triase model: Medium Risk dengan probabilitas 54.50%.,,,False,f_buyer_supplier_repeat_count=-1.6244 | f_supplier_recent_90d_award_count=1.2276 | f_is_q4=1.1328,"Peringkat investigatif paket ini adalah **Perlu Pantauan**.
Diturunkan dari triase model: Medium Risk dengan probabilitas 54.50%.
Model mengklasifikasikan paket ini sebagai **Medium Risk** dengan probabilitas 54.50%.
Catatan penting: ini adalah triase risiko, bukan bukti fraud final. Status kritis hanya boleh dinaikkan bila ada bukti resmi yang terhubung.
Faktor yang paling memengaruhi prediksi adalah:
- Frekuensi hubungan buyer-supplier berulang bernilai 5 dan menurunkan skor risiko dengan kontribusi SHAP sekitar 1.6244.
- F supplier recent 90d award count bernilai 2 dan meningkatkan skor risiko dengan kontribusi SHAP sekitar 1.2276.
- Waktu publikasi pada kuartal iv bernilai 0 dan meningkatkan skor risiko dengan kontribusi SHAP sekitar 1.1328.",,,,,,,
163,test,44087,model_heuristic_disagreement,0.592538,True,0.177998,0.5,0.5,-0.177998,-0.368651,ocds-20h3g7-4927434,Rehab Kantor Kejaksaan Negeri Lahat Kecamatan Lahat,2023-06-09 00:00:00+00:00,Pemerintah Daerah Kabupaten Lahat,DUTA MANDIRI PERKASA,4899999000.0,4851906090.54,2,1,Medium Risk,0.546649,0.131349,0.546649,0.322002,0.961665,Perlu Pantauan,model_only,Diturunkan dari triase model: Medium Risk dengan probabilitas 54.66%.,,,False,f_buyer_supplier_repeat_count=-1.5386 | f_supplier_recent_90d_award_count=1.1075 | f_is_q4=1.0604,"Peringkat investigatif paket ini adalah **Perlu Pantauan**.
Diturunkan dari triase model: Medium Risk dengan probabilitas 54.66%.
Model mengklasifikasikan paket ini sebagai **Medium Risk** dengan probabilitas 54.66%.
Catatan penting: ini adalah triase risiko, bukan bukti fraud final. Status kritis hanya boleh dinaikkan bila ada bukti resmi yang terhubung.
Faktor yang paling memengaruhi prediksi adalah:
- Frekuensi hubungan buyer-supplier berulang bernilai 3 dan menurunkan skor risiko dengan kontribusi SHAP sekitar 1.5386.
- F supplier recent 90d award count bernilai 1 dan meningkatkan skor risiko dengan kontribusi SHAP sekitar 1.1075.
- Waktu publikasi pada kuartal iv bernilai 0 dan meningkatkan skor risiko dengan kontribusi SHAP sekitar 1.0604.",,,,,,,
164,test,9790,model_heuristic_disagreement,0.592246,True,0.179888,0.5,0.5,-0.179888,-0.363827,ocds-20h3g7-6346421,Rehabilitasi Pemeliharaan Berkala Jalan dalam Kota Labuha,2023-03-29 00:00:00+00:00,Pemerintah Daerah Kabupaten Halmahera Selatan,cv vini vidi vici,4900000000.0,4882785260.3,2,1,Medium Risk,0.543715,0.136173,0.543715,0.320112,0.967442,Perlu Pantauan,model_only,Diturunkan dari triase model: Medium Risk dengan probabilitas 54.37%.,,,False,f_buyer_supplier_repeat_count=-1.5273 | f_supplier_recent_90d_award_count=1.1876 | f_is_q4=1.0868,"Peringkat investigatif paket ini adalah **Perlu Pantauan**.
Diturunkan dari triase model: Medium Risk dengan probabilitas 54.37%.
Model mengklasifikasikan paket ini sebagai **Medium Risk** dengan probabilitas 54.37%.
Catatan penting: ini adalah triase risiko, bukan bukti fraud final. Status kritis hanya boleh dinaikkan bila ada bukti resmi yang terhubung.
Faktor yang paling memengaruhi prediksi adalah:
- Frekuensi hubungan buyer-supplier berulang bernilai 4 dan menurunkan skor risiko dengan kontribusi SHAP sekitar 1.5273.
- F supplier recent 90d award count bernilai 0 dan meningkatkan skor risiko dengan kontribusi SHAP sekitar 1.1876.
- Waktu publikasi pada kuartal iv bernilai 0 dan meningkatkan skor risiko dengan kontribusi SHAP sekitar 1.0868.",,,,,,,
165,test,53882,model_heuristic_disagreement,0.591956,True,0.177749,0.5,0.5,-0.177749,-0.37117,ocds-20h3g7-3618458,"Penataan Bangunan Water Front City (Penggantian Keramik, lampu, aksesoris taman dan pagar halaman)",2023-06-22 00:00:00+00:00,Pemerintah Daerah Kabupaten Barito Utara,CV. ARTHA BHINA PERSADA,4998800000.0,4993191567.95,2,1,Medium Risk,0.548919,0.12883,0.548919,0.322251,0.958176,Perlu Pantauan,model_only,Diturunkan dari triase model: Medium Risk dengan probabilitas 54.89%.,,,False,f_supplier_recent_90d_award_count=-1.7155 | f_title_length=1.6442 | f_is_q4=1.0718,"Peringkat investigatif paket ini adalah **Perlu Pantauan**.
Diturunkan dari triase model: Medium Risk dengan probabilitas 54.89%.
Model mengklasifikasikan paket ini sebagai **Medium Risk** dengan probabilitas 54.89%.
Catatan penting: ini adalah triase risiko, bukan bukti fraud final. Status kritis hanya boleh dinaikkan bila ada bukti resmi yang terhubung.
Faktor yang paling memengaruhi prediksi adalah:
- F supplier recent 90d award count bernilai 3 dan menurunkan skor risiko dengan kontribusi SHAP sekitar 1.7155.
- Panjang judul tender bernilai 98 dan meningkatkan skor risiko dengan kontribusi SHAP sekitar 1.6442.
- Waktu publikasi pada kuartal iv bernilai 0 dan meningkatkan skor risiko dengan kontribusi SHAP sekitar 1.0718.",,,,,,,
166,test,22562,model_heuristic_disagreement,0.591333,True,0.183262,0.5,0.5,-0.183262,-0.356153,ocds-20h3g7-6211596,Rehab Sarana dan Prasarana di Kawasan Citra Niaga,2023-05-03 00:00:00+00:00,Pemerintah Daerah Kota Samarinda,CV. RADITYATAMA JAYA,4885373000.0,4776035408.98,2,1,Medium Risk,0.539415,0.143847,0.539415,0.316738,0.976033,Perlu Pantauan,model_only,Diturunkan dari triase model: Medium Risk dengan probabilitas 53.94%.,,,False,f_buyer_supplier_repeat_count=-1.6197 | f_supplier_recent_90d_award_count=1.1833 | f_is_q4=1.0926,"Peringkat investigatif paket ini adalah **Perlu Pantauan**.
Diturunkan dari triase model: Medium Risk dengan probabilitas 53.94%.
Model mengklasifikasikan paket ini sebagai **Medium Risk** dengan probabilitas 53.94%.
Catatan penting: ini adalah triase risiko, bukan bukti fraud final. Status kritis hanya boleh dinaikkan bila ada bukti resmi yang terhubung.
Faktor yang paling memengaruhi prediksi adalah:
- Frekuensi hubungan buyer-supplier berulang bernilai 3 dan menurunkan skor risiko dengan kontribusi SHAP sekitar 1.6197.
- F supplier recent 90d award count bernilai 0 dan meningkatkan skor risiko dengan kontribusi SHAP sekitar 1.1833.
- Waktu publikasi pada kuartal iv bernilai 0 dan meningkatkan skor risiko dengan kontribusi SHAP sekitar 1.0926.",,,,,,,
167,test,6540,model_heuristic_disagreement,0.590784,True,0.178911,0.5,0.5,-0.178911,-0.371298,ocds-20h3g7-3750633,"Rehabilitasi/Pemeliharaan Periodik Jalan Ruteng - Golo Cala, HRS, Kec.Langke Rembong/Satar Mese",2023-03-24 00:00:00+00:00,Pemerintah Daerah Kabupaten Manggarai,CV. Sarana Karya Utama,4999058917.0,4987896020.21,2,1,Medium Risk,0.550209,0.128702,0.550209,0.321089,0.957367,Perlu Pantauan,model_only,Diturunkan dari triase model: Medium Risk dengan probabilitas 55.02%.,,,False,f_title_length=1.7095 | f_supplier_recent_90d_award_count=-1.6477 | f_buyer_supplier_repeat_count=-1.0653,"Peringkat investigatif paket ini adalah **Perlu Pantauan**.
Diturunkan dari triase model: Medium Risk dengan probabilitas 55.02%.
Model mengklasifikasikan paket ini sebagai **Medium Risk** dengan probabilitas 55.02%.
Catatan penting: ini adalah triase risiko, bukan bukti fraud final. Status kritis hanya boleh dinaikkan bila ada bukti resmi yang terhubung.
Faktor yang paling memengaruhi prediksi adalah:
- Panjang judul tender bernilai 95 dan meningkatkan skor risiko dengan kontribusi SHAP sekitar 1.7095.
- F supplier recent 90d award count bernilai 3 dan menurunkan skor risiko dengan kontribusi SHAP sekitar 1.6477.
- Frekuensi hubungan buyer-supplier berulang bernilai 3 dan menurunkan skor risiko dengan kontribusi SHAP sekitar 1.0653.",,,,,,,
168,test,53573,model_heuristic_disagreement,0.590676,True,0.190347,0.5,0.5,-0.190347,-0.334013,ocds-20h3g7-4923274,Peningkatan Ruas Jalan Negara saka - Tugu Sari (049),2023-06-21 00:00:00+00:00,Pemerintah Daerah Kabupaten Pesawaran,cv bandar sai jaya,4784200000.0,4725019426.79,2,1,Medium Risk,0.52436,0.165987,0.52436,0.309653,0.999609,Perlu Pantauan,model_only,Diturunkan dari triase model: Medium Risk dengan probabilitas 52.44%.,,,False,f_tender_value_zscore_buyer=-2.3630 | f_buyer_supplier_repeat_count=0.9327 | f_is_q4=0.8552,"Peringkat investigatif paket ini adalah **Perlu Pantauan**.
Diturunkan dari triase model: Medium Risk dengan probabilitas 52.44%.
Model mengklasifikasikan paket ini sebagai **Medium Risk** dengan probabilitas 52.44%.
Catatan penting: ini adalah triase risiko, bukan bukti fraud final. Status kritis hanya boleh dinaikkan bila ada bukti resmi yang terhubung.
Faktor yang paling memengaruhi prediksi adalah:
- F tender value zscore buyer bernilai 2.346 dan menurunkan skor risiko dengan kontribusi SHAP sekitar 2.3630.
- Frekuensi hubungan buyer-supplier berulang bernilai 1 dan meningkatkan skor risiko dengan kontribusi SHAP sekitar 0.9327.
- Waktu publikasi pada kuartal iv bernilai 0 dan meningkatkan skor risiko dengan kontribusi SHAP sekitar 0.8552.",,,,,,,
169,test,15351,model_heuristic_disagreement,0.590648,True,0.182081,0.5,0.5,-0.182081,-0.362133,ocds-20h3g7-16904168,Rehabilitasi Gedung IGD Bayung Lencir Kec.Bayung Lencir,2023-04-06 00:00:00+00:00,Pemerintah Daerah Kabupaten Musi Banyuasin,CV. Terkas Daya Mandiri,4838756000.0,4740318270.84,2,1,Medium Risk,0.544213,0.137867,0.544213,0.317919,0.968608,Perlu Pantauan,model_only,Diturunkan dari triase model: Medium Risk dengan probabilitas 54.42%.,,,False,f_buyer_supplier_repeat_count=-1.6095 | f_supplier_recent_90d_award_count=1.1126 | f_is_q4=1.0533,"Peringkat investigatif paket ini adalah **Perlu Pantauan**.
Diturunkan dari triase model: Medium Risk dengan probabilitas 54.42%.
Model mengklasifikasikan paket ini sebagai **Medium Risk** dengan probabilitas 54.42%.
Catatan penting: ini adalah triase risiko, bukan bukti fraud final. Status kritis hanya boleh dinaikkan bila ada bukti resmi yang terhubung.
Faktor yang paling memengaruhi prediksi adalah:
- Frekuensi hubungan buyer-supplier berulang bernilai 3 dan menurunkan skor risiko dengan kontribusi SHAP sekitar 1.6095.
- F supplier recent 90d award count bernilai 2 dan meningkatkan skor risiko dengan kontribusi SHAP sekitar 1.1126.
- Waktu publikasi pada kuartal iv bernilai 0 dan meningkatkan skor risiko dengan kontribusi SHAP sekitar 1.0533.",,,,,,,
170,test,42301,model_heuristic_disagreement,0.590645,True,0.181028,0.5,0.5,-0.181028,-0.365385,ocds-20h3g7-22737027,Pembangunan Gedung Kantor UPPD Lima Puluh,2023-06-07 00:00:00+00:00,Pemerintah Daerah Provinsi Sumatera Utara,CV. SIGMA SISEANNA,4991492777.13,4891500000.0,2,1,Medium Risk,0.546413,0.134615,0.546413,0.318972,0.964663,Perlu Pantauan,model_only,Diturunkan dari triase model: Medium Risk dengan probabilitas 54.64%.,,,False,f_supplier_recent_90d_award_count=-2.0817 | f_buyer_supplier_repeat_count=1.1922 | f_is_q4=0.9013,"Peringkat investigatif paket ini adalah **Perlu Pantauan**.
Diturunkan dari triase model: Medium Risk dengan probabilitas 54.64%.
Model mengklasifikasikan paket ini sebagai **Medium Risk** dengan probabilitas 54.64%.
Catatan penting: ini adalah triase risiko, bukan bukti fraud final. Status kritis hanya boleh dinaikkan bila ada bukti resmi yang terhubung.
Faktor yang paling memengaruhi prediksi adalah:
- F supplier recent 90d award count bernilai 5 dan menurunkan skor risiko dengan kontribusi SHAP sekitar 2.0817.
- Frekuensi hubungan buyer-supplier berulang bernilai 1 dan meningkatkan skor risiko dengan kontribusi SHAP sekitar 1.1922.
- Waktu publikasi pada kuartal iv bernilai 0 dan meningkatkan skor risiko dengan kontribusi SHAP sekitar 0.9013.",,,,,,,
171,test,43097,model_heuristic_disagreement,0.590212,True,0.1829,0.5,0.5,-0.1829,-0.360973,ocds-20h3g7-2500301,Peningkatan Jalan Paroman Sawah - KP Pinang (DAK Reguler),2023-06-08 00:00:00+00:00,Pemerintah Daerah Kabupaten Pasaman Barat,PT. HARIYONA,4659613138.36,4383453000.0,2,1,Medium Risk,0.543873,0.139027,0.543873,0.3171,0.969754,Perlu Pantauan,model_only,Diturunkan dari triase model: Medium Risk dengan probabilitas 54.39%.,,,False,f_buyer_supplier_repeat_count=-1.6622 | f_supplier_recent_90d_award_count=1.2209 | f_is_q4=1.0704,"Peringkat investigatif paket ini adalah **Perlu Pantauan**.
Diturunkan dari triase model: Medium Risk dengan probabilitas 54.39%.
Model mengklasifikasikan paket ini sebagai **Medium Risk** dengan probabilitas 54.39%.
Catatan penting: ini adalah triase risiko, bukan bukti fraud final. Status kritis hanya boleh dinaikkan bila ada bukti resmi yang terhubung.
Faktor yang paling memengaruhi prediksi adalah:
- Frekuensi hubungan buyer-supplier berulang bernilai 3 dan menurunkan skor risiko dengan kontribusi SHAP sekitar 1.6622.
- F supplier recent 90d award count bernilai 1 dan meningkatkan skor risiko dengan kontribusi SHAP sekitar 1.2209.
- Waktu publikasi pada kuartal iv bernilai 0 dan meningkatkan skor risiko dengan kontribusi SHAP sekitar 1.0704.",,,,,,,
172,test,83809,model_heuristic_disagreement,0.589817,True,0.181633,0.5,0.5,-0.181633,-0.366132,ocds-20h3g7-4077571,Belanja Modal Lampu Jalan Lingkungan,2023-09-19 00:00:00+00:00,Pemerintah Daerah Kota Kendari,CV ADIVA MANDIRI TEKNIK,4916853000.0,4909407449.53,2,1,Medium Risk,0.547765,0.133868,0.547765,0.318367,0.963287,Perlu Pantauan,model_only,Diturunkan dari triase model: Medium Risk dengan probabilitas 54.78%.,,,False,f_buyer_supplier_repeat_count=-1.6537 | f_supplier_recent_90d_award_count=1.2446 | f_is_q4=1.0596,"Peringkat investigatif paket ini adalah **Perlu Pantauan**.
Diturunkan dari triase model: Medium Risk dengan probabilitas 54.78%.
Model mengklasifikasikan paket ini sebagai **Medium Risk** dengan probabilitas 54.78%.
Catatan penting: ini adalah triase risiko, bukan bukti fraud final. Status kritis hanya boleh dinaikkan bila ada bukti resmi yang terhubung.
Faktor yang paling memengaruhi prediksi adalah:
- Frekuensi hubungan buyer-supplier berulang bernilai 3 dan menurunkan skor risiko dengan kontribusi SHAP sekitar 1.6537.
- F supplier recent 90d award count bernilai 0 dan meningkatkan skor risiko dengan kontribusi SHAP sekitar 1.2446.
- Waktu publikasi pada kuartal iv bernilai 0 dan meningkatkan skor risiko dengan kontribusi SHAP sekitar 1.0596.",,,,,,,
173,test,91218,model_heuristic_disagreement,0.5898,True,0.181733,0.5,0.5,-0.181733,-0.365881,ocds-20h3g7-6596059,"Pemeliharaan Jalan Sudirman, Jalan Gerilya dan Jalan Antasari dan Pemeliharaan Jalan Jaksa Agung Suprapto dan Jalan Dr. Murjani",2023-10-25 00:00:00+00:00,Pemerintah Daerah Kabupaten Tabalong,ALLFINE BANGUN BANUA,4899843157.0,4657013029.61,2,1,Medium Risk,0.547615,0.134119,0.547615,0.318267,0.963585,Perlu Pantauan,model_only,Diturunkan dari triase model: Medium Risk dengan probabilitas 54.76%.,,,False,f_title_length=1.5201 | f_is_q4=-1.1925 | f_supplier_recent_90d_award_count=1.1890,"Peringkat investigatif paket ini adalah **Perlu Pantauan**.
Diturunkan dari triase model: Medium Risk dengan probabilitas 54.76%.
Model mengklasifikasikan paket ini sebagai **Medium Risk** dengan probabilitas 54.76%.
Catatan penting: ini adalah triase risiko, bukan bukti fraud final. Status kritis hanya boleh dinaikkan bila ada bukti resmi yang terhubung.
Faktor yang paling memengaruhi prediksi adalah:
- Panjang judul tender bernilai 127 dan meningkatkan skor risiko dengan kontribusi SHAP sekitar 1.5201.
- Waktu publikasi pada kuartal iv bernilai 1 dan menurunkan skor risiko dengan kontribusi SHAP sekitar 1.1925.
- F supplier recent 90d award count bernilai 2 dan meningkatkan skor risiko dengan kontribusi SHAP sekitar 1.1890.",,,,,,,
174,test,72372,model_heuristic_disagreement,0.589594,True,0.19142,0.5,0.5,-0.19142,-0.334167,ocds-20h3g7-3750514,Lanjutan Pembangunan Stadion Utama Paya Kareung Kabupaten Bireuen  (DOKA),2023-08-08 00:00:00+00:00,Pemerintah Daerah Kabupaten Bireuen,CV. AKBAR MISSION,4924896000.0,4917000000.0,2,1,Medium Risk,0.525587,0.165833,0.525587,0.30858,0.998863,Perlu Pantauan,model_only,Diturunkan dari triase model: Medium Risk dengan probabilitas 52.56%.,,,False,f_tender_value_zscore_buyer=-2.1304 | f_buyer_supplier_repeat_count=-1.4385 | f_title_length=1.2313,"Peringkat investigatif paket ini adalah **Perlu Pantauan**.
Diturunkan dari triase model: Medium Risk dengan probabilitas 52.56%.
Model mengklasifikasikan paket ini sebagai **Medium Risk** dengan probabilitas 52.56%.
Catatan penting: ini adalah triase risiko, bukan bukti fraud final. Status kritis hanya boleh dinaikkan bila ada bukti resmi yang terhubung.
Faktor yang paling memengaruhi prediksi adalah:
- F tender value zscore buyer bernilai 2.2375 dan menurunkan skor risiko dengan kontribusi SHAP sekitar 2.1304.
- Frekuensi hubungan buyer-supplier berulang bernilai 8 dan menurunkan skor risiko dengan kontribusi SHAP sekitar 1.4385.
- Panjang judul tender bernilai 73 dan meningkatkan skor risiko dengan kontribusi SHAP sekitar 1.2313.",,,,,,,
175,test,16593,model_heuristic_disagreement,0.58919,True,0.190698,0.5,0.5,-0.190698,-0.338325,ocds-20h3g7-39713352,Pembangunan Gedung Pelayanan dan laboratorium Metrologi legal Kab. Bekasi,2023-04-10 00:00:00+00:00,Pemerintah Daerah Kabupaten Bekasi,PT. GARDA MAHKOTA ADIKUASA,4788699000.0,3830959200.0,2,1,Medium Risk,0.529022,0.161675,0.529022,0.309302,0.994387,Perlu Pantauan,model_only,Diturunkan dari triase model: Medium Risk dengan probabilitas 52.90%.,,,False,f_tender_value_zscore_buyer=-2.2302 | f_buyer_supplier_repeat_count=-1.2826 | f_title_length=1.1204,"Peringkat investigatif paket ini adalah **Perlu Pantauan**.
Diturunkan dari triase model: Medium Risk dengan probabilitas 52.90%.
Model mengklasifikasikan paket ini sebagai **Medium Risk** dengan probabilitas 52.90%.
Catatan penting: ini adalah triase risiko, bukan bukti fraud final. Status kritis hanya boleh dinaikkan bila ada bukti resmi yang terhubung.
Faktor yang paling memengaruhi prediksi adalah:
- F tender value zscore buyer bernilai 2.2537 dan menurunkan skor risiko dengan kontribusi SHAP sekitar 2.2302.
- Frekuensi hubungan buyer-supplier berulang bernilai 7 dan menurunkan skor risiko dengan kontribusi SHAP sekitar 1.2826.
- Panjang judul tender bernilai 73 dan meningkatkan skor risiko dengan kontribusi SHAP sekitar 1.1204.",,,,,,,
176,test,63001,model_heuristic_disagreement,0.589174,True,0.185205,0.5,0.5,-0.185205,-0.357046,ocds-20h3g7-11916589,Pembangunan dan Penataan Wisma Haji (Lanjutan),2023-07-12 00:00:00+00:00,Pemerintah Daerah Kabupaten Indramayu,PSI project,4935449183.41,4900000000.0,2,1,Medium Risk,0.542251,0.142954,0.542251,0.314795,0.973802,Perlu Pantauan,model_only,Diturunkan dari triase model: Medium Risk dengan probabilitas 54.23%.,,,False,f_tender_value_zscore_buyer=-2.4332 | f_is_q4=0.9051 | f_buyer_supplier_repeat_count=0.8899,"Peringkat investigatif paket ini adalah **Perlu Pantauan**.
Diturunkan dari triase model: Medium Risk dengan probabilitas 54.23%.
Model mengklasifikasikan paket ini sebagai **Medium Risk** dengan probabilitas 54.23%.
Catatan penting: ini adalah triase risiko, bukan bukti fraud final. Status kritis hanya boleh dinaikkan bila ada bukti resmi yang terhubung.
Faktor yang paling memengaruhi prediksi adalah:
- F tender value zscore buyer bernilai 2.5966 dan menurunkan skor risiko dengan kontribusi SHAP sekitar 2.4332.
- Waktu publikasi pada kuartal iv bernilai 0 dan meningkatkan skor risiko dengan kontribusi SHAP sekitar 0.9051.
- Frekuensi hubungan buyer-supplier berulang bernilai 0 dan meningkatkan skor risiko dengan kontribusi SHAP sekitar 0.8899.",,,,,,,
177,test,49202,model_heuristic_disagreement,0.589042,True,0.181018,0.5,0.5,-0.181018,-0.370359,ocds-20h3g7-9466107,Rehab Jalan Dalam Kota Tanjung Enim,2023-06-16 00:00:00+00:00,Pemerintah Daerah Kabupaten Muara Enim,CV. JAYA SAKTI,4999000000.0,4943273990.03,2,1,Medium Risk,0.551377,0.129641,0.551377,0.318982,0.957585,Perlu Pantauan,model_only,Diturunkan dari triase model: Medium Risk dengan probabilitas 55.14%.,,,False,f_buyer_supplier_repeat_count=-1.5181 | f_supplier_recent_90d_award_count=1.1949 | f_is_q4=1.1369,"Peringkat investigatif paket ini adalah **Perlu Pantauan**.
Diturunkan dari triase model: Medium Risk dengan probabilitas 55.14%.
Model mengklasifikasikan paket ini sebagai **Medium Risk** dengan probabilitas 55.14%.
Catatan penting: ini adalah triase risiko, bukan bukti fraud final. Status kritis hanya boleh dinaikkan bila ada bukti resmi yang terhubung.
Faktor yang paling memengaruhi prediksi adalah:
- Frekuensi hubungan buyer-supplier berulang bernilai 3 dan menurunkan skor risiko dengan kontribusi SHAP sekitar 1.5181.
- F supplier recent 90d award count bernilai 0 dan meningkatkan skor risiko dengan kontribusi SHAP sekitar 1.1949.
- Waktu publikasi pada kuartal iv bernilai 0 dan meningkatkan skor risiko dengan kontribusi SHAP sekitar 1.1369.",,,,,,,
178,test,18104,model_heuristic_disagreement,0.588906,True,0.180945,0.5,0.5,-0.180945,-0.370989,ocds-20h3g7-10087667,Pembangunan Gedung Kantor Reskrim Polres Purwakarta,2023-04-12 00:00:00+00:00,Pemerintah Daerah Kabupaten Purwakarta,PT. KARINA PRIMA UTAMA,3999938611.48,3884241317.79,2,1,Medium Risk,0.551934,0.129011,0.551934,0.319055,0.956711,Perlu Pantauan,model_only,Diturunkan dari triase model: Medium Risk dengan probabilitas 55.19%.,,,False,f_tender_value_zscore_buyer=-2.5077 | f_is_q4=0.8570 | f_tender_value_log=0.8326,"Peringkat investigatif paket ini adalah **Perlu Pantauan**.
Diturunkan dari triase model: Medium Risk dengan probabilitas 55.19%.
Model mengklasifikasikan paket ini sebagai **Medium Risk** dengan probabilitas 55.19%.
Catatan penting: ini adalah triase risiko, bukan bukti fraud final. Status kritis hanya boleh dinaikkan bila ada bukti resmi yang terhubung.
Faktor yang paling memengaruhi prediksi adalah:
- F tender value zscore buyer bernilai 3.3009 dan menurunkan skor risiko dengan kontribusi SHAP sekitar 2.5077.
- Waktu publikasi pada kuartal iv bernilai 0 dan meningkatkan skor risiko dengan kontribusi SHAP sekitar 0.8570.
- Nilai tender bernilai 22.1095 dan meningkatkan skor risiko dengan kontribusi SHAP sekitar 0.8326.",,,,,,,
179,test,37055,model_heuristic_disagreement,0.588886,True,0.194648,0.5,0.5,-0.194648,-0.324641,ocds-20h3g7-4306053,Pembangunan Bangunan Kesehatan Ruang TB Paru (RSUD dr. Soedirman),2023-05-29 00:00:00+00:00,Pemerintah Daerah Kabupaten Kebumen,"PANCANG JAYA, CV",4215947000.0,4109219647.02,2,1,Medium Risk,0.519289,0.175359,0.519289,0.305352,1.007809,Perlu Pantauan,model_only,Diturunkan dari triase model: Medium Risk dengan probabilitas 51.93%.,,,False,f_tender_value_zscore_buyer=-2.1001 | f_buyer_supplier_repeat_count=-1.3650 | f_title_length=1.1705,"Peringkat investigatif paket ini adalah **Perlu Pantauan**.
Diturunkan dari triase model: Medium Risk dengan probabilitas 51.93%.
Model mengklasifikasikan paket ini sebagai **Medium Risk** dengan probabilitas 51.93%.
Catatan penting: ini adalah triase risiko, bukan bukti fraud final. Status kritis hanya boleh dinaikkan bila ada bukti resmi yang terhubung.
Faktor yang paling memengaruhi prediksi adalah:
- F tender value zscore buyer bernilai 2.2771 dan menurunkan skor risiko dengan kontribusi SHAP sekitar 2.1001.
- Frekuensi hubungan buyer-supplier berulang bernilai 4 dan menurunkan skor risiko dengan kontribusi SHAP sekitar 1.3650.
- Panjang judul tender bernilai 65 dan meningkatkan skor risiko dengan kontribusi SHAP sekitar 1.1705.",,,,,,,
180,test,81007,model_heuristic_disagreement,0.588464,True,0.182575,0.5,0.5,-0.182575,-0.367481,ocds-20h3g7-25732638,Rehab Rumdis Madivif-2 Kostrad,2023-09-08 00:00:00+00:00,Kementerian Pertahanan,CV HALIMUN JAYA MAKMUR,4975000000.0,4929134000.0,2,1,Medium Risk,0.550057,0.132519,0.550057,0.317425,0.960862,Perlu Pantauan,model_only,Diturunkan dari triase model: Medium Risk dengan probabilitas 55.01%.,,,False,f_buyer_supplier_repeat_count=-1.5739 | f_supplier_recent_90d_award_count=1.1878 | f_is_q4=1.1386,"Peringkat investigatif paket ini adalah **Perlu Pantauan**.
Diturunkan dari triase model: Medium Risk dengan probabilitas 55.01%.
Model mengklasifikasikan paket ini sebagai **Medium Risk** dengan probabilitas 55.01%.
Catatan penting: ini adalah triase risiko, bukan bukti fraud final. Status kritis hanya boleh dinaikkan bila ada bukti resmi yang terhubung.
Faktor yang paling memengaruhi prediksi adalah:
- Frekuensi hubungan buyer-supplier berulang bernilai 3 dan menurunkan skor risiko dengan kontribusi SHAP sekitar 1.5739.
- F supplier recent 90d award count bernilai 0 dan meningkatkan skor risiko dengan kontribusi SHAP sekitar 1.1878.
- Waktu publikasi pada kuartal iv bernilai 0 dan meningkatkan skor risiko dengan kontribusi SHAP sekitar 1.1386.",,,,,,,
181,test,23970,model_heuristic_disagreement,0.588418,True,0.184705,0.5,0.5,-0.184705,-0.361089,ocds-20h3g7-5270051,Pembangunan Gedung Kecamatan Ceper (Tahap II),2023-05-05 00:00:00+00:00,Pemerintah Daerah Kabupaten Klaten,CV. ANTAR DESIGN,4498621000.0,4404575000.0,2,1,Medium Risk,0.545794,0.138911,0.545794,0.315295,0.968614,Perlu Pantauan,model_only,Diturunkan dari triase model: Medium Risk dengan probabilitas 54.58%.,,,False,f_buyer_supplier_repeat_count=-1.7471 | f_supplier_recent_90d_award_count=1.2485 | f_is_q4=1.1329,"Peringkat investigatif paket ini adalah **Perlu Pantauan**.
Diturunkan dari triase model: Medium Risk dengan probabilitas 54.58%.
Model mengklasifikasikan paket ini sebagai **Medium Risk** dengan probabilitas 54.58%.
Catatan penting: ini adalah triase risiko, bukan bukti fraud final. Status kritis hanya boleh dinaikkan bila ada bukti resmi yang terhubung.
Faktor yang paling memengaruhi prediksi adalah:
- Frekuensi hubungan buyer-supplier berulang bernilai 2 dan menurunkan skor risiko dengan kontribusi SHAP sekitar 1.7471.
- F supplier recent 90d award count bernilai 1 dan meningkatkan skor risiko dengan kontribusi SHAP sekitar 1.2485.
- Waktu publikasi pada kuartal iv bernilai 0 dan meningkatkan skor risiko dengan kontribusi SHAP sekitar 1.1329.",,,,,,,
182,test,5622,model_heuristic_disagreement,0.588016,True,0.184603,0.5,0.5,-0.184603,-0.362691,ocds-20h3g7-1694473,Peningkatan Ruas Jalan Lingkar Oeseli (Hotmix),2023-03-21 00:00:00+00:00,Pemerintah Daerah Kabupaten Rote Ndao,CV. BUSALANGGA PUTRA,4125000000.0,4119999973.8,2,1,Medium Risk,0.547294,0.137309,0.547294,0.315397,0.966465,Perlu Pantauan,model_only,Diturunkan dari triase model: Medium Risk dengan probabilitas 54.73%.,,,False,f_tender_value_zscore_buyer=-2.5897 | f_buyer_supplier_repeat_count=0.9271 | f_is_q4=0.9015,"Peringkat investigatif paket ini adalah **Perlu Pantauan**.
Diturunkan dari triase model: Medium Risk dengan probabilitas 54.73%.
Model mengklasifikasikan paket ini sebagai **Medium Risk** dengan probabilitas 54.73%.
Catatan penting: ini adalah triase risiko, bukan bukti fraud final. Status kritis hanya boleh dinaikkan bila ada bukti resmi yang terhubung.
Faktor yang paling memengaruhi prediksi adalah:
- F tender value zscore buyer bernilai 2.5259 dan menurunkan skor risiko dengan kontribusi SHAP sekitar 2.5897.
- Frekuensi hubungan buyer-supplier berulang bernilai 0 dan meningkatkan skor risiko dengan kontribusi SHAP sekitar 0.9271.
- Waktu publikasi pada kuartal iv bernilai 0 dan meningkatkan skor risiko dengan kontribusi SHAP sekitar 0.9015.",,,,,,,
183,test,61692,model_heuristic_disagreement,0.587685,True,0.18413,0.5,0.5,-0.18413,-0.365189,ocds-20h3g7-25250638,Bangfas Masjid Yonif R-515 Divif-2 Kostrad,2023-07-07 00:00:00+00:00,Kementerian Pertahanan,GUSFA KARYA PERSADA,4950000000.0,4911090000.0,2,1,Medium Risk,0.549319,0.134811,0.549319,0.31587,0.963245,Perlu Pantauan,model_only,Diturunkan dari triase model: Medium Risk dengan probabilitas 54.93%.,,,False,f_buyer_supplier_repeat_count=-1.7145 | f_supplier_recent_90d_award_count=1.1930 | f_is_q4=1.1670,"Peringkat investigatif paket ini adalah **Perlu Pantauan**.
Diturunkan dari triase model: Medium Risk dengan probabilitas 54.93%.
Model mengklasifikasikan paket ini sebagai **Medium Risk** dengan probabilitas 54.93%.
Catatan penting: ini adalah triase risiko, bukan bukti fraud final. Status kritis hanya boleh dinaikkan bila ada bukti resmi yang terhubung.
Faktor yang paling memengaruhi prediksi adalah:
- Frekuensi hubungan buyer-supplier berulang bernilai 21 dan menurunkan skor risiko dengan kontribusi SHAP sekitar 1.7145.
- F supplier recent 90d award count bernilai 1 dan meningkatkan skor risiko dengan kontribusi SHAP sekitar 1.1930.
- Waktu publikasi pada kuartal iv bernilai 0 dan meningkatkan skor risiko dengan kontribusi SHAP sekitar 1.1670.",,,,,,,
184,test,5646,model_heuristic_disagreement,0.587589,True,0.192782,0.5,0.5,-0.192782,-0.336735,ocds-20h3g7-1690473,Peningkatan Ruas Jalan Keoen - Naulaor (Hotmix),2023-03-21 00:00:00+00:00,Pemerintah Daerah Kabupaten Rote Ndao,CV.ALREN MANDIRI,4129248000.0,4124234000.0,2,1,Medium Risk,0.529517,0.163265,0.529517,0.307218,0.995138,Perlu Pantauan,model_only,Diturunkan dari triase model: Medium Risk dengan probabilitas 52.95%.,,,False,f_tender_value_zscore_buyer=-2.5025 | f_buyer_supplier_repeat_count=0.9511 | f_is_q4=0.9133,"Peringkat investigatif paket ini adalah **Perlu Pantauan**.
Diturunkan dari triase model: Medium Risk dengan probabilitas 52.95%.
Model mengklasifikasikan paket ini sebagai **Medium Risk** dengan probabilitas 52.95%.
Catatan penting: ini adalah triase risiko, bukan bukti fraud final. Status kritis hanya boleh dinaikkan bila ada bukti resmi yang terhubung.
Faktor yang paling memengaruhi prediksi adalah:
- F tender value zscore buyer bernilai 2.095 dan menurunkan skor risiko dengan kontribusi SHAP sekitar 2.5025.
- Frekuensi hubungan buyer-supplier berulang bernilai 0 dan meningkatkan skor risiko dengan kontribusi SHAP sekitar 0.9511.
- Waktu publikasi pada kuartal iv bernilai 0 dan meningkatkan skor risiko dengan kontribusi SHAP sekitar 0.9133.",,,,,,,
185,test,23499,model_heuristic_disagreement,0.587206,True,0.188964,0.5,0.5,-0.188964,-0.351367,ocds-20h3g7-1999722,Pembangunan Jalan Sirtu Ke Lapen Dalam Desa Dorosagu,2023-05-05 00:00:00+00:00,Pemerintah Daerah Kabupaten Halmahera Timur,Hendana Karyatama,4091959847.0,4013124179.23,2,1,Medium Risk,0.540331,0.148633,0.540331,0.311036,0.979191,Perlu Pantauan,model_only,Diturunkan dari triase model: Medium Risk dengan probabilitas 54.03%.,,,False,f_buyer_supplier_repeat_count=-1.7279 | f_supplier_recent_90d_award_count=1.1926 | f_is_q4=1.0950,"Peringkat investigatif paket ini adalah **Perlu Pantauan**.
Diturunkan dari triase model: Medium Risk dengan probabilitas 54.03%.
Model mengklasifikasikan paket ini sebagai **Medium Risk** dengan probabilitas 54.03%.
Catatan penting: ini adalah triase risiko, bukan bukti fraud final. Status kritis hanya boleh dinaikkan bila ada bukti resmi yang terhubung.
Faktor yang paling memengaruhi prediksi adalah:
- Frekuensi hubungan buyer-supplier berulang bernilai 2 dan menurunkan skor risiko dengan kontribusi SHAP sekitar 1.7279.
- F supplier recent 90d award count bernilai 0 dan meningkatkan skor risiko dengan kontribusi SHAP sekitar 1.1926.
- Waktu publikasi pada kuartal iv bernilai 0 dan meningkatkan skor risiko dengan kontribusi SHAP sekitar 1.0950.",,,,,,,
186,test,8735,model_heuristic_disagreement,0.587022,True,0.193564,0.5,0.5,-0.193564,-0.336006,ocds-20h3g7-7565058,Pemeliharaan Berkala Jalan Jatimalang - Karanggede - Batas Jateng,2023-03-28 00:00:00+00:00,Pemerintah Daerah Kabupaten Pacitan,CV. LEGOWO,3992620558.86,3367732298.42,2,1,Medium Risk,0.52957,0.163994,0.52957,0.306436,0.995567,Perlu Pantauan,model_only,Diturunkan dari triase model: Medium Risk dengan probabilitas 52.96%.,,,False,f_tender_value_zscore_buyer=-2.0094 | f_title_length=1.2341 | f_buyer_supplier_repeat_count=-1.1723,"Peringkat investigatif paket ini adalah **Perlu Pantauan**.
Diturunkan dari triase model: Medium Risk dengan probabilitas 52.96%.
Model mengklasifikasikan paket ini sebagai **Medium Risk** dengan probabilitas 52.96%.
Catatan penting: ini adalah triase risiko, bukan bukti fraud final. Status kritis hanya boleh dinaikkan bila ada bukti resmi yang terhubung.
Faktor yang paling memengaruhi prediksi adalah:
- F tender value zscore buyer bernilai 2.0775 dan menurunkan skor risiko dengan kontribusi SHAP sekitar 2.0094.
- Panjang judul tender bernilai 65 dan meningkatkan skor risiko dengan kontribusi SHAP sekitar 1.2341.
- Frekuensi hubungan buyer-supplier berulang bernilai 3 dan menurunkan skor risiko dengan kontribusi SHAP sekitar 1.1723.",,,,,,,
187,test,32051,model_heuristic_disagreement,0.586956,True,0.183738,0.5,0.5,-0.183738,-0.368628,ocds-20h3g7-2533313,Pembangunan Drainase Jalan Sultan Hasanudin,2023-05-22 00:00:00+00:00,Pemerintah Daerah Kota Dumai,TONIKO KONSTRUKSINDO,4990000000.0,4939617730.65,2,1,Medium Risk,0.552366,0.131372,0.552366,0.316262,0.958578,Perlu Pantauan,model_only,Diturunkan dari triase model: Medium Risk dengan probabilitas 55.24%.,,,False,f_buyer_supplier_repeat_count=-1.6046 | f_supplier_recent_90d_award_count=1.2142 | f_is_q4=1.0694,"Peringkat investigatif paket ini adalah **Perlu Pantauan**.
Diturunkan dari triase model: Medium Risk dengan probabilitas 55.24%.
Model mengklasifikasikan paket ini sebagai **Medium Risk** dengan probabilitas 55.24%.
Catatan penting: ini adalah triase risiko, bukan bukti fraud final. Status kritis hanya boleh dinaikkan bila ada bukti resmi yang terhubung.
Faktor yang paling memengaruhi prediksi adalah:
- Frekuensi hubungan buyer-supplier berulang bernilai 3 dan menurunkan skor risiko dengan kontribusi SHAP sekitar 1.6046.
- F supplier recent 90d award count bernilai 2 dan meningkatkan skor risiko dengan kontribusi SHAP sekitar 1.2142.
- Waktu publikasi pada kuartal iv bernilai 0 dan meningkatkan skor risiko dengan kontribusi SHAP sekitar 1.0694.",,,,,,,
188,test,24716,model_heuristic_disagreement,0.586389,True,0.18612,0.5,0.5,-0.18612,-0.363155,ocds-20h3g7-7647672,Rekonstruksi Jalan Desa Sukamaju (Akses Gunung Sawal),2023-05-08 00:00:00+00:00,Pemerintah Daerah Kabupaten Ciamis,CV. INTI KARYA,4773379701.79,4743619398.22,2,1,Medium Risk,0.549275,0.136845,0.549275,0.31388,0.96498,Perlu Pantauan,model_only,Diturunkan dari triase model: Medium Risk dengan probabilitas 54.93%.,,,False,f_buyer_supplier_repeat_count=-1.6348 | f_supplier_recent_90d_award_count=1.2500 | f_is_q4=1.1322,"Peringkat investigatif paket ini adalah **Perlu Pantauan**.
Diturunkan dari triase model: Medium Risk dengan probabilitas 54.93%.
Model mengklasifikasikan paket ini sebagai **Medium Risk** dengan probabilitas 54.93%.
Catatan penting: ini adalah triase risiko, bukan bukti fraud final. Status kritis hanya boleh dinaikkan bila ada bukti resmi yang terhubung.
Faktor yang paling memengaruhi prediksi adalah:
- Frekuensi hubungan buyer-supplier berulang bernilai 2 dan menurunkan skor risiko dengan kontribusi SHAP sekitar 1.6348.
- F supplier recent 90d award count bernilai 0 dan meningkatkan skor risiko dengan kontribusi SHAP sekitar 1.2500.
- Waktu publikasi pada kuartal iv bernilai 0 dan meningkatkan skor risiko dengan kontribusi SHAP sekitar 1.1322.",,,,,,,
189,test,80488,model_heuristic_disagreement,0.586328,True,0.185887,0.5,0.5,-0.185887,-0.364064,ocds-20h3g7-46520047,Fasilitasi Revitalisasi Peralatan P4TO,2023-09-06 00:00:00+00:00,Kementerian Kesehatan,Trisprima Usahajaya,4143101600.0,4042634000.0,2,1,Medium Risk,0.549951,0.135936,0.549951,0.314113,0.963843,Perlu Pantauan,model_only,Diturunkan dari triase model: Medium Risk dengan probabilitas 55.00%.,,,False,f_buyer_supplier_repeat_count=-1.7302 | f_supplier_recent_90d_award_count=1.2160 | f_is_q4=1.1193,"Peringkat investigatif paket ini adalah **Perlu Pantauan**.
Diturunkan dari triase model: Medium Risk dengan probabilitas 55.00%.
Model mengklasifikasikan paket ini sebagai **Medium Risk** dengan probabilitas 55.00%.
Catatan penting: ini adalah triase risiko, bukan bukti fraud final. Status kritis hanya boleh dinaikkan bila ada bukti resmi yang terhubung.
Faktor yang paling memengaruhi prediksi adalah:
- Frekuensi hubungan buyer-supplier berulang bernilai 2 dan menurunkan skor risiko dengan kontribusi SHAP sekitar 1.7302.
- F supplier recent 90d award count bernilai 0 dan meningkatkan skor risiko dengan kontribusi SHAP sekitar 1.2160.
- Waktu publikasi pada kuartal iv bernilai 0 dan meningkatkan skor risiko dengan kontribusi SHAP sekitar 1.1193.",,,,,,,
190,test,28439,model_heuristic_disagreement,0.58558,True,0.185586,0.5,0.5,-0.185586,-0.367307,ocds-20h3g7-16514333,Lanjutan Pembangunan SMPN 4 Sepatan,2023-05-15 00:00:00+00:00,Pemerintah Daerah Kabupaten Tangerang,cv mandiri jaya cipta,4998517600.0,4858672018.89,2,1,Medium Risk,0.552894,0.132693,0.552894,0.314414,0.959432,Perlu Pantauan,model_only,Diturunkan dari triase model: Medium Risk dengan probabilitas 55.29%.,,,False,f_buyer_supplier_repeat_count=-1.5116 | f_supplier_recent_90d_award_count=1.1897 | f_is_q4=1.1414,"Peringkat investigatif paket ini adalah **Perlu Pantauan**.
Diturunkan dari triase model: Medium Risk dengan probabilitas 55.29%.
Model mengklasifikasikan paket ini sebagai **Medium Risk** dengan probabilitas 55.29%.
Catatan penting: ini adalah triase risiko, bukan bukti fraud final. Status kritis hanya boleh dinaikkan bila ada bukti resmi yang terhubung.
Faktor yang paling memengaruhi prediksi adalah:
- Frekuensi hubungan buyer-supplier berulang bernilai 4 dan menurunkan skor risiko dengan kontribusi SHAP sekitar 1.5116.
- F supplier recent 90d award count bernilai 0 dan meningkatkan skor risiko dengan kontribusi SHAP sekitar 1.1897.
- Waktu publikasi pada kuartal iv bernilai 0 dan meningkatkan skor risiko dengan kontribusi SHAP sekitar 1.1414.",,,,,,,
191,test,26215,model_heuristic_disagreement,0.58549,True,0.186442,0.5,0.5,-0.186442,-0.364989,ocds-20h3g7-5263051,Pelebaran Jalan Empu Sedah,2023-05-10 00:00:00+00:00,Pemerintah Daerah Kabupaten Klaten,CV. AKBAR,4815000000.0,4618961765.62,2,1,Medium Risk,0.551431,0.135011,0.551431,0.313558,0.962234,Perlu Pantauan,model_only,Diturunkan dari triase model: Medium Risk dengan probabilitas 55.14%.,,,False,f_buyer_supplier_repeat_count=-1.6335 | f_supplier_recent_90d_award_count=1.2764 | f_is_q4=1.1135,"Peringkat investigatif paket ini adalah **Perlu Pantauan**.
Diturunkan dari triase model: Medium Risk dengan probabilitas 55.14%.
Model mengklasifikasikan paket ini sebagai **Medium Risk** dengan probabilitas 55.14%.
Catatan penting: ini adalah triase risiko, bukan bukti fraud final. Status kritis hanya boleh dinaikkan bila ada bukti resmi yang terhubung.
Faktor yang paling memengaruhi prediksi adalah:
- Frekuensi hubungan buyer-supplier berulang bernilai 2 dan menurunkan skor risiko dengan kontribusi SHAP sekitar 1.6335.
- F supplier recent 90d award count bernilai 0 dan meningkatkan skor risiko dengan kontribusi SHAP sekitar 1.2764.
- Waktu publikasi pada kuartal iv bernilai 0 dan meningkatkan skor risiko dengan kontribusi SHAP sekitar 1.1135.",,,,,,,
192,test,22028,model_heuristic_disagreement,0.585067,True,0.185272,0.5,0.5,-0.185272,-0.369813,ocds-20h3g7-9341161,Optimalisasi Saluran Drainase Kecamatan Pinggir,2023-05-02 00:00:00+00:00,Pemerintah Daerah Kabupaten Bengkalis,Dinastiwanilyas,4998515000.0,4938814285.63,2,1,Medium Risk,0.555085,0.130187,0.555085,0.314728,0.956006,Perlu Pantauan,model_only,Diturunkan dari triase model: Medium Risk dengan probabilitas 55.51%.,,,False,f_buyer_supplier_repeat_count=-1.5387 | f_supplier_recent_90d_award_count=1.1895 | f_is_q4=1.0834,"Peringkat investigatif paket ini adalah **Perlu Pantauan**.
Diturunkan dari triase model: Medium Risk dengan probabilitas 55.51%.
Model mengklasifikasikan paket ini sebagai **Medium Risk** dengan probabilitas 55.51%.
Catatan penting: ini adalah triase risiko, bukan bukti fraud final. Status kritis hanya boleh dinaikkan bila ada bukti resmi yang terhubung.
Faktor yang paling memengaruhi prediksi adalah:
- Frekuensi hubungan buyer-supplier berulang bernilai 2 dan menurunkan skor risiko dengan kontribusi SHAP sekitar 1.5387.
- F supplier recent 90d award count bernilai 1 dan meningkatkan skor risiko dengan kontribusi SHAP sekitar 1.1895.
- Waktu publikasi pada kuartal iv bernilai 0 dan meningkatkan skor risiko dengan kontribusi SHAP sekitar 1.0834.",,,,,,,
193,test,79774,model_heuristic_disagreement,0.585028,True,0.193335,0.5,0.5,-0.193335,-0.344093,ocds-20h3g7-3823683,Jasa Pematangan Lahan Pusat Data Nasional di Kota Batam,2023-09-04 00:00:00+00:00,Kementerian Komunikasi Dan Informatika,PT. NURFITA KARYA MANDIRI,4498169000.0,3043669711.68,2,1,Medium Risk,0.537428,0.155907,0.537428,0.306665,0.985952,Perlu Pantauan,model_only,Diturunkan dari triase model: Medium Risk dengan probabilitas 53.74%.,,,False,f_price_deviation_ratio=-2.9586 | f_buyer_supplier_repeat_count=1.0176 | f_is_q4=0.9765,"Peringkat investigatif paket ini adalah **Perlu Pantauan**.
Diturunkan dari triase model: Medium Risk dengan probabilitas 53.74%.
Model mengklasifikasikan paket ini sebagai **Medium Risk** dengan probabilitas 53.74%.
Catatan penting: ini adalah triase risiko, bukan bukti fraud final. Status kritis hanya boleh dinaikkan bila ada bukti resmi yang terhubung.
Faktor yang paling memengaruhi prediksi adalah:
- Rasio deviasi harga terhadap nilai tender bernilai 0.6766 dan menurunkan skor risiko dengan kontribusi SHAP sekitar 2.9586.
- Frekuensi hubungan buyer-supplier berulang bernilai 0 dan meningkatkan skor risiko dengan kontribusi SHAP sekitar 1.0176.
- Waktu publikasi pada kuartal iv bernilai 0 dan meningkatkan skor risiko dengan kontribusi SHAP sekitar 0.9765.",,,,,,,
194,test,71814,model_heuristic_disagreement,0.584901,True,0.186772,0.5,0.5,-0.186772,-0.365819,ocds-20h3g7-25448638,Rehab Mabrigif-18 Divif-2 Kostrad,2023-08-07 00:00:00+00:00,Kementerian Pertahanan,Dwi Chandra Manunggal Abadi,4950000000.0,4903595000.0,2,1,Medium Risk,0.552591,0.134181,0.552591,0.313228,0.960876,Perlu Pantauan,model_only,Diturunkan dari triase model: Medium Risk dengan probabilitas 55.26%.,,,False,f_buyer_supplier_repeat_count=-1.6945 | f_supplier_recent_90d_award_count=1.2019 | f_is_q4=1.1602,"Peringkat investigatif paket ini adalah **Perlu Pantauan**.
Diturunkan dari triase model: Medium Risk dengan probabilitas 55.26%.
Model mengklasifikasikan paket ini sebagai **Medium Risk** dengan probabilitas 55.26%.
Catatan penting: ini adalah triase risiko, bukan bukti fraud final. Status kritis hanya boleh dinaikkan bila ada bukti resmi yang terhubung.
Faktor yang paling memengaruhi prediksi adalah:
- Frekuensi hubungan buyer-supplier berulang bernilai 13 dan menurunkan skor risiko dengan kontribusi SHAP sekitar 1.6945.
- F supplier recent 90d award count bernilai 1 dan meningkatkan skor risiko dengan kontribusi SHAP sekitar 1.2019.
- Waktu publikasi pada kuartal iv bernilai 0 dan meningkatkan skor risiko dengan kontribusi SHAP sekitar 1.1602.",,,,,,,
195,test,26799,model_heuristic_disagreement,0.584301,True,0.186981,0.5,0.5,-0.186981,-0.367039,ocds-20h3g7-3139695,Pembangunan Gedung Kantor Distrik Pagaleme,2023-05-11 00:00:00+00:00,Pemerintah Daerah Kabupaten Puncak Jaya,CV. DANGGU WALIA,4881378000.0,4678300266.34,2,1,Medium Risk,0.55402,0.132961,0.55402,0.313019,0.959023,Perlu Pantauan,model_only,Diturunkan dari triase model: Medium Risk dengan probabilitas 55.40%.,,,False,f_buyer_supplier_repeat_count=-1.5196 | f_supplier_recent_90d_award_count=1.1940 | f_is_q4=1.0778,"Peringkat investigatif paket ini adalah **Perlu Pantauan**.
Diturunkan dari triase model: Medium Risk dengan probabilitas 55.40%.
Model mengklasifikasikan paket ini sebagai **Medium Risk** dengan probabilitas 55.40%.
Catatan penting: ini adalah triase risiko, bukan bukti fraud final. Status kritis hanya boleh dinaikkan bila ada bukti resmi yang terhubung.
Faktor yang paling memengaruhi prediksi adalah:
- Frekuensi hubungan buyer-supplier berulang bernilai 5 dan menurunkan skor risiko dengan kontribusi SHAP sekitar 1.5196.
- F supplier recent 90d award count bernilai 1 dan meningkatkan skor risiko dengan kontribusi SHAP sekitar 1.1940.
- Waktu publikasi pada kuartal iv bernilai 0 dan meningkatkan skor risiko dengan kontribusi SHAP sekitar 1.0778.",,,,,,,
196,test,89469,model_heuristic_disagreement,0.584278,True,0.194145,0.5,0.5,-0.194145,-0.343942,ocds-20h3g7-10269555,Finishing Pembangunan Gedung kantor dan Sarana Lingkungan Pengadilan Agama Martapura,2023-10-13 00:00:00+00:00,Mahkamah Agung,CV. RIZKY UTAMA,4606722000.0,4542371000.0,2,1,Medium Risk,0.538087,0.156058,0.538087,0.305855,0.985683,Perlu Pantauan,model_only,Diturunkan dari triase model: Medium Risk dengan probabilitas 53.81%.,,,False,f_supplier_recent_90d_award_count=-1.8532 | f_is_q4=-1.2446 | f_title_length=1.1178,"Peringkat investigatif paket ini adalah **Perlu Pantauan**.
Diturunkan dari triase model: Medium Risk dengan probabilitas 53.81%.
Model mengklasifikasikan paket ini sebagai **Medium Risk** dengan probabilitas 53.81%.
Catatan penting: ini adalah triase risiko, bukan bukti fraud final. Status kritis hanya boleh dinaikkan bila ada bukti resmi yang terhubung.
Faktor yang paling memengaruhi prediksi adalah:
- F supplier recent 90d award count bernilai 3 dan menurunkan skor risiko dengan kontribusi SHAP sekitar 1.8532.
- Waktu publikasi pada kuartal iv bernilai 1 dan menurunkan skor risiko dengan kontribusi SHAP sekitar 1.2446.
- Panjang judul tender bernilai 84 dan meningkatkan skor risiko dengan kontribusi SHAP sekitar 1.1178.",,,,,,,
197,test,50857,model_heuristic_disagreement,0.583781,True,0.187706,0.5,0.5,-0.187706,-0.366452,ocds-20h3g7-5064306,Peningkatan Jalan Arga Mulya - Bukit Indah,2023-06-19 00:00:00+00:00,Pemerintah Daerah Kabupaten Lamandau,CV.IZZAKA KARYA,4880000000.0,4831200000.0,2,1,Medium Risk,0.554158,0.133548,0.554158,0.312294,0.959445,Perlu Pantauan,model_only,Diturunkan dari triase model: Medium Risk dengan probabilitas 55.42%.,,,False,f_buyer_supplier_repeat_count=-1.6060 | f_supplier_recent_90d_award_count=1.2022 | f_is_q4=1.0263,"Peringkat investigatif paket ini adalah **Perlu Pantauan**.
Diturunkan dari triase model: Medium Risk dengan probabilitas 55.42%.
Model mengklasifikasikan paket ini sebagai **Medium Risk** dengan probabilitas 55.42%.
Catatan penting: ini adalah triase risiko, bukan bukti fraud final. Status kritis hanya boleh dinaikkan bila ada bukti resmi yang terhubung.
Faktor yang paling memengaruhi prediksi adalah:
- Frekuensi hubungan buyer-supplier berulang bernilai 3 dan menurunkan skor risiko dengan kontribusi SHAP sekitar 1.6060.
- F supplier recent 90d award count bernilai 2 dan meningkatkan skor risiko dengan kontribusi SHAP sekitar 1.2022.
- Waktu publikasi pada kuartal iv bernilai 0 dan meningkatkan skor risiko dengan kontribusi SHAP sekitar 1.0263.",,,,,,,
198,test,77906,model_heuristic_disagreement,0.583689,True,0.18984,0.5,0.5,-0.18984,-0.360154,ocds-20h3g7-5643694,Rehabilitasi Ruas Jalan Kabupaten,2023-08-29 00:00:00+00:00,Pemerintah Daerah Kabupaten Seram Bagian Timur,CV.SERAM UTARA AGUNG,4112733000.0,4064771000.0,2,1,Medium Risk,0.549994,0.139846,0.549994,0.31016,0.967014,Perlu Pantauan,model_only,Diturunkan dari triase model: Medium Risk dengan probabilitas 55.00%.,,,False,f_buyer_supplier_repeat_count=-1.7506 | f_supplier_recent_90d_award_count=1.2387 | f_is_q4=1.0995,"Peringkat investigatif paket ini adalah **Perlu Pantauan**.
Diturunkan dari triase model: Medium Risk dengan probabilitas 55.00%.
Model mengklasifikasikan paket ini sebagai **Medium Risk** dengan probabilitas 55.00%.
Catatan penting: ini adalah triase risiko, bukan bukti fraud final. Status kritis hanya boleh dinaikkan bila ada bukti resmi yang terhubung.
Faktor yang paling memengaruhi prediksi adalah:
- Frekuensi hubungan buyer-supplier berulang bernilai 6 dan menurunkan skor risiko dengan kontribusi SHAP sekitar 1.7506.
- F supplier recent 90d award count bernilai 1 dan meningkatkan skor risiko dengan kontribusi SHAP sekitar 1.2387.
- Waktu publikasi pada kuartal iv bernilai 0 dan meningkatkan skor risiko dengan kontribusi SHAP sekitar 1.0995.",,,,,,,
199,test,42944,model_heuristic_disagreement,0.583686,True,0.188764,0.5,0.5,-0.188764,-0.363515,ocds-20h3g7-5051249,Peningkatan Jalan Empas - Melak Ulu,2023-06-08 00:00:00+00:00,Pemerintah Daerah Kabupaten Kutai Barat,CV. FITRI JAYA UTAMA,4773777638.0,4741634734.27,2,1,Medium Risk,0.552279,0.136485,0.552279,0.311236,0.96298,Perlu Pantauan,model_only,Diturunkan dari triase model: Medium Risk dengan probabilitas 55.23%.,,,False,f_buyer_supplier_repeat_count=-1.6284 | f_supplier_recent_90d_award_count=1.2439 | f_is_q4=1.1406,"Peringkat investigatif paket ini adalah **Perlu Pantauan**.
Diturunkan dari triase model: Medium Risk dengan probabilitas 55.23%.
Model mengklasifikasikan paket ini sebagai **Medium Risk** dengan probabilitas 55.23%.
Catatan penting: ini adalah triase risiko, bukan bukti fraud final. Status kritis hanya boleh dinaikkan bila ada bukti resmi yang terhubung.
Faktor yang paling memengaruhi prediksi adalah:
- Frekuensi hubungan buyer-supplier berulang bernilai 5 dan menurunkan skor risiko dengan kontribusi SHAP sekitar 1.6284.
- F supplier recent 90d award count bernilai 0 dan meningkatkan skor risiko dengan kontribusi SHAP sekitar 1.2439.
- Waktu publikasi pada kuartal iv bernilai 0 dan meningkatkan skor risiko dengan kontribusi SHAP sekitar 1.1406.",,,,,,,
200,test,21227,model_heuristic_disagreement,0.583491,True,0.196612,0.5,0.5,-0.196612,-0.338061,ocds-20h3g7-9055156,Pembangunan Jaringan Irigasi Baru Daerah Irigasi Rawa Talang Rimba,2023-04-28 00:00:00+00:00,Pemerintah Daerah Kabupaten Ogan Komering Ilir,CV SINAR MULYA AGUNG,4607627000.0,4571781288.82,2,1,Medium Risk,0.534673,0.161939,0.534673,0.303388,0.991439,Perlu Pantauan,model_only,Diturunkan dari triase model: Medium Risk dengan probabilitas 53.47%.,,,False,f_tender_value_zscore_buyer=-1.9139 | f_buyer_supplier_repeat_count=-1.2392 | f_title_length=1.2232,"Peringkat investigatif paket ini adalah **Perlu Pantauan**.
Diturunkan dari triase model: Medium Risk dengan probabilitas 53.47%.
Model mengklasifikasikan paket ini sebagai **Medium Risk** dengan probabilitas 53.47%.
Catatan penting: ini adalah triase risiko, bukan bukti fraud final. Status kritis hanya boleh dinaikkan bila ada bukti resmi yang terhubung.
Faktor yang paling memengaruhi prediksi adalah:
- F tender value zscore buyer bernilai 2.0425 dan menurunkan skor risiko dengan kontribusi SHAP sekitar 1.9139.
- Frekuensi hubungan buyer-supplier berulang bernilai 4 dan menurunkan skor risiko dengan kontribusi SHAP sekitar 1.2392.
- Panjang judul tender bernilai 66 dan meningkatkan skor risiko dengan kontribusi SHAP sekitar 1.2232.",,,,,,,
201,test,11964,model_heuristic_disagreement,0.583409,True,0.188834,0.5,0.5,-0.188834,-0.364167,ocds-20h3g7-4805249,Peningkatan Jalan dalam Kampung Muara Jawaq,2023-03-31 00:00:00+00:00,Pemerintah Daerah Kabupaten Kutai Barat,cv.rendratama karya,4773984000.0,4770988499.56,2,1,Medium Risk,0.553001,0.135833,0.553001,0.311166,0.962026,Perlu Pantauan,model_only,Diturunkan dari triase model: Medium Risk dengan probabilitas 55.30%.,,,False,f_buyer_supplier_repeat_count=-1.5927 | f_supplier_recent_90d_award_count=1.2495 | f_is_q4=1.1402,"Peringkat investigatif paket ini adalah **Perlu Pantauan**.
Diturunkan dari triase model: Medium Risk dengan probabilitas 55.30%.
Model mengklasifikasikan paket ini sebagai **Medium Risk** dengan probabilitas 55.30%.
Catatan penting: ini adalah triase risiko, bukan bukti fraud final. Status kritis hanya boleh dinaikkan bila ada bukti resmi yang terhubung.
Faktor yang paling memengaruhi prediksi adalah:
- Frekuensi hubungan buyer-supplier berulang bernilai 2 dan menurunkan skor risiko dengan kontribusi SHAP sekitar 1.5927.
- F supplier recent 90d award count bernilai 1 dan meningkatkan skor risiko dengan kontribusi SHAP sekitar 1.2495.
- Waktu publikasi pada kuartal iv bernilai 0 dan meningkatkan skor risiko dengan kontribusi SHAP sekitar 1.1402.",,,,,,,
202,test,60623,model_heuristic_disagreement,0.583151,True,0.186147,0.5,0.5,-0.186147,-0.372986,ocds-20h3g7-6940201,Pelebaran Jalan Ruas Jalan Bromo Semeru,2023-07-06 00:00:00+00:00,Pemerintah Daerah Kota Batu,PT. MANDIRI LANGGENG GEMILANG,4497885838.0,3333333333.33,2,1,Medium Risk,0.559133,0.127014,0.559133,0.313853,0.950853,Perlu Pantauan,model_only,Diturunkan dari triase model: Medium Risk dengan probabilitas 55.91%.,,,False,f_buyer_supplier_repeat_count=-1.5842 | f_supplier_recent_90d_award_count=1.2216 | f_is_q4=1.1678,"Peringkat investigatif paket ini adalah **Perlu Pantauan**.
Diturunkan dari triase model: Medium Risk dengan probabilitas 55.91%.
Model mengklasifikasikan paket ini sebagai **Medium Risk** dengan probabilitas 55.91%.
Catatan penting: ini adalah triase risiko, bukan bukti fraud final. Status kritis hanya boleh dinaikkan bila ada bukti resmi yang terhubung.
Faktor yang paling memengaruhi prediksi adalah:
- Frekuensi hubungan buyer-supplier berulang bernilai 2 dan menurunkan skor risiko dengan kontribusi SHAP sekitar 1.5842.
- F supplier recent 90d award count bernilai 0 dan meningkatkan skor risiko dengan kontribusi SHAP sekitar 1.2216.
- Waktu publikasi pada kuartal iv bernilai 0 dan meningkatkan skor risiko dengan kontribusi SHAP sekitar 1.1678.",,,,,,,
203,test,12177,model_heuristic_disagreement,0.583129,True,0.187393,0.5,0.5,-0.187393,-0.369386,ocds-20h3g7-3918661,Pembangunan Gedung SATPOL PP Kab. PALI,2023-03-31 00:00:00+00:00,Pemerintah Daerah Kabupaten Penukal Abab Lematang Ilir,CV. NUR,4899999122.94,4870406259.69,2,1,Medium Risk,0.556779,0.130614,0.556779,0.312607,0.955411,Perlu Pantauan,model_only,Diturunkan dari triase model: Medium Risk dengan probabilitas 55.68%.,,,False,f_buyer_supplier_repeat_count=-1.5510 | f_supplier_recent_90d_award_count=1.1224 | f_is_q4=1.0619,"Peringkat investigatif paket ini adalah **Perlu Pantauan**.
Diturunkan dari triase model: Medium Risk dengan probabilitas 55.68%.
Model mengklasifikasikan paket ini sebagai **Medium Risk** dengan probabilitas 55.68%.
Catatan penting: ini adalah triase risiko, bukan bukti fraud final. Status kritis hanya boleh dinaikkan bila ada bukti resmi yang terhubung.
Faktor yang paling memengaruhi prediksi adalah:
- Frekuensi hubungan buyer-supplier berulang bernilai 2 dan menurunkan skor risiko dengan kontribusi SHAP sekitar 1.5510.
- F supplier recent 90d award count bernilai 0 dan meningkatkan skor risiko dengan kontribusi SHAP sekitar 1.1224.
- Waktu publikasi pada kuartal iv bernilai 0 dan meningkatkan skor risiko dengan kontribusi SHAP sekitar 1.0619.",,,,,,,
204,test,15753,model_heuristic_disagreement,0.582978,True,0.191053,0.5,0.5,-0.191053,-0.358614,ocds-20h3g7-19244288,Lanjutan Rehabilitasi Mess Maluku,2023-04-06 00:00:00+00:00,Pemerintah Daerah Provinsi Maluku,CV. Cicilia Mandiri,4400000000.0,4334116921.36,2,1,Medium Risk,0.549667,0.141386,0.549667,0.308947,0.968417,Perlu Pantauan,model_only,Diturunkan dari triase model: Medium Risk dengan probabilitas 54.97%.,,,False,f_buyer_supplier_repeat_count=-1.7649 | f_supplier_recent_90d_award_count=1.2268 | f_is_q4=1.1403,"Peringkat investigatif paket ini adalah **Perlu Pantauan**.
Diturunkan dari triase model: Medium Risk dengan probabilitas 54.97%.
Model mengklasifikasikan paket ini sebagai **Medium Risk** dengan probabilitas 54.97%.
Catatan penting: ini adalah triase risiko, bukan bukti fraud final. Status kritis hanya boleh dinaikkan bila ada bukti resmi yang terhubung.
Faktor yang paling memengaruhi prediksi adalah:
- Frekuensi hubungan buyer-supplier berulang bernilai 6 dan menurunkan skor risiko dengan kontribusi SHAP sekitar 1.7649.
- F supplier recent 90d award count bernilai 0 dan meningkatkan skor risiko dengan kontribusi SHAP sekitar 1.2268.
- Waktu publikasi pada kuartal iv bernilai 0 dan meningkatkan skor risiko dengan kontribusi SHAP sekitar 1.1403.",,,,,,,
205,test,90614,model_heuristic_disagreement,0.582926,True,0.184454,0.5,0.5,-0.184454,-0.378485,ocds-20h3g7-7325052,Peningkatan Jalan Desa Suliliran,2023-10-20 00:00:00+00:00,Pemerintah Daerah Kabupaten Paser,PT. LASIANG JAYA GROUP,4795511494.0,4648898000.0,2,1,Medium Risk,0.562939,0.121515,0.562939,0.315546,0.943541,Perlu Pantauan,model_only,Diturunkan dari triase model: Medium Risk dengan probabilitas 56.29%.,,,False,f_is_q4=-1.3565 | f_buyer_supplier_repeat_count=0.9574 | f_supplier_recent_90d_award_count=0.8056,"Peringkat investigatif paket ini adalah **Perlu Pantauan**.
Diturunkan dari triase model: Medium Risk dengan probabilitas 56.29%.
Model mengklasifikasikan paket ini sebagai **Medium Risk** dengan probabilitas 56.29%.
Catatan penting: ini adalah triase risiko, bukan bukti fraud final. Status kritis hanya boleh dinaikkan bila ada bukti resmi yang terhubung.
Faktor yang paling memengaruhi prediksi adalah:
- Waktu publikasi pada kuartal iv bernilai 1 dan menurunkan skor risiko dengan kontribusi SHAP sekitar 1.3565.
- Frekuensi hubungan buyer-supplier berulang bernilai 1 dan meningkatkan skor risiko dengan kontribusi SHAP sekitar 0.9574.
- F supplier recent 90d award count bernilai 1 dan meningkatkan skor risiko dengan kontribusi SHAP sekitar 0.8056.",,,,,,,
206,test,62888,model_heuristic_disagreement,0.582342,True,0.191603,0.5,0.5,-0.191603,-0.358925,ocds-20h3g7-12520415,Pembangunan RTH Kecamatan Jatirogo,2023-07-12 00:00:00+00:00,Pemerintah Daerah Kabupaten Tuban,PT. LAGUNA KARYA INTERNUSA,3989213341.52,3950464269.82,2,1,Medium Risk,0.550528,0.141075,0.550528,0.308397,0.967676,Perlu Pantauan,model_only,Diturunkan dari triase model: Medium Risk dengan probabilitas 55.05%.,,,False,f_tender_value_zscore_buyer=-2.6132 | f_is_q4=0.9031 | f_buyer_supplier_repeat_count=0.8923,"Peringkat investigatif paket ini adalah **Perlu Pantauan**.
Diturunkan dari triase model: Medium Risk dengan probabilitas 55.05%.
Model mengklasifikasikan paket ini sebagai **Medium Risk** dengan probabilitas 55.05%.
Catatan penting: ini adalah triase risiko, bukan bukti fraud final. Status kritis hanya boleh dinaikkan bila ada bukti resmi yang terhubung.
Faktor yang paling memengaruhi prediksi adalah:
- F tender value zscore buyer bernilai 2.4102 dan menurunkan skor risiko dengan kontribusi SHAP sekitar 2.6132.
- Waktu publikasi pada kuartal iv bernilai 0 dan meningkatkan skor risiko dengan kontribusi SHAP sekitar 0.9031.
- Frekuensi hubungan buyer-supplier berulang bernilai 0 dan meningkatkan skor risiko dengan kontribusi SHAP sekitar 0.8923.",,,,,,,
207,test,9882,model_heuristic_disagreement,0.582041,True,0.190962,0.5,0.5,-0.190962,-0.3619,ocds-20h3g7-3613305,PEMBANGUNAN GEDUNG PLUT,2023-03-29 00:00:00+00:00,Pemerintah Daerah Kabupaten Lampung Barat,CV. PUTRA SARANA KONSTRUKSI,4383430000.0,4357283845.98,2,1,Medium Risk,0.552862,0.1381,0.552862,0.309038,0.96396,Perlu Pantauan,model_only,Diturunkan dari triase model: Medium Risk dengan probabilitas 55.29%.,,,False,f_buyer_supplier_repeat_count=-1.6456 | f_supplier_recent_90d_award_count=1.2461 | f_is_q4=1.1092,"Peringkat investigatif paket ini adalah **Perlu Pantauan**.
Diturunkan dari triase model: Medium Risk dengan probabilitas 55.29%.
Model mengklasifikasikan paket ini sebagai **Medium Risk** dengan probabilitas 55.29%.
Catatan penting: ini adalah triase risiko, bukan bukti fraud final. Status kritis hanya boleh dinaikkan bila ada bukti resmi yang terhubung.
Faktor yang paling memengaruhi prediksi adalah:
- Frekuensi hubungan buyer-supplier berulang bernilai 4 dan menurunkan skor risiko dengan kontribusi SHAP sekitar 1.6456.
- F supplier recent 90d award count bernilai 0 dan meningkatkan skor risiko dengan kontribusi SHAP sekitar 1.2461.
- Waktu publikasi pada kuartal iv bernilai 0 dan meningkatkan skor risiko dengan kontribusi SHAP sekitar 1.1092.",,,,,,,
208,test,22050,model_heuristic_disagreement,0.581885,True,0.191053,0.5,0.5,-0.191053,-0.362108,ocds-20h3g7-9349161,Peningkatan Jalan Poros Sungai Nibung - Sadar Jaya,2023-05-02 00:00:00+00:00,Pemerintah Daerah Kabupaten Bengkalis,CV ABIYYU,4998744681.0,4873832676.43,2,1,Medium Risk,0.553162,0.137892,0.553162,0.308947,0.963618,Perlu Pantauan,model_only,Diturunkan dari triase model: Medium Risk dengan probabilitas 55.32%.,,,False,f_buyer_supplier_repeat_count=-1.5601 | f_supplier_recent_90d_award_count=1.2117 | f_is_q4=1.1119,"Peringkat investigatif paket ini adalah **Perlu Pantauan**.
Diturunkan dari triase model: Medium Risk dengan probabilitas 55.32%.
Model mengklasifikasikan paket ini sebagai **Medium Risk** dengan probabilitas 55.32%.
Catatan penting: ini adalah triase risiko, bukan bukti fraud final. Status kritis hanya boleh dinaikkan bila ada bukti resmi yang terhubung.
Faktor yang paling memengaruhi prediksi adalah:
- Frekuensi hubungan buyer-supplier berulang bernilai 4 dan menurunkan skor risiko dengan kontribusi SHAP sekitar 1.5601.
- F supplier recent 90d award count bernilai 0 dan meningkatkan skor risiko dengan kontribusi SHAP sekitar 1.2117.
- Waktu publikasi pada kuartal iv bernilai 0 dan meningkatkan skor risiko dengan kontribusi SHAP sekitar 1.1119.",,,,,,,
209,test,61658,model_heuristic_disagreement,0.581356,True,0.188646,0.5,0.5,-0.188646,-0.37102,ocds-20h3g7-2233406,"Rehabilitasi Sedang/Berat Ruang Kelas SD GMIM TELAP (DAU),Rehabilitasi Sedang/Berat Ruang Kelas SD GMIM TOULIANG OKI (DAU),Rehabilitasi Sedang/Berat Ruang Kelas SD GMIM WATUMEA (DAU),Rehabilitasi Sedang/Berat Ruang Kelas SD INPRES ERIS (DAU),Rehabilitasi Sedang/Berat Ruang Kelas SD INPRES SERETAN (DAU),Rehabilitasi Sedang/Berat Ruang Kelas SD NEGERI ERIS (DAU),Rehabilitasi Sedang/Berat Ruang Kelas SD NEGERI KALEOSAN (DAU),Rehabilitasi Sedang/Berat Ruang Kelas SD NEGERI WATULANEY (DAU),Rehabilitasi Sedang/Berat Ruang Kelas SD NEGERI KECIL ATEP OKI (DAU),Rehabilitasi Sedang/Berat Ruang Kelas Sekolah SMP KRISTEN CREDO (DAU),Rehabilitasi Sedang/Berat Sarana, Prasarana dan Utilitas Sekolah SD GMIM TOULIANG OKI (DAU)",2023-07-07 00:00:00+00:00,Pemerintah Daerah Kabupaten Minahasa,CV.SUMBER KARUNIA,4985500000.0,4970719285.33,2,1,Medium Risk,0.559666,0.12898,0.559666,0.311354,0.952298,Perlu Pantauan,model_only,Diturunkan dari triase model: Medium Risk dengan probabilitas 55.97%.,,,False,f_supplier_recent_90d_award_count=-1.5984 | f_title_length=1.5018 | f_buyer_supplier_repeat_count=-1.0775,"Peringkat investigatif paket ini adalah **Perlu Pantauan**.
Diturunkan dari triase model: Medium Risk dengan probabilitas 55.97%.
Model mengklasifikasikan paket ini sebagai **Medium Risk** dengan probabilitas 55.97%.
Catatan penting: ini adalah triase risiko, bukan bukti fraud final. Status kritis hanya boleh dinaikkan bila ada bukti resmi yang terhubung.
Faktor yang paling memengaruhi prediksi adalah:
- F supplier recent 90d award count bernilai 6 dan menurunkan skor risiko dengan kontribusi SHAP sekitar 1.5984.
- Panjang judul tender bernilai 720 dan meningkatkan skor risiko dengan kontribusi SHAP sekitar 1.5018.
- Frekuensi hubungan buyer-supplier berulang bernilai 2 dan menurunkan skor risiko dengan kontribusi SHAP sekitar 1.0775.",,,,,,,
210,test,33661,model_heuristic_disagreement,0.581319,True,0.194024,0.5,0.5,-0.194024,-0.354493,ocds-20h3g7-14553286,Belanja Modal Bangunan Kesehatan,2023-05-24 00:00:00+00:00,Pemerintah Daerah Kabupaten Cilacap,CV. RASYD,4699999973.21,3935430223.49,2,1,Medium Risk,0.548517,0.145507,0.548517,0.305976,0.972226,Perlu Pantauan,model_only,Diturunkan dari triase model: Medium Risk dengan probabilitas 54.85%.,,,False,f_tender_value_zscore_buyer=-2.4762 | f_buyer_supplier_repeat_count=0.9308 | f_is_q4=0.9024,"Peringkat investigatif paket ini adalah **Perlu Pantauan**.
Diturunkan dari triase model: Medium Risk dengan probabilitas 54.85%.
Model mengklasifikasikan paket ini sebagai **Medium Risk** dengan probabilitas 54.85%.
Catatan penting: ini adalah triase risiko, bukan bukti fraud final. Status kritis hanya boleh dinaikkan bila ada bukti resmi yang terhubung.
Faktor yang paling memengaruhi prediksi adalah:
- F tender value zscore buyer bernilai 2.3821 dan menurunkan skor risiko dengan kontribusi SHAP sekitar 2.4762.
- Frekuensi hubungan buyer-supplier berulang bernilai 1 dan meningkatkan skor risiko dengan kontribusi SHAP sekitar 0.9308.
- Waktu publikasi pada kuartal iv bernilai 0 dan meningkatkan skor risiko dengan kontribusi SHAP sekitar 0.9024.",,,,,,,
211,test,85518,model_heuristic_disagreement,0.58077,True,0.188879,0.5,0.5,-0.188879,-0.372085,ocds-20h3g7-57481127,Pemeliharaan Bangunan dan penunjang Museum di Unit Pengelola Museum Kesejarahan Jakarta Tahun 2023,2023-09-26 00:00:00+00:00,Pemerintah Daerah Provinsi DKI Jakarta,PT EKA MAKMUR BERSAMA,4994361000.0,3885375000.0,2,1,Medium Risk,0.560964,0.127915,0.560964,0.311121,0.950593,Perlu Pantauan,model_only,Diturunkan dari triase model: Medium Risk dengan probabilitas 56.10%.,,,False,f_supplier_recent_90d_award_count=-1.6732 | f_title_length=1.5384 | f_buyer_supplier_repeat_count=-1.1126,"Peringkat investigatif paket ini adalah **Perlu Pantauan**.
Diturunkan dari triase model: Medium Risk dengan probabilitas 56.10%.
Model mengklasifikasikan paket ini sebagai **Medium Risk** dengan probabilitas 56.10%.
Catatan penting: ini adalah triase risiko, bukan bukti fraud final. Status kritis hanya boleh dinaikkan bila ada bukti resmi yang terhubung.
Faktor yang paling memengaruhi prediksi adalah:
- F supplier recent 90d award count bernilai 5 dan menurunkan skor risiko dengan kontribusi SHAP sekitar 1.6732.
- Panjang judul tender bernilai 98 dan meningkatkan skor risiko dengan kontribusi SHAP sekitar 1.5384.
- Frekuensi hubungan buyer-supplier berulang bernilai 7 dan menurunkan skor risiko dengan kontribusi SHAP sekitar 1.1126.",,,,,,,
212,test,8739,model_heuristic_disagreement,0.580504,True,0.199251,0.5,0.5,-0.199251,-0.339519,ocds-20h3g7-7564058,Pemeliharaan Berkala Jalan Sukorejo - Klepu,2023-03-28 00:00:00+00:00,Pemerintah Daerah Kabupaten Pacitan,CV. PUTRI KENCANA,4289643505.56,3617503329.38,2,1,Medium Risk,0.53877,0.160481,0.53877,0.300749,0.988168,Perlu Pantauan,model_only,Diturunkan dari triase model: Medium Risk dengan probabilitas 53.88%.,,,False,f_tender_value_zscore_buyer=-2.4528 | f_is_q4=0.9179 | f_buyer_supplier_repeat_count=0.8775,"Peringkat investigatif paket ini adalah **Perlu Pantauan**.
Diturunkan dari triase model: Medium Risk dengan probabilitas 53.88%.
Model mengklasifikasikan paket ini sebagai **Medium Risk** dengan probabilitas 53.88%.
Catatan penting: ini adalah triase risiko, bukan bukti fraud final. Status kritis hanya boleh dinaikkan bila ada bukti resmi yang terhubung.
Faktor yang paling memengaruhi prediksi adalah:
- F tender value zscore buyer bernilai 2.2517 dan menurunkan skor risiko dengan kontribusi SHAP sekitar 2.4528.
- Waktu publikasi pada kuartal iv bernilai 0 dan meningkatkan skor risiko dengan kontribusi SHAP sekitar 0.9179.
- Frekuensi hubungan buyer-supplier berulang bernilai 0 dan meningkatkan skor risiko dengan kontribusi SHAP sekitar 0.8775.",,,,,,,
213,test,79956,model_heuristic_disagreement,0.580485,True,0.191566,0.5,0.5,-0.191566,-0.364915,ocds-20h3g7-10871192,",Belanja Konstruksi Pembangunan Area Parkir Islamic Center",2023-09-05 00:00:00+00:00,Pemerintah Daerah Kota Malang,CV. ABADI JAYA SENTOSA,4970058578.79,4772772006.38,2,1,Medium Risk,0.556481,0.135085,0.556481,0.308434,0.959381,Perlu Pantauan,model_only,Diturunkan dari triase model: Medium Risk dengan probabilitas 55.65%.,,,False,f_buyer_supplier_repeat_count=-1.5320 | f_supplier_recent_90d_award_count=1.1314 | f_is_q4=1.0499,"Peringkat investigatif paket ini adalah **Perlu Pantauan**.
Diturunkan dari triase model: Medium Risk dengan probabilitas 55.65%.
Model mengklasifikasikan paket ini sebagai **Medium Risk** dengan probabilitas 55.65%.
Catatan penting: ini adalah triase risiko, bukan bukti fraud final. Status kritis hanya boleh dinaikkan bila ada bukti resmi yang terhubung.
Faktor yang paling memengaruhi prediksi adalah:
- Frekuensi hubungan buyer-supplier berulang bernilai 3 dan menurunkan skor risiko dengan kontribusi SHAP sekitar 1.5320.
- F supplier recent 90d award count bernilai 1 dan meningkatkan skor risiko dengan kontribusi SHAP sekitar 1.1314.
- Waktu publikasi pada kuartal iv bernilai 0 dan meningkatkan skor risiko dengan kontribusi SHAP sekitar 1.0499.",,,,,,,
214,test,31232,model_heuristic_disagreement,0.580427,True,0.190335,0.5,0.5,-0.190335,-0.368811,ocds-20h3g7-13792308,Pembangunan Sarana dan Prasarana Pendukung UPT Damkar Kec. Medan Tuntungan,2023-05-19 00:00:00+00:00,Pemerintah Daerah Kota Medan,CV. BINTANG JAYA,4920070000.03,4798763628.93,2,1,Medium Risk,0.559146,0.131189,0.559146,0.309665,0.954525,Perlu Pantauan,model_only,Diturunkan dari triase model: Medium Risk dengan probabilitas 55.91%.,,,False,f_supplier_recent_90d_award_count=-1.5466 | f_title_length=1.5275 | f_buyer_supplier_repeat_count=-1.0116,"Peringkat investigatif paket ini adalah **Perlu Pantauan**.
Diturunkan dari triase model: Medium Risk dengan probabilitas 55.91%.
Model mengklasifikasikan paket ini sebagai **Medium Risk** dengan probabilitas 55.91%.
Catatan penting: ini adalah triase risiko, bukan bukti fraud final. Status kritis hanya boleh dinaikkan bila ada bukti resmi yang terhubung.
Faktor yang paling memengaruhi prediksi adalah:
- F supplier recent 90d award count bernilai 3 dan menurunkan skor risiko dengan kontribusi SHAP sekitar 1.5466.
- Panjang judul tender bernilai 74 dan meningkatkan skor risiko dengan kontribusi SHAP sekitar 1.5275.
- Frekuensi hubungan buyer-supplier berulang bernilai 3 dan menurunkan skor risiko dengan kontribusi SHAP sekitar 1.0116.",,,,,,,
215,test,26220,model_heuristic_disagreement,0.580287,True,0.191827,0.5,0.5,-0.191827,-0.364734,ocds-20h3g7-5264051,Rekonstruksi Jalan Gatak Grojogan - Bayat,2023-05-10 00:00:00+00:00,Pemerintah Daerah Kabupaten Klaten,CV. PETRACO,4655880000.0,4545000000.0,2,1,Medium Risk,0.556561,0.135266,0.556561,0.308173,0.959483,Perlu Pantauan,model_only,Diturunkan dari triase model: Medium Risk dengan probabilitas 55.66%.,,,False,f_buyer_supplier_repeat_count=-1.5732 | f_supplier_recent_90d_award_count=1.2417 | f_is_q4=1.1292,"Peringkat investigatif paket ini adalah **Perlu Pantauan**.
Diturunkan dari triase model: Medium Risk dengan probabilitas 55.66%.
Model mengklasifikasikan paket ini sebagai **Medium Risk** dengan probabilitas 55.66%.
Catatan penting: ini adalah triase risiko, bukan bukti fraud final. Status kritis hanya boleh dinaikkan bila ada bukti resmi yang terhubung.
Faktor yang paling memengaruhi prediksi adalah:
- Frekuensi hubungan buyer-supplier berulang bernilai 5 dan menurunkan skor risiko dengan kontribusi SHAP sekitar 1.5732.
- F supplier recent 90d award count bernilai 2 dan meningkatkan skor risiko dengan kontribusi SHAP sekitar 1.2417.
- Waktu publikasi pada kuartal iv bernilai 0 dan meningkatkan skor risiko dengan kontribusi SHAP sekitar 1.1292.",,,,,,,
216,test,61952,model_heuristic_disagreement,0.579986,True,0.202137,0.5,0.5,-0.202137,-0.330883,ocds-20h3g7-5183197,"Peningkatan Ruas Jalan Binuung - Sungai Pinang (R.036),Rekonstruksi Ruas Jalan Rantau Bakula - Belimbing (R. 209),Rekonstruksi Ruas Jalan Balai Madu-Binuung,Rekonstruksi Ruas Jalan Sungkai-Balai Madu",2023-07-10 00:00:00+00:00,Pemerintah Daerah Kabupaten Banjar,CV. LUMINTU ABADI JAYA,4241984000.0,4022304567.41,2,1,Medium Risk,0.53302,0.169117,0.53302,0.297863,0.996671,Perlu Pantauan,model_only,Diturunkan dari triase model: Medium Risk dengan probabilitas 53.30%.,,,False,f_tender_value_zscore_buyer=-1.7753 | f_supplier_recent_90d_award_count=-1.5228 | f_tender_value_log=0.9162,"Peringkat investigatif paket ini adalah **Perlu Pantauan**.
Diturunkan dari triase model: Medium Risk dengan probabilitas 53.30%.
Model mengklasifikasikan paket ini sebagai **Medium Risk** dengan probabilitas 53.30%.
Catatan penting: ini adalah triase risiko, bukan bukti fraud final. Status kritis hanya boleh dinaikkan bila ada bukti resmi yang terhubung.
Faktor yang paling memengaruhi prediksi adalah:
- F tender value zscore buyer bernilai 2.2825 dan menurunkan skor risiko dengan kontribusi SHAP sekitar 1.7753.
- F supplier recent 90d award count bernilai 3 dan menurunkan skor risiko dengan kontribusi SHAP sekitar 1.5228.
- Nilai tender bernilai 22.1683 dan meningkatkan skor risiko dengan kontribusi SHAP sekitar 0.9162.",,,,,,,
217,test,47802,model_heuristic_disagreement,0.579985,True,0.198908,0.5,0.5,-0.198908,-0.342595,ocds-20h3g7-3755516,"Bangunan TIC, termasuk ruang serbaguna dan kantor pengelola",2023-06-14 00:00:00+00:00,Pemerintah Daerah Kabupaten Karo,CV. PEGEHEYSHA,4629244093.16,4576744929.32,2,1,Medium Risk,0.541502,0.157405,0.541502,0.301092,0.984606,Perlu Pantauan,model_only,Diturunkan dari triase model: Medium Risk dengan probabilitas 54.15%.,,,False,f_tender_value_zscore_buyer=-2.0882 | f_buyer_supplier_repeat_count=0.9112 | f_is_q4=0.8799,"Peringkat investigatif paket ini adalah **Perlu Pantauan**.
Diturunkan dari triase model: Medium Risk dengan probabilitas 54.15%.
Model mengklasifikasikan paket ini sebagai **Medium Risk** dengan probabilitas 54.15%.
Catatan penting: ini adalah triase risiko, bukan bukti fraud final. Status kritis hanya boleh dinaikkan bila ada bukti resmi yang terhubung.
Faktor yang paling memengaruhi prediksi adalah:
- F tender value zscore buyer bernilai 2.4332 dan menurunkan skor risiko dengan kontribusi SHAP sekitar 2.0882.
- Frekuensi hubungan buyer-supplier berulang bernilai 1 dan meningkatkan skor risiko dengan kontribusi SHAP sekitar 0.9112.
- Waktu publikasi pada kuartal iv bernilai 0 dan meningkatkan skor risiko dengan kontribusi SHAP sekitar 0.8799.",,,,,,,
218,test,2121,model_heuristic_disagreement,0.579705,True,0.193127,0.5,0.5,-0.193127,-0.362548,ocds-20h3g7-24268638,Bangfas sumur dan prasarana Yonif 755 Divif 3/K,2023-03-15 00:00:00+00:00,Kementerian Pertahanan,CV. CAHAYA TIMUR NUSANTARA,4961623000.0,4906648000.0,2,1,Medium Risk,0.555675,0.137452,0.555675,0.306873,0.961785,Perlu Pantauan,model_only,Diturunkan dari triase model: Medium Risk dengan probabilitas 55.57%.,,,False,f_buyer_supplier_repeat_count=-1.6138 | f_supplier_recent_90d_award_count=1.1768 | f_is_q4=1.1095,"Peringkat investigatif paket ini adalah **Perlu Pantauan**.
Diturunkan dari triase model: Medium Risk dengan probabilitas 55.57%.
Model mengklasifikasikan paket ini sebagai **Medium Risk** dengan probabilitas 55.57%.
Catatan penting: ini adalah triase risiko, bukan bukti fraud final. Status kritis hanya boleh dinaikkan bila ada bukti resmi yang terhubung.
Faktor yang paling memengaruhi prediksi adalah:
- Frekuensi hubungan buyer-supplier berulang bernilai 2 dan menurunkan skor risiko dengan kontribusi SHAP sekitar 1.6138.
- F supplier recent 90d award count bernilai 1 dan meningkatkan skor risiko dengan kontribusi SHAP sekitar 1.1768.
- Waktu publikasi pada kuartal iv bernilai 0 dan meningkatkan skor risiko dengan kontribusi SHAP sekitar 1.1095.",,,,,,,
219,test,36676,model_heuristic_disagreement,0.579168,True,0.193427,0.5,0.5,-0.193427,-0.363308,ocds-20h3g7-22662027,Penataan Alun-Alun Kota Gunung Sitoli,2023-05-29 00:00:00+00:00,Pemerintah Daerah Provinsi Sumatera Utara,CV. KRUENG KUTA JAYA,4774608746.95,4453680086.1,2,1,Medium Risk,0.556735,0.136692,0.556735,0.306573,0.960542,Perlu Pantauan,model_only,Diturunkan dari triase model: Medium Risk dengan probabilitas 55.67%.,,,False,f_buyer_supplier_repeat_count=-1.8077 | f_supplier_recent_90d_award_count=1.1872 | f_is_q4=1.0765,"Peringkat investigatif paket ini adalah **Perlu Pantauan**.
Diturunkan dari triase model: Medium Risk dengan probabilitas 55.67%.
Model mengklasifikasikan paket ini sebagai **Medium Risk** dengan probabilitas 55.67%.
Catatan penting: ini adalah triase risiko, bukan bukti fraud final. Status kritis hanya boleh dinaikkan bila ada bukti resmi yang terhubung.
Faktor yang paling memengaruhi prediksi adalah:
- Frekuensi hubungan buyer-supplier berulang bernilai 3 dan menurunkan skor risiko dengan kontribusi SHAP sekitar 1.8077.
- F supplier recent 90d award count bernilai 0 dan meningkatkan skor risiko dengan kontribusi SHAP sekitar 1.1872.
- Waktu publikasi pada kuartal iv bernilai 0 dan meningkatkan skor risiko dengan kontribusi SHAP sekitar 1.0765.",,,,,,,
220,test,76127,model_heuristic_disagreement,0.579158,True,0.195446,0.5,0.5,-0.195446,-0.356993,ocds-20h3g7-4406194,Pengadaan Pekerjaan Konstruksi Pembangunan Fisik BLK Bantul,2023-08-22 00:00:00+00:00,Kementerian Ketenagakerjaan,PT Tuwuh Handayani,4918995890.65,4154384163.89,2,1,Medium Risk,0.552439,0.143007,0.552439,0.304554,0.968039,Perlu Pantauan,model_only,Diturunkan dari triase model: Medium Risk dengan probabilitas 55.24%.,,,False,f_supplier_recent_90d_award_count=-2.1209 | f_buyer_supplier_repeat_count=1.1291 | f_is_q4=0.8940,"Peringkat investigatif paket ini adalah **Perlu Pantauan**.
Diturunkan dari triase model: Medium Risk dengan probabilitas 55.24%.
Model mengklasifikasikan paket ini sebagai **Medium Risk** dengan probabilitas 55.24%.
Catatan penting: ini adalah triase risiko, bukan bukti fraud final. Status kritis hanya boleh dinaikkan bila ada bukti resmi yang terhubung.
Faktor yang paling memengaruhi prediksi adalah:
- F supplier recent 90d award count bernilai 5 dan menurunkan skor risiko dengan kontribusi SHAP sekitar 2.1209.
- Frekuensi hubungan buyer-supplier berulang bernilai 0 dan meningkatkan skor risiko dengan kontribusi SHAP sekitar 1.1291.
- Waktu publikasi pada kuartal iv bernilai 0 dan meningkatkan skor risiko dengan kontribusi SHAP sekitar 0.8940.",,,,,,,
221,test,60821,model_heuristic_disagreement,0.578057,True,0.192782,0.5,0.5,-0.192782,-0.368682,ocds-20h3g7-2098271,Perluasan SPAM Di Distrik Kimaam,2023-07-07 00:00:00+00:00,Pemerintah Daerah Kabupaten Merauke,cv.putra nakias,4875000000.0,4460064264.28,2,1,Medium Risk,0.561464,0.131318,0.561464,0.307218,0.953252,Perlu Pantauan,model_only,Diturunkan dari triase model: Medium Risk dengan probabilitas 56.15%.,,,False,f_buyer_supplier_repeat_count=-1.6478 | f_supplier_recent_90d_award_count=1.2394 | f_is_q4=1.0980,"Peringkat investigatif paket ini adalah **Perlu Pantauan**.
Diturunkan dari triase model: Medium Risk dengan probabilitas 56.15%.
Model mengklasifikasikan paket ini sebagai **Medium Risk** dengan probabilitas 56.15%.
Catatan penting: ini adalah triase risiko, bukan bukti fraud final. Status kritis hanya boleh dinaikkan bila ada bukti resmi yang terhubung.
Faktor yang paling memengaruhi prediksi adalah:
- Frekuensi hubungan buyer-supplier berulang bernilai 3 dan menurunkan skor risiko dengan kontribusi SHAP sekitar 1.6478.
- F supplier recent 90d award count bernilai 2 dan meningkatkan skor risiko dengan kontribusi SHAP sekitar 1.2394.
- Waktu publikasi pada kuartal iv bernilai 0 dan meningkatkan skor risiko dengan kontribusi SHAP sekitar 1.0980.",,,,,,,
222,test,15601,model_heuristic_disagreement,0.577889,True,0.194295,0.5,0.5,-0.194295,-0.364623,ocds-20h3g7-5545019,Pembangunan Kantor Camat Tuah Madani,2023-04-06 00:00:00+00:00,Pemerintah Daerah Kota Pekanbaru,cv.reva putra,4999067000.0,4771987406.73,2,1,Medium Risk,0.558919,0.135376,0.558919,0.305705,0.958165,Perlu Pantauan,model_only,Diturunkan dari triase model: Medium Risk dengan probabilitas 55.89%.,,,False,f_buyer_supplier_repeat_count=-1.5431 | f_supplier_recent_90d_award_count=1.2035 | f_is_q4=1.0728,"Peringkat investigatif paket ini adalah **Perlu Pantauan**.
Diturunkan dari triase model: Medium Risk dengan probabilitas 55.89%.
Model mengklasifikasikan paket ini sebagai **Medium Risk** dengan probabilitas 55.89%.
Catatan penting: ini adalah triase risiko, bukan bukti fraud final. Status kritis hanya boleh dinaikkan bila ada bukti resmi yang terhubung.
Faktor yang paling memengaruhi prediksi adalah:
- Frekuensi hubungan buyer-supplier berulang bernilai 3 dan menurunkan skor risiko dengan kontribusi SHAP sekitar 1.5431.
- F supplier recent 90d award count bernilai 2 dan meningkatkan skor risiko dengan kontribusi SHAP sekitar 1.2035.
- Waktu publikasi pada kuartal iv bernilai 0 dan meningkatkan skor risiko dengan kontribusi SHAP sekitar 1.0728.",,,,,,,
223,test,71249,model_heuristic_disagreement,0.577696,True,0.206022,0.5,0.5,-0.206022,-0.32492,ocds-20h3g7-3091412,Peningkatan Jalan Tanjung Medan menuju Tanjung Selamat Kecamatan Kampung Rakyat,2023-08-04 00:00:00+00:00,Pemerintah Daerah Kabupaten Labuhan Batu Selatan,CV. PANCURAN MAS,4000000000.0,3970014000.0,2,1,Medium Risk,0.530943,0.17508,0.530943,0.293978,1.001122,Perlu Pantauan,model_only,Diturunkan dari triase model: Medium Risk dengan probabilitas 53.09%.,,,False,f_tender_value_zscore_buyer=-2.2988 | f_buyer_supplier_repeat_count=-1.2783 | f_title_length=1.1830,"Peringkat investigatif paket ini adalah **Perlu Pantauan**.
Diturunkan dari triase model: Medium Risk dengan probabilitas 53.09%.
Model mengklasifikasikan paket ini sebagai **Medium Risk** dengan probabilitas 53.09%.
Catatan penting: ini adalah triase risiko, bukan bukti fraud final. Status kritis hanya boleh dinaikkan bila ada bukti resmi yang terhubung.
Faktor yang paling memengaruhi prediksi adalah:
- F tender value zscore buyer bernilai 2.1459 dan menurunkan skor risiko dengan kontribusi SHAP sekitar 2.2988.
- Frekuensi hubungan buyer-supplier berulang bernilai 4 dan menurunkan skor risiko dengan kontribusi SHAP sekitar 1.2783.
- Panjang judul tender bernilai 79 dan meningkatkan skor risiko dengan kontribusi SHAP sekitar 1.1830.",,,,,,,
224,test,85878,model_heuristic_disagreement,0.577421,True,0.194273,0.5,0.5,-0.194273,-0.366134,ocds-20h3g7-14031043,Lanjutan Penanganan Kawasan Anak Sungai Sei Limunjan,2023-09-27 00:00:00+00:00,Pemerintah Daerah Kabupaten Berau,CV.MAHADEWI,4949999000.0,4901631333.31,2,1,Medium Risk,0.560407,0.133866,0.560407,0.305727,0.956027,Perlu Pantauan,model_only,Diturunkan dari triase model: Medium Risk dengan probabilitas 56.04%.,,,False,f_buyer_supplier_repeat_count=-1.5664 | f_supplier_recent_90d_award_count=1.2041 | f_is_q4=1.1274,"Peringkat investigatif paket ini adalah **Perlu Pantauan**.
Diturunkan dari triase model: Medium Risk dengan probabilitas 56.04%.
Model mengklasifikasikan paket ini sebagai **Medium Risk** dengan probabilitas 56.04%.
Catatan penting: ini adalah triase risiko, bukan bukti fraud final. Status kritis hanya boleh dinaikkan bila ada bukti resmi yang terhubung.
Faktor yang paling memengaruhi prediksi adalah:
- Frekuensi hubungan buyer-supplier berulang bernilai 8 dan menurunkan skor risiko dengan kontribusi SHAP sekitar 1.5664.
- F supplier recent 90d award count bernilai 0 dan meningkatkan skor risiko dengan kontribusi SHAP sekitar 1.2041.
- Waktu publikasi pada kuartal iv bernilai 0 dan meningkatkan skor risiko dengan kontribusi SHAP sekitar 1.1274.",,,,,,,
225,test,49843,model_heuristic_disagreement,0.577338,True,0.202318,0.5,0.5,-0.202318,-0.340046,ocds-20h3g7-2212523,Rehabilitasi Jln. Saidi Rambe / Aek Tuhul,2023-06-16 00:00:00+00:00,Pemerintah Daerah Kota Padang Sidempuan,CV. FIX CONSTRUCTION,4470500000.0,4431999573.37,2,1,Medium Risk,0.542364,0.159954,0.542364,0.297682,0.985713,Perlu Pantauan,model_only,Diturunkan dari triase model: Medium Risk dengan probabilitas 54.24%.,,,False,f_tender_value_zscore_buyer=-2.5144 | f_buyer_supplier_repeat_count=0.9973 | f_is_q4=0.8975,"Peringkat investigatif paket ini adalah **Perlu Pantauan**.
Diturunkan dari triase model: Medium Risk dengan probabilitas 54.24%.
Model mengklasifikasikan paket ini sebagai **Medium Risk** dengan probabilitas 54.24%.
Catatan penting: ini adalah triase risiko, bukan bukti fraud final. Status kritis hanya boleh dinaikkan bila ada bukti resmi yang terhubung.
Faktor yang paling memengaruhi prediksi adalah:
- F tender value zscore buyer bernilai 2.1408 dan menurunkan skor risiko dengan kontribusi SHAP sekitar 2.5144.
- Frekuensi hubungan buyer-supplier berulang bernilai 1 dan meningkatkan skor risiko dengan kontribusi SHAP sekitar 0.9973.
- Waktu publikasi pada kuartal iv bernilai 0 dan meningkatkan skor risiko dengan kontribusi SHAP sekitar 0.8975.",,,,,,,
226,test,19731,model_heuristic_disagreement,0.576998,True,0.204179,0.5,0.5,-0.204179,-0.334573,ocds-20h3g7-9915065,Konstruksi Renovasi Gedung Kantor Jl Kuningan Barat No.1,2023-04-18 00:00:00+00:00,Kementerian Agraria dan Tata Ruang/BPN,CV. TRIDAYA GABEI MANDIRI,4264483322.0,2857326168.16,2,1,Medium Risk,0.538752,0.165427,0.538752,0.295821,0.991168,Perlu Pantauan,model_only,Diturunkan dari triase model: Medium Risk dengan probabilitas 53.88%.,,,False,f_price_deviation_ratio=-2.8585 | f_buyer_supplier_repeat_count=1.0467 | f_is_q4=1.0296,"Peringkat investigatif paket ini adalah **Perlu Pantauan**.
Diturunkan dari triase model: Medium Risk dengan probabilitas 53.88%.
Model mengklasifikasikan paket ini sebagai **Medium Risk** dengan probabilitas 53.88%.
Catatan penting: ini adalah triase risiko, bukan bukti fraud final. Status kritis hanya boleh dinaikkan bila ada bukti resmi yang terhubung.
Faktor yang paling memengaruhi prediksi adalah:
- Rasio deviasi harga terhadap nilai tender bernilai 0.67 dan menurunkan skor risiko dengan kontribusi SHAP sekitar 2.8585.
- Frekuensi hubungan buyer-supplier berulang bernilai 1 dan meningkatkan skor risiko dengan kontribusi SHAP sekitar 1.0467.
- Waktu publikasi pada kuartal iv bernilai 0 dan meningkatkan skor risiko dengan kontribusi SHAP sekitar 1.0296.",,,,,,,
227,test,44143,model_heuristic_disagreement,0.576574,True,0.196828,0.5,0.5,-0.196828,-0.360907,ocds-20h3g7-22763027,Penataan Alun-Alun Kota Tebing Tinggi,2023-06-09 00:00:00+00:00,Pemerintah Daerah Provinsi Sumatera Utara,PT. HPL MEKANIKAL JAYA,4799810202.9,4631331379.1,2,1,Medium Risk,0.557734,0.139093,0.557734,0.303172,0.961845,Perlu Pantauan,model_only,Diturunkan dari triase model: Medium Risk dengan probabilitas 55.77%.,,,False,f_buyer_supplier_repeat_count=-1.7348 | f_supplier_recent_90d_award_count=1.1644 | f_is_q4=1.0619,"Peringkat investigatif paket ini adalah **Perlu Pantauan**.
Diturunkan dari triase model: Medium Risk dengan probabilitas 55.77%.
Model mengklasifikasikan paket ini sebagai **Medium Risk** dengan probabilitas 55.77%.
Catatan penting: ini adalah triase risiko, bukan bukti fraud final. Status kritis hanya boleh dinaikkan bila ada bukti resmi yang terhubung.
Faktor yang paling memengaruhi prediksi adalah:
- Frekuensi hubungan buyer-supplier berulang bernilai 2 dan menurunkan skor risiko dengan kontribusi SHAP sekitar 1.7348.
- F supplier recent 90d award count bernilai 2 dan meningkatkan skor risiko dengan kontribusi SHAP sekitar 1.1644.
- Waktu publikasi pada kuartal iv bernilai 0 dan meningkatkan skor risiko dengan kontribusi SHAP sekitar 1.0619.",,,,,,,
228,test,68000,model_heuristic_disagreement,0.575858,True,0.195583,0.5,0.5,-0.195583,-0.366954,ocds-20h3g7-2864349,Pembangunan Stall Kuda,2023-07-26 00:00:00+00:00,Pemerintah Daerah Kota Manado,CV. NAFA KARYA,4760264000.0,4740286197.13,2,1,Medium Risk,0.562537,0.133046,0.562537,0.304417,0.954049,Perlu Pantauan,model_only,Diturunkan dari triase model: Medium Risk dengan probabilitas 56.25%.,,,False,f_supplier_recent_90d_award_count=-2.1424 | f_buyer_supplier_repeat_count=1.1931 | f_is_q4=0.8983,"Peringkat investigatif paket ini adalah **Perlu Pantauan**.
Diturunkan dari triase model: Medium Risk dengan probabilitas 56.25%.
Model mengklasifikasikan paket ini sebagai **Medium Risk** dengan probabilitas 56.25%.
Catatan penting: ini adalah triase risiko, bukan bukti fraud final. Status kritis hanya boleh dinaikkan bila ada bukti resmi yang terhubung.
Faktor yang paling memengaruhi prediksi adalah:
- F supplier recent 90d award count bernilai 3 dan menurunkan skor risiko dengan kontribusi SHAP sekitar 2.1424.
- Frekuensi hubungan buyer-supplier berulang bernilai 0 dan meningkatkan skor risiko dengan kontribusi SHAP sekitar 1.1931.
- Waktu publikasi pada kuartal iv bernilai 0 dan meningkatkan skor risiko dengan kontribusi SHAP sekitar 0.8983.",,,,,,,
229,test,20441,model_heuristic_disagreement,0.575571,True,0.196844,0.5,0.5,-0.196844,-0.363997,ocds-20h3g7-2459313,Lanjutan Pembangunan Gedung Islamic Center Kota Dumai,2023-04-26 00:00:00+00:00,Pemerintah Daerah Kota Dumai,CV. GADA JAYA,4800000000.0,4727595966.77,2,1,Medium Risk,0.560841,0.136003,0.560841,0.303156,0.9575,Perlu Pantauan,model_only,Diturunkan dari triase model: Medium Risk dengan probabilitas 56.08%.,,,False,f_buyer_supplier_repeat_count=-1.6459 | f_supplier_recent_90d_award_count=1.2367 | f_is_q4=1.1136,"Peringkat investigatif paket ini adalah **Perlu Pantauan**.
Diturunkan dari triase model: Medium Risk dengan probabilitas 56.08%.
Model mengklasifikasikan paket ini sebagai **Medium Risk** dengan probabilitas 56.08%.
Catatan penting: ini adalah triase risiko, bukan bukti fraud final. Status kritis hanya boleh dinaikkan bila ada bukti resmi yang terhubung.
Faktor yang paling memengaruhi prediksi adalah:
- Frekuensi hubungan buyer-supplier berulang bernilai 3 dan menurunkan skor risiko dengan kontribusi SHAP sekitar 1.6459.
- F supplier recent 90d award count bernilai 0 dan meningkatkan skor risiko dengan kontribusi SHAP sekitar 1.2367.
- Waktu publikasi pada kuartal iv bernilai 0 dan meningkatkan skor risiko dengan kontribusi SHAP sekitar 1.1136.",,,,,,,
230,test,25631,model_heuristic_disagreement,0.575571,True,0.201186,0.5,0.5,-0.201186,-0.3501,ocds-20h3g7-9326119,Jasa Konsultan Sistem Katalog Data Nasional Tahap 2,2023-05-09 00:00:00+00:00,Kementerian Perencanaan Pembangunan Nasional,"PT. Telekomunikasi Indonesia, Tbk.",4886797000.0,3964952967.0,2,1,Medium Risk,0.551286,0.1499,0.551286,0.298814,0.973718,Perlu Pantauan,model_only,Diturunkan dari triase model: Medium Risk dengan probabilitas 55.13%.,,,False,f_supplier_recent_90d_award_count=-2.3600 | f_buyer_supplier_repeat_count=1.1897 | f_is_q4=0.8221,"Peringkat investigatif paket ini adalah **Perlu Pantauan**.
Diturunkan dari triase model: Medium Risk dengan probabilitas 55.13%.
Model mengklasifikasikan paket ini sebagai **Medium Risk** dengan probabilitas 55.13%.
Catatan penting: ini adalah triase risiko, bukan bukti fraud final. Status kritis hanya boleh dinaikkan bila ada bukti resmi yang terhubung.
Faktor yang paling memengaruhi prediksi adalah:
- F supplier recent 90d award count bernilai 5 dan menurunkan skor risiko dengan kontribusi SHAP sekitar 2.3600.
- Frekuensi hubungan buyer-supplier berulang bernilai 1 dan meningkatkan skor risiko dengan kontribusi SHAP sekitar 1.1897.
- Waktu publikasi pada kuartal iv bernilai 0 dan meningkatkan skor risiko dengan kontribusi SHAP sekitar 0.8221.",,,,,,,
231,test,63147,model_heuristic_disagreement,0.574832,True,0.197389,0.5,0.5,-0.197389,-0.364613,ocds-20h3g7-12519415,Pembangunan RTH Kecamatan Singgahan,2023-07-12 00:00:00+00:00,Pemerintah Daerah Kabupaten Tuban,CV HAROMAIN,4700468151.36,4465424354.88,2,1,Medium Risk,0.562003,0.135387,0.562003,0.302611,0.956288,Perlu Pantauan,model_only,Diturunkan dari triase model: Medium Risk dengan probabilitas 56.20%.,,,False,f_tender_value_zscore_buyer=-2.5457 | f_buyer_supplier_repeat_count=0.9306 | f_is_q4=0.9247,"Peringkat investigatif paket ini adalah **Perlu Pantauan**.
Diturunkan dari triase model: Medium Risk dengan probabilitas 56.20%.
Model mengklasifikasikan paket ini sebagai **Medium Risk** dengan probabilitas 56.20%.
Catatan penting: ini adalah triase risiko, bukan bukti fraud final. Status kritis hanya boleh dinaikkan bila ada bukti resmi yang terhubung.
Faktor yang paling memengaruhi prediksi adalah:
- F tender value zscore buyer bernilai 2.9372 dan menurunkan skor risiko dengan kontribusi SHAP sekitar 2.5457.
- Frekuensi hubungan buyer-supplier berulang bernilai 0 dan meningkatkan skor risiko dengan kontribusi SHAP sekitar 0.9306.
- Waktu publikasi pada kuartal iv bernilai 0 dan meningkatkan skor risiko dengan kontribusi SHAP sekitar 0.9247.",,,,,,,
232,test,22561,model_heuristic_disagreement,0.574781,True,0.196956,0.5,0.5,-0.196956,-0.366091,ocds-20h3g7-6212596,Revitalisasi Ruko Jl. Niaga Utara,2023-05-03 00:00:00+00:00,Pemerintah Daerah Kota Samarinda,CV. BRAZYL BERSAUDARA,4885405000.0,4800042519.09,2,1,Medium Risk,0.563047,0.133909,0.563047,0.303044,0.954444,Perlu Pantauan,model_only,Diturunkan dari triase model: Medium Risk dengan probabilitas 56.30%.,,,False,f_buyer_supplier_repeat_count=-1.6358 | f_supplier_recent_90d_award_count=1.2080 | f_is_q4=1.1170,"Peringkat investigatif paket ini adalah **Perlu Pantauan**.
Diturunkan dari triase model: Medium Risk dengan probabilitas 56.30%.
Model mengklasifikasikan paket ini sebagai **Medium Risk** dengan probabilitas 56.30%.
Catatan penting: ini adalah triase risiko, bukan bukti fraud final. Status kritis hanya boleh dinaikkan bila ada bukti resmi yang terhubung.
Faktor yang paling memengaruhi prediksi adalah:
- Frekuensi hubungan buyer-supplier berulang bernilai 8 dan menurunkan skor risiko dengan kontribusi SHAP sekitar 1.6358.
- F supplier recent 90d award count bernilai 1 dan meningkatkan skor risiko dengan kontribusi SHAP sekitar 1.2080.
- Waktu publikasi pada kuartal iv bernilai 0 dan meningkatkan skor risiko dengan kontribusi SHAP sekitar 1.1170.",,,,,,,
233,test,79940,model_heuristic_disagreement,0.574459,True,0.197545,0.5,0.5,-0.197545,-0.365289,ocds-20h3g7-25701638,Harbang Barak Yonzipur-8 Dam XIV/Hsn,2023-09-05 00:00:00+00:00,Kementerian Pertahanan,PT. Performa Trans Utama,4906482000.0,4857484000.0,2,1,Medium Risk,0.562833,0.134711,0.562833,0.302455,0.955229,Perlu Pantauan,model_only,Diturunkan dari triase model: Medium Risk dengan probabilitas 56.28%.,,,False,f_buyer_supplier_repeat_count=-1.6820 | f_supplier_recent_90d_award_count=1.2002 | f_is_q4=1.1538,"Peringkat investigatif paket ini adalah **Perlu Pantauan**.
Diturunkan dari triase model: Medium Risk dengan probabilitas 56.28%.
Model mengklasifikasikan paket ini sebagai **Medium Risk** dengan probabilitas 56.28%.
Catatan penting: ini adalah triase risiko, bukan bukti fraud final. Status kritis hanya boleh dinaikkan bila ada bukti resmi yang terhubung.
Faktor yang paling memengaruhi prediksi adalah:
- Frekuensi hubungan buyer-supplier berulang bernilai 13 dan menurunkan skor risiko dengan kontribusi SHAP sekitar 1.6820.
- F supplier recent 90d award count bernilai 0 dan meningkatkan skor risiko dengan kontribusi SHAP sekitar 1.2002.
- Waktu publikasi pada kuartal iv bernilai 0 dan meningkatkan skor risiko dengan kontribusi SHAP sekitar 1.1538.",,,,,,,
234,test,75583,model_heuristic_disagreement,0.574248,True,0.199633,0.5,0.5,-0.199633,-0.359475,ocds-20h3g7-31419601,Pembangunan Gedung Kantor Rumah Aman (Safe House),2023-08-18 00:00:00+00:00,Pemerintah Daerah Kabupaten Bogor,CV. FIKA MULYA,4739952000.0,4628100000.0,2,1,Medium Risk,0.559108,0.140525,0.559108,0.300367,0.962101,Perlu Pantauan,model_only,Diturunkan dari triase model: Medium Risk dengan probabilitas 55.91%.,,,False,f_buyer_supplier_repeat_count=-1.5973 | f_supplier_recent_90d_award_count=1.2487 | f_is_q4=1.1361,"Peringkat investigatif paket ini adalah **Perlu Pantauan**.
Diturunkan dari triase model: Medium Risk dengan probabilitas 55.91%.
Model mengklasifikasikan paket ini sebagai **Medium Risk** dengan probabilitas 55.91%.
Catatan penting: ini adalah triase risiko, bukan bukti fraud final. Status kritis hanya boleh dinaikkan bila ada bukti resmi yang terhubung.
Faktor yang paling memengaruhi prediksi adalah:
- Frekuensi hubungan buyer-supplier berulang bernilai 4 dan menurunkan skor risiko dengan kontribusi SHAP sekitar 1.5973.
- F supplier recent 90d award count bernilai 2 dan meningkatkan skor risiko dengan kontribusi SHAP sekitar 1.2487.
- Waktu publikasi pada kuartal iv bernilai 0 dan meningkatkan skor risiko dengan kontribusi SHAP sekitar 1.1361.",,,,,,,
235,test,43195,model_heuristic_disagreement,0.574015,True,0.197463,0.5,0.5,-0.197463,-0.366894,ocds-20h3g7-5088249,Peningkatan jalan Kampung Leleng - Sekolaq Muliaq,2023-06-08 00:00:00+00:00,Pemerintah Daerah Kabupaten Kutai Barat,CV. MITRA ABADI,4773888999.0,4725893043.0,2,1,Medium Risk,0.564357,0.133106,0.564357,0.302537,0.952973,Perlu Pantauan,model_only,Diturunkan dari triase model: Medium Risk dengan probabilitas 56.44%.,,,False,f_buyer_supplier_repeat_count=-1.6298 | f_supplier_recent_90d_award_count=1.2385 | f_is_q4=1.1404,"Peringkat investigatif paket ini adalah **Perlu Pantauan**.
Diturunkan dari triase model: Medium Risk dengan probabilitas 56.44%.
Model mengklasifikasikan paket ini sebagai **Medium Risk** dengan probabilitas 56.44%.
Catatan penting: ini adalah triase risiko, bukan bukti fraud final. Status kritis hanya boleh dinaikkan bila ada bukti resmi yang terhubung.
Faktor yang paling memengaruhi prediksi adalah:
- Frekuensi hubungan buyer-supplier berulang bernilai 8 dan menurunkan skor risiko dengan kontribusi SHAP sekitar 1.6298.
- F supplier recent 90d award count bernilai 1 dan meningkatkan skor risiko dengan kontribusi SHAP sekitar 1.2385.
- Waktu publikasi pada kuartal iv bernilai 0 dan meningkatkan skor risiko dengan kontribusi SHAP sekitar 1.1404.",,,,,,,
236,test,47414,model_heuristic_disagreement,0.573824,True,0.199084,0.5,0.5,-0.199084,-0.362525,ocds-20h3g7-6397596,Rehabilitasi Jalan Pahlawan (Kegiatan Mendesak 2023),2023-06-14 00:00:00+00:00,Pemerintah Daerah Kota Samarinda,Cahaya Sengkang,4915945626.29,4865766358.56,2,1,Medium Risk,0.561609,0.137475,0.561609,0.300916,0.958191,Perlu Pantauan,model_only,Diturunkan dari triase model: Medium Risk dengan probabilitas 56.16%.,,,False,f_buyer_supplier_repeat_count=-1.6342 | f_supplier_recent_90d_award_count=1.1419 | f_is_q4=1.0958,"Peringkat investigatif paket ini adalah **Perlu Pantauan**.
Diturunkan dari triase model: Medium Risk dengan probabilitas 56.16%.
Model mengklasifikasikan paket ini sebagai **Medium Risk** dengan probabilitas 56.16%.
Catatan penting: ini adalah triase risiko, bukan bukti fraud final. Status kritis hanya boleh dinaikkan bila ada bukti resmi yang terhubung.
Faktor yang paling memengaruhi prediksi adalah:
- Frekuensi hubungan buyer-supplier berulang bernilai 4 dan menurunkan skor risiko dengan kontribusi SHAP sekitar 1.6342.
- F supplier recent 90d award count bernilai 2 dan meningkatkan skor risiko dengan kontribusi SHAP sekitar 1.1419.
- Waktu publikasi pada kuartal iv bernilai 0 dan meningkatkan skor risiko dengan kontribusi SHAP sekitar 1.0958.",,,,,,,
237,test,24675,model_heuristic_disagreement,0.573706,True,0.196566,0.5,0.5,-0.196566,-0.3705,ocds-20h3g7-7636672,Rekonstruksi Jalan Purwadadi - Bojongnangka,2023-05-08 00:00:00+00:00,Pemerintah Daerah Kabupaten Ciamis,CV. KARYA SAKTI,4834532598.85,4789853843.12,2,1,Medium Risk,0.567066,0.1295,0.567066,0.303434,0.948266,Perlu Pantauan,model_only,Diturunkan dari triase model: Medium Risk dengan probabilitas 56.71%.,,,False,f_buyer_supplier_repeat_count=-1.5128 | f_supplier_recent_90d_award_count=1.2440 | f_is_q4=1.1400,"Peringkat investigatif paket ini adalah **Perlu Pantauan**.
Diturunkan dari triase model: Medium Risk dengan probabilitas 56.71%.
Model mengklasifikasikan paket ini sebagai **Medium Risk** dengan probabilitas 56.71%.
Catatan penting: ini adalah triase risiko, bukan bukti fraud final. Status kritis hanya boleh dinaikkan bila ada bukti resmi yang terhubung.
Faktor yang paling memengaruhi prediksi adalah:
- Frekuensi hubungan buyer-supplier berulang bernilai 4 dan menurunkan skor risiko dengan kontribusi SHAP sekitar 1.5128.
- F supplier recent 90d award count bernilai 0 dan meningkatkan skor risiko dengan kontribusi SHAP sekitar 1.2440.
- Waktu publikasi pada kuartal iv bernilai 0 dan meningkatkan skor risiko dengan kontribusi SHAP sekitar 1.1400.",,,,,,,
238,test,47622,model_heuristic_disagreement,0.573668,True,0.199763,0.5,0.5,-0.199763,-0.3609,ocds-20h3g7-56739127,DED Rehab Total Gedung Sekolah Tahun 2024 Paket 4,2023-06-14 00:00:00+00:00,Pemerintah Daerah Provinsi DKI Jakarta,PT. KANTA KARYA UTAMA,4777286820.0,4634250000.0,2,1,Medium Risk,0.560664,0.1391,0.560664,0.300237,0.960042,Perlu Pantauan,model_only,Diturunkan dari triase model: Medium Risk dengan probabilitas 56.07%.,,,False,f_buyer_supplier_repeat_count=-1.5820 | f_supplier_recent_90d_award_count=1.1433 | f_is_q4=1.0583,"Peringkat investigatif paket ini adalah **Perlu Pantauan**.
Diturunkan dari triase model: Medium Risk dengan probabilitas 56.07%.
Model mengklasifikasikan paket ini sebagai **Medium Risk** dengan probabilitas 56.07%.
Catatan penting: ini adalah triase risiko, bukan bukti fraud final. Status kritis hanya boleh dinaikkan bila ada bukti resmi yang terhubung.
Faktor yang paling memengaruhi prediksi adalah:
- Frekuensi hubungan buyer-supplier berulang bernilai 2 dan menurunkan skor risiko dengan kontribusi SHAP sekitar 1.5820.
- F supplier recent 90d award count bernilai 1 dan meningkatkan skor risiko dengan kontribusi SHAP sekitar 1.1433.
- Waktu publikasi pada kuartal iv bernilai 0 dan meningkatkan skor risiko dengan kontribusi SHAP sekitar 1.0583.",,,,,,,
239,test,24781,model_heuristic_disagreement,0.573421,True,0.197251,0.5,0.5,-0.197251,-0.369322,ocds-20h3g7-7631672,Peningkatan Jalan Rajadesa - Ciburuy,2023-05-08 00:00:00+00:00,Pemerintah Daerah Kabupaten Ciamis,CV. FITRIA RAHAYU WIBAWA,4741441290.52,4702514347.86,2,1,Medium Risk,0.566573,0.130678,0.566573,0.302749,0.94957,Perlu Pantauan,model_only,Diturunkan dari triase model: Medium Risk dengan probabilitas 56.66%.,,,False,f_buyer_supplier_repeat_count=-1.5856 | f_supplier_recent_90d_award_count=1.2395 | f_is_q4=1.1427,"Peringkat investigatif paket ini adalah **Perlu Pantauan**.
Diturunkan dari triase model: Medium Risk dengan probabilitas 56.66%.
Model mengklasifikasikan paket ini sebagai **Medium Risk** dengan probabilitas 56.66%.
Catatan penting: ini adalah triase risiko, bukan bukti fraud final. Status kritis hanya boleh dinaikkan bila ada bukti resmi yang terhubung.
Faktor yang paling memengaruhi prediksi adalah:
- Frekuensi hubungan buyer-supplier berulang bernilai 2 dan menurunkan skor risiko dengan kontribusi SHAP sekitar 1.5856.
- F supplier recent 90d award count bernilai 2 dan meningkatkan skor risiko dengan kontribusi SHAP sekitar 1.2395.
- Waktu publikasi pada kuartal iv bernilai 0 dan meningkatkan skor risiko dengan kontribusi SHAP sekitar 1.1427.",,,,,,,
240,test,36300,model_heuristic_disagreement,0.572862,True,0.200046,0.5,0.5,-0.200046,-0.362547,ocds-20h3g7-6261460,Pembangunan Lanjutan Ruangan Radiology,2023-05-29 00:00:00+00:00,Pemerintah Daerah Kabupaten Aceh Selatan,CV. SURI JAYA,4789000000.0,4687707517.86,2,1,Medium Risk,0.562594,0.137453,0.562594,0.299954,0.957557,Perlu Pantauan,model_only,Diturunkan dari triase model: Medium Risk dengan probabilitas 56.26%.,,,False,f_buyer_supplier_repeat_count=-1.6631 | f_supplier_recent_90d_award_count=1.2698 | f_is_q4=1.0698,"Peringkat investigatif paket ini adalah **Perlu Pantauan**.
Diturunkan dari triase model: Medium Risk dengan probabilitas 56.26%.
Model mengklasifikasikan paket ini sebagai **Medium Risk** dengan probabilitas 56.26%.
Catatan penting: ini adalah triase risiko, bukan bukti fraud final. Status kritis hanya boleh dinaikkan bila ada bukti resmi yang terhubung.
Faktor yang paling memengaruhi prediksi adalah:
- Frekuensi hubungan buyer-supplier berulang bernilai 2 dan menurunkan skor risiko dengan kontribusi SHAP sekitar 1.6631.
- F supplier recent 90d award count bernilai 0 dan meningkatkan skor risiko dengan kontribusi SHAP sekitar 1.2698.
- Waktu publikasi pada kuartal iv bernilai 0 dan meningkatkan skor risiko dengan kontribusi SHAP sekitar 1.0698.",,,,,,,
241,test,71173,model_heuristic_disagreement,0.572504,True,0.19689,0.5,0.5,-0.19689,-0.373099,ocds-20h3g7-946544,Pembangunan Kolam Renang,2023-08-04 00:00:00+00:00,Kepolisian Negara Republik Indonesia,CV. MEGA BUANA PERSADA,4897863000.0,4895224876.09,2,1,Medium Risk,0.569989,0.126901,0.569989,0.30311,0.944191,Perlu Pantauan,model_only,Diturunkan dari triase model: Medium Risk dengan probabilitas 57.00%.,,,False,f_supplier_recent_90d_award_count=-2.2202 | f_buyer_supplier_repeat_count=1.2464 | f_is_q4=0.8851,"Peringkat investigatif paket ini adalah **Perlu Pantauan**.
Diturunkan dari triase model: Medium Risk dengan probabilitas 57.00%.
Model mengklasifikasikan paket ini sebagai **Medium Risk** dengan probabilitas 57.00%.
Catatan penting: ini adalah triase risiko, bukan bukti fraud final. Status kritis hanya boleh dinaikkan bila ada bukti resmi yang terhubung.
Faktor yang paling memengaruhi prediksi adalah:
- F supplier recent 90d award count bernilai 3 dan menurunkan skor risiko dengan kontribusi SHAP sekitar 2.2202.
- Frekuensi hubungan buyer-supplier berulang bernilai 0 dan meningkatkan skor risiko dengan kontribusi SHAP sekitar 1.2464.
- Waktu publikasi pada kuartal iv bernilai 0 dan meningkatkan skor risiko dengan kontribusi SHAP sekitar 0.8851.",,,,,,,
242,test,9957,model_heuristic_disagreement,0.572056,True,0.197454,0.5,0.5,-0.197454,-0.372769,ocds-20h3g7-907236,Pengadaan Lighting Set Studio 10 (Dan Hoist)  LPP TVRI Nasional (Pusat),2023-03-29 00:00:00+00:00,Lembaga Penyiaran Publik Televisi Republik Indonesia,PRIMA MEDIA INVESTAMA,4660583640.0,3179003148.0,2,1,Medium Risk,0.570223,0.127231,0.570223,0.302546,0.944329,Perlu Pantauan,model_only,Diturunkan dari triase model: Medium Risk dengan probabilitas 57.02%.,,,False,f_price_deviation_ratio=-1.7959 | f_title_length=1.6686 | f_buyer_supplier_repeat_count=-1.3707,"Peringkat investigatif paket ini adalah **Perlu Pantauan**.
Diturunkan dari triase model: Medium Risk dengan probabilitas 57.02%.
Model mengklasifikasikan paket ini sebagai **Medium Risk** dengan probabilitas 57.02%.
Catatan penting: ini adalah triase risiko, bukan bukti fraud final. Status kritis hanya boleh dinaikkan bila ada bukti resmi yang terhubung.
Faktor yang paling memengaruhi prediksi adalah:
- Rasio deviasi harga terhadap nilai tender bernilai 0.6821 dan menurunkan skor risiko dengan kontribusi SHAP sekitar 1.7959.
- Panjang judul tender bernilai 71 dan meningkatkan skor risiko dengan kontribusi SHAP sekitar 1.6686.
- Frekuensi hubungan buyer-supplier berulang bernilai 2 dan menurunkan skor risiko dengan kontribusi SHAP sekitar 1.3707.",,,,,,,
243,test,13662,model_heuristic_disagreement,0.57204,True,0.204628,0.5,0.5,-0.204628,-0.350499,ocds-20h3g7-6921398,Pembangunan Alun - alun Pataraksa Kelurahan Sumber Kecamatan Sumber Kab. Cirebon (BKK Provinsi Jawa Barat),2023-04-03 00:00:00+00:00,Pemerintah Daerah Kabupaten Cirebon,CAESAR UTAMA KARYA,4697660000.0,4533204634.42,2,1,Medium Risk,0.555127,0.149501,0.555127,0.295372,0.971056,Perlu Pantauan,model_only,Diturunkan dari triase model: Medium Risk dengan probabilitas 55.51%.,,,False,f_tender_value_zscore_buyer=-1.8159 | f_title_length=1.2273 | f_buyer_supplier_repeat_count=-1.2249,"Peringkat investigatif paket ini adalah **Perlu Pantauan**.
Diturunkan dari triase model: Medium Risk dengan probabilitas 55.51%.
Model mengklasifikasikan paket ini sebagai **Medium Risk** dengan probabilitas 55.51%.
Catatan penting: ini adalah triase risiko, bukan bukti fraud final. Status kritis hanya boleh dinaikkan bila ada bukti resmi yang terhubung.
Faktor yang paling memengaruhi prediksi adalah:
- F tender value zscore buyer bernilai 2.0159 dan menurunkan skor risiko dengan kontribusi SHAP sekitar 1.8159.
- Panjang judul tender bernilai 106 dan meningkatkan skor risiko dengan kontribusi SHAP sekitar 1.2273.
- Frekuensi hubungan buyer-supplier berulang bernilai 2 dan menurunkan skor risiko dengan kontribusi SHAP sekitar 1.2249.",,,,,,,
244,test,67506,model_heuristic_disagreement,0.571738,True,0.042121,0.5,0.5,-0.362605,-0.042121,ocds-20h3g7-4700091,Rehabilitasi Saluran Drainase dan Bangunan Pengendali Banjir Sub Sistem Banger Lama Kota Pekalongan (Bankeu),2023-07-25 00:00:00+00:00,Pemerintah Daerah Kota Pekalongan,CV. PUTRA ARDANA SEJAHTERA,4999999000.0,4939999087.28,1,0,Low Risk,0.457879,0.457879,0.404727,0.137395,0.996479,Aman,model_only,Diturunkan dari triase model: Low Risk dengan probabilitas 45.79%.,,,False,f_tender_value_zscore_buyer=-2.0809 | f_tender_value_log=-2.0721 | f_title_length=1.8285,"Peringkat investigatif paket ini adalah **Aman**.
Diturunkan dari triase model: Low Risk dengan probabilitas 45.79%.
Model mengklasifikasikan paket ini sebagai **Low Risk** dengan probabilitas 45.79%.
Catatan penting: ini adalah triase risiko, bukan bukti fraud final. Status kritis hanya boleh dinaikkan bila ada bukti resmi yang terhubung.
Faktor yang paling memengaruhi prediksi adalah:
- F tender value zscore buyer bernilai 1.8713 dan menurunkan skor risiko dengan kontribusi SHAP sekitar 2.0809.
- Nilai tender bernilai 22.3327 dan menurunkan skor risiko dengan kontribusi SHAP sekitar 2.0721.
- Panjang judul tender bernilai 108 dan meningkatkan skor risiko dengan kontribusi SHAP sekitar 1.8285.",,,,,,,
245,test,12091,model_heuristic_disagreement,0.5712,True,0.201013,0.5,0.5,-0.201013,-0.364715,ocds-20h3g7-4799249,Peningkatan Jalan Sp. Perigiq - Perigiq,2023-03-31 00:00:00+00:00,Pemerintah Daerah Kabupaten Kutai Barat,CV.LUMBUNG ELLOHIM,4773000000.0,4765250371.72,2,1,Medium Risk,0.565728,0.135285,0.565728,0.298987,0.953866,Perlu Pantauan,model_only,Diturunkan dari triase model: Medium Risk dengan probabilitas 56.57%.,,,False,f_buyer_supplier_repeat_count=-1.5808 | f_supplier_recent_90d_award_count=1.2354 | f_is_q4=1.1486,"Peringkat investigatif paket ini adalah **Perlu Pantauan**.
Diturunkan dari triase model: Medium Risk dengan probabilitas 56.57%.
Model mengklasifikasikan paket ini sebagai **Medium Risk** dengan probabilitas 56.57%.
Catatan penting: ini adalah triase risiko, bukan bukti fraud final. Status kritis hanya boleh dinaikkan bila ada bukti resmi yang terhubung.
Faktor yang paling memengaruhi prediksi adalah:
- Frekuensi hubungan buyer-supplier berulang bernilai 3 dan menurunkan skor risiko dengan kontribusi SHAP sekitar 1.5808.
- F supplier recent 90d award count bernilai 2 dan meningkatkan skor risiko dengan kontribusi SHAP sekitar 1.2354.
- Waktu publikasi pada kuartal iv bernilai 0 dan meningkatkan skor risiko dengan kontribusi SHAP sekitar 1.1486.",,,,,,,
246,test,12272,model_heuristic_disagreement,0.571039,True,0.198864,0.5,0.5,-0.198864,-0.371634,ocds-20h3g7-7002098,Lebaksiuh - Pasarkupa,2023-03-31 00:00:00+00:00,Pemerintah Daerah Kabupaten Lebak,CV. BINTANG WIFAR,4565933861.47,4382473304.84,2,1,Medium Risk,0.570498,0.128366,0.570498,0.301136,0.94513,Perlu Pantauan,model_only,Diturunkan dari triase model: Medium Risk dengan probabilitas 57.05%.,,,False,f_buyer_supplier_repeat_count=-1.5637 | f_supplier_recent_90d_award_count=1.2727 | f_is_q4=1.1164,"Peringkat investigatif paket ini adalah **Perlu Pantauan**.
Diturunkan dari triase model: Medium Risk dengan probabilitas 57.05%.
Model mengklasifikasikan paket ini sebagai **Medium Risk** dengan probabilitas 57.05%.
Catatan penting: ini adalah triase risiko, bukan bukti fraud final. Status kritis hanya boleh dinaikkan bila ada bukti resmi yang terhubung.
Faktor yang paling memengaruhi prediksi adalah:
- Frekuensi hubungan buyer-supplier berulang bernilai 5 dan menurunkan skor risiko dengan kontribusi SHAP sekitar 1.5637.
- F supplier recent 90d award count bernilai 0 dan meningkatkan skor risiko dengan kontribusi SHAP sekitar 1.2727.
- Waktu publikasi pada kuartal iv bernilai 0 dan meningkatkan skor risiko dengan kontribusi SHAP sekitar 1.1164.",,,,,,,
247,test,64206,model_heuristic_disagreement,0.570939,True,0.199272,0.5,0.5,-0.199272,-0.37073,ocds-20h3g7-2455395,Pembangunan Puskesmas Sakra Timur,2023-07-14 00:00:00+00:00,Pemerintah Daerah Kabupaten Lombok Timur,CV. KARYA NUSA RAYA,4808830000.0,4689350000.0,2,1,Medium Risk,0.570001,0.12927,0.570001,0.300728,0.946214,Perlu Pantauan,model_only,Diturunkan dari triase model: Medium Risk dengan probabilitas 57.00%.,,,False,f_buyer_supplier_repeat_count=-1.5642 | f_supplier_recent_90d_award_count=1.2559 | f_is_q4=1.1566,"Peringkat investigatif paket ini adalah **Perlu Pantauan**.
Diturunkan dari triase model: Medium Risk dengan probabilitas 57.00%.
Model mengklasifikasikan paket ini sebagai **Medium Risk** dengan probabilitas 57.00%.
Catatan penting: ini adalah triase risiko, bukan bukti fraud final. Status kritis hanya boleh dinaikkan bila ada bukti resmi yang terhubung.
Faktor yang paling memengaruhi prediksi adalah:
- Frekuensi hubungan buyer-supplier berulang bernilai 2 dan menurunkan skor risiko dengan kontribusi SHAP sekitar 1.5642.
- F supplier recent 90d award count bernilai 0 dan meningkatkan skor risiko dengan kontribusi SHAP sekitar 1.2559.
- Waktu publikasi pada kuartal iv bernilai 0 dan meningkatkan skor risiko dengan kontribusi SHAP sekitar 1.1566.",,,,,,,
248,test,62466,model_heuristic_disagreement,0.57091,True,0.200363,0.5,0.5,-0.200363,-0.367569,ocds-20h3g7-5108607,Pembangunan City Walk,2023-07-11 00:00:00+00:00,Pemerintah Daerah Kabupaten Raja Ampat,CV.RAVENZ PAPUA JAYA,4800000000.0,4747200000.0,2,1,Medium Risk,0.567932,0.132431,0.567932,0.299637,0.950162,Perlu Pantauan,model_only,Diturunkan dari triase model: Medium Risk dengan probabilitas 56.79%.,,,False,f_buyer_supplier_repeat_count=-1.5468 | f_supplier_recent_90d_award_count=1.2707 | f_is_q4=1.1059,"Peringkat investigatif paket ini adalah **Perlu Pantauan**.
Diturunkan dari triase model: Medium Risk dengan probabilitas 56.79%.
Model mengklasifikasikan paket ini sebagai **Medium Risk** dengan probabilitas 56.79%.
Catatan penting: ini adalah triase risiko, bukan bukti fraud final. Status kritis hanya boleh dinaikkan bila ada bukti resmi yang terhubung.
Faktor yang paling memengaruhi prediksi adalah:
- Frekuensi hubungan buyer-supplier berulang bernilai 3 dan menurunkan skor risiko dengan kontribusi SHAP sekitar 1.5468.
- F supplier recent 90d award count bernilai 0 dan meningkatkan skor risiko dengan kontribusi SHAP sekitar 1.2707.
- Waktu publikasi pada kuartal iv bernilai 0 dan meningkatkan skor risiko dengan kontribusi SHAP sekitar 1.1059.",,,,,,,
249,test,32185,model_heuristic_disagreement,0.570326,True,0.20055,0.5,0.5,-0.20055,-0.368763,ocds-20h3g7-4994249,Peningkatan Jalan Loa Deras - Minta,2023-05-22 00:00:00+00:00,Pemerintah Daerah Kabupaten Kutai Barat,CV. YUSINDO CITRA KATULISTIWA,4773961000.0,4770403070.64,2,1,Medium Risk,0.569314,0.131237,0.569314,0.29945,0.948296,Perlu Pantauan,model_only,Diturunkan dari triase model: Medium Risk dengan probabilitas 56.93%.,,,False,f_buyer_supplier_repeat_count=-1.5616 | f_supplier_recent_90d_award_count=1.2342 | f_is_q4=1.1405,"Peringkat investigatif paket ini adalah **Perlu Pantauan**.
Diturunkan dari triase model: Medium Risk dengan probabilitas 56.93%.
Model mengklasifikasikan paket ini sebagai **Medium Risk** dengan probabilitas 56.93%.
Catatan penting: ini adalah triase risiko, bukan bukti fraud final. Status kritis hanya boleh dinaikkan bila ada bukti resmi yang terhubung.
Faktor yang paling memengaruhi prediksi adalah:
- Frekuensi hubungan buyer-supplier berulang bernilai 2 dan menurunkan skor risiko dengan kontribusi SHAP sekitar 1.5616.
- F supplier recent 90d award count bernilai 1 dan meningkatkan skor risiko dengan kontribusi SHAP sekitar 1.2342.
- Waktu publikasi pada kuartal iv bernilai 0 dan meningkatkan skor risiko dengan kontribusi SHAP sekitar 1.1405.",,,,,,,
250,test,26897,model_heuristic_disagreement,0.570207,True,0.203404,0.5,0.5,-0.203404,-0.360401,ocds-20h3g7-56955127,( Pengadaan Jasa Konsultan Penyusun Feasibility Study dan Basic Design Pembangunan Fasilitas Pengolahan Sampah Menjadi Refuse Derived Fuel (RDF) di DKI Jakarta,2023-05-11 00:00:00+00:00,Pemerintah Daerah Provinsi DKI Jakarta,PT. SURVEYOR INDONESIA (PERSERO),4751799000.0,4644085155.0,2,1,Medium Risk,0.563805,0.139599,0.563805,0.296596,0.958432,Perlu Pantauan,model_only,Diturunkan dari triase model: Medium Risk dengan probabilitas 56.38%.,,,False,f_supplier_recent_90d_award_count=-1.5777 | f_title_length=1.5208 | f_buyer_supplier_repeat_count=-1.0061,"Peringkat investigatif paket ini adalah **Perlu Pantauan**.
Diturunkan dari triase model: Medium Risk dengan probabilitas 56.38%.
Model mengklasifikasikan paket ini sebagai **Medium Risk** dengan probabilitas 56.38%.
Catatan penting: ini adalah triase risiko, bukan bukti fraud final. Status kritis hanya boleh dinaikkan bila ada bukti resmi yang terhubung.
Faktor yang paling memengaruhi prediksi adalah:
- F supplier recent 90d award count bernilai 5 dan menurunkan skor risiko dengan kontribusi SHAP sekitar 1.5777.
- Panjang judul tender bernilai 159 dan meningkatkan skor risiko dengan kontribusi SHAP sekitar 1.5208.
- Frekuensi hubungan buyer-supplier berulang bernilai 3 dan menurunkan skor risiko dengan kontribusi SHAP sekitar 1.0061.",,,,,,,
251,test,45509,model_heuristic_disagreement,0.569912,True,0.201314,0.5,0.5,-0.201314,-0.367723,ocds-20h3g7-5058324,PEMBANGUNAN GEDUNG ONE STOP SERVICE RSUD Dr. WAHIDIN SUDIRO HUSODO KOTA MOJOKERTO,2023-06-12 00:00:00+00:00,Pemerintah Daerah Kota Mojokerto,CV. Arta Dwi Lestari,4946025000.0,3956820000.0,2,1,Medium Risk,0.569037,0.132277,0.569037,0.298686,0.949327,Perlu Pantauan,model_only,Diturunkan dari triase model: Medium Risk dengan probabilitas 56.90%.,,,False,f_supplier_recent_90d_award_count=-1.6109 | f_title_length=1.5405 | f_is_q4=0.9871,"Peringkat investigatif paket ini adalah **Perlu Pantauan**.
Diturunkan dari triase model: Medium Risk dengan probabilitas 56.90%.
Model mengklasifikasikan paket ini sebagai **Medium Risk** dengan probabilitas 56.90%.
Catatan penting: ini adalah triase risiko, bukan bukti fraud final. Status kritis hanya boleh dinaikkan bila ada bukti resmi yang terhubung.
Faktor yang paling memengaruhi prediksi adalah:
- F supplier recent 90d award count bernilai 3 dan menurunkan skor risiko dengan kontribusi SHAP sekitar 1.6109.
- Panjang judul tender bernilai 81 dan meningkatkan skor risiko dengan kontribusi SHAP sekitar 1.5405.
- Waktu publikasi pada kuartal iv bernilai 0 dan meningkatkan skor risiko dengan kontribusi SHAP sekitar 0.9871.",,,,,,,
252,test,30145,model_heuristic_disagreement,0.569214,True,0.200601,0.5,0.5,-0.200601,-0.37191,ocds-20h3g7-7842641,Peningkatan Jalan Maripi - SP1,2023-05-17 00:00:00+00:00,Pemerintah Daerah Provinsi Papua Barat,CV. Atlanta,4777643000.0,4508531375.35,2,1,Medium Risk,0.572511,0.12809,0.572511,0.299399,0.943599,Perlu Pantauan,model_only,Diturunkan dari triase model: Medium Risk dengan probabilitas 57.25%.,,,False,f_buyer_supplier_repeat_count=-1.6631 | f_supplier_recent_90d_award_count=1.2591 | f_is_q4=1.1104,"Peringkat investigatif paket ini adalah **Perlu Pantauan**.
Diturunkan dari triase model: Medium Risk dengan probabilitas 57.25%.
Model mengklasifikasikan paket ini sebagai **Medium Risk** dengan probabilitas 57.25%.
Catatan penting: ini adalah triase risiko, bukan bukti fraud final. Status kritis hanya boleh dinaikkan bila ada bukti resmi yang terhubung.
Faktor yang paling memengaruhi prediksi adalah:
- Frekuensi hubungan buyer-supplier berulang bernilai 5 dan menurunkan skor risiko dengan kontribusi SHAP sekitar 1.6631.
- F supplier recent 90d award count bernilai 0 dan meningkatkan skor risiko dengan kontribusi SHAP sekitar 1.2591.
- Waktu publikasi pada kuartal iv bernilai 0 dan meningkatkan skor risiko dengan kontribusi SHAP sekitar 1.1104.",,,,,,,
253,test,35686,model_heuristic_disagreement,0.568518,True,0.206144,0.5,0.5,-0.206144,-0.35709,ocds-20h3g7-13860043,Preservasi Jalan Kawasan RT.08 Gunung Tabur (Jl. Aji Putri Nurah dan Jl. Kalibasau),2023-05-26 00:00:00+00:00,Pemerintah Daerah Kabupaten Berau,cv. mitra tiga bersaudara,4679950000.0,4470095066.14,2,1,Medium Risk,0.563234,0.14291,0.563234,0.293856,0.961243,Perlu Pantauan,model_only,Diturunkan dari triase model: Medium Risk dengan probabilitas 56.32%.,,,False,f_supplier_recent_90d_award_count=-1.5408 | f_title_length=1.4803 | f_buyer_supplier_repeat_count=-1.0176,"Peringkat investigatif paket ini adalah **Perlu Pantauan**.
Diturunkan dari triase model: Medium Risk dengan probabilitas 56.32%.
Model mengklasifikasikan paket ini sebagai **Medium Risk** dengan probabilitas 56.32%.
Catatan penting: ini adalah triase risiko, bukan bukti fraud final. Status kritis hanya boleh dinaikkan bila ada bukti resmi yang terhubung.
Faktor yang paling memengaruhi prediksi adalah:
- F supplier recent 90d award count bernilai 5 dan menurunkan skor risiko dengan kontribusi SHAP sekitar 1.5408.
- Panjang judul tender bernilai 83 dan meningkatkan skor risiko dengan kontribusi SHAP sekitar 1.4803.
- Frekuensi hubungan buyer-supplier berulang bernilai 4 dan menurunkan skor risiko dengan kontribusi SHAP sekitar 1.0176.",,,,,,,
254,test,73439,model_heuristic_disagreement,0.568482,True,0.203608,0.5,0.5,-0.203608,-0.365118,ocds-20h3g7-4126335,Pembangunan Sirkuit Atakkae,2023-08-11 00:00:00+00:00,Pemerintah Daerah Kabupaten Wajo,CV.IRVHAN,3996483000.0,3983539719.45,2,1,Medium Risk,0.568726,0.134882,0.568726,0.296392,0.951615,Perlu Pantauan,model_only,Diturunkan dari triase model: Medium Risk dengan probabilitas 56.87%.,,,False,f_buyer_supplier_repeat_count=-1.6579 | f_supplier_recent_90d_award_count=1.3017 | f_is_q4=1.1720,"Peringkat investigatif paket ini adalah **Perlu Pantauan**.
Diturunkan dari triase model: Medium Risk dengan probabilitas 56.87%.
Model mengklasifikasikan paket ini sebagai **Medium Risk** dengan probabilitas 56.87%.
Catatan penting: ini adalah triase risiko, bukan bukti fraud final. Status kritis hanya boleh dinaikkan bila ada bukti resmi yang terhubung.
Faktor yang paling memengaruhi prediksi adalah:
- Frekuensi hubungan buyer-supplier berulang bernilai 6 dan menurunkan skor risiko dengan kontribusi SHAP sekitar 1.6579.
- F supplier recent 90d award count bernilai 0 dan meningkatkan skor risiko dengan kontribusi SHAP sekitar 1.3017.
- Waktu publikasi pada kuartal iv bernilai 0 dan meningkatkan skor risiko dengan kontribusi SHAP sekitar 1.1720.",,,,,,,
255,test,69185,model_heuristic_disagreement,0.568358,True,0.204911,0.5,0.5,-0.204911,-0.361489,ocds-20h3g7-5345249,Peningkatan Jalan Sp. GBU - Sp. Niliq,2023-07-28 00:00:00+00:00,Pemerintah Daerah Kabupaten Kutai Barat,"Karya Bakung, CV",4562303000.0,4560552639.17,2,1,Medium Risk,0.566399,0.138511,0.566399,0.295089,0.955932,Perlu Pantauan,model_only,Diturunkan dari triase model: Medium Risk dengan probabilitas 56.64%.,,,False,f_buyer_supplier_repeat_count=-1.6336 | f_supplier_recent_90d_award_count=1.2390 | f_is_q4=1.1194,"Peringkat investigatif paket ini adalah **Perlu Pantauan**.
Diturunkan dari triase model: Medium Risk dengan probabilitas 56.64%.
Model mengklasifikasikan paket ini sebagai **Medium Risk** dengan probabilitas 56.64%.
Catatan penting: ini adalah triase risiko, bukan bukti fraud final. Status kritis hanya boleh dinaikkan bila ada bukti resmi yang terhubung.
Faktor yang paling memengaruhi prediksi adalah:
- Frekuensi hubungan buyer-supplier berulang bernilai 10 dan menurunkan skor risiko dengan kontribusi SHAP sekitar 1.6336.
- F supplier recent 90d award count bernilai 2 dan meningkatkan skor risiko dengan kontribusi SHAP sekitar 1.2390.
- Waktu publikasi pada kuartal iv bernilai 0 dan meningkatkan skor risiko dengan kontribusi SHAP sekitar 1.1194.",,,,,,,
256,test,17722,model_heuristic_disagreement,0.568187,True,0.213105,0.5,0.5,-0.213105,-0.334422,ocds-20h3g7-51502015,Belanja bahan obat obatan obat depo,2023-04-12 00:00:00+00:00,Pemerintah Daerah Provinsi Jawa Timur,PT. KARTIKA GLOBAL MEDIKA,3997498056.0,963760663.5,2,1,Medium Risk,0.547527,0.165578,0.547527,0.286895,0.985789,Perlu Pantauan,model_only,Diturunkan dari triase model: Medium Risk dengan probabilitas 54.75%.,,,False,f_price_deviation_ratio=-2.8868 | f_buyer_supplier_repeat_count=0.9619 | f_is_q4=0.9501,"Peringkat investigatif paket ini adalah **Perlu Pantauan**.
Diturunkan dari triase model: Medium Risk dengan probabilitas 54.75%.
Model mengklasifikasikan paket ini sebagai **Medium Risk** dengan probabilitas 54.75%.
Catatan penting: ini adalah triase risiko, bukan bukti fraud final. Status kritis hanya boleh dinaikkan bila ada bukti resmi yang terhubung.
Faktor yang paling memengaruhi prediksi adalah:
- Rasio deviasi harga terhadap nilai tender bernilai 0.2411 dan menurunkan skor risiko dengan kontribusi SHAP sekitar 2.8868.
- Frekuensi hubungan buyer-supplier berulang bernilai 0 dan meningkatkan skor risiko dengan kontribusi SHAP sekitar 0.9619.
- Waktu publikasi pada kuartal iv bernilai 0 dan meningkatkan skor risiko dengan kontribusi SHAP sekitar 0.9501.",,,,,,,
257,test,22536,model_heuristic_disagreement,0.567483,True,0.206725,0.5,0.5,-0.206725,-0.358537,ocds-20h3g7-4322518,Pembangunan Gedung PLUT (DAK Fisik),2023-05-03 00:00:00+00:00,Pemerintah Daerah Kota Tidore,CV. EL GAPI,4365000000.0,4306488310.61,2,1,Medium Risk,0.565263,0.141463,0.565263,0.293275,0.958868,Perlu Pantauan,model_only,Diturunkan dari triase model: Medium Risk dengan probabilitas 56.53%.,,,False,f_buyer_supplier_repeat_count=-1.8139 | f_supplier_recent_90d_award_count=1.1852 | f_is_q4=1.1058,"Peringkat investigatif paket ini adalah **Perlu Pantauan**.
Diturunkan dari triase model: Medium Risk dengan probabilitas 56.53%.
Model mengklasifikasikan paket ini sebagai **Medium Risk** dengan probabilitas 56.53%.
Catatan penting: ini adalah triase risiko, bukan bukti fraud final. Status kritis hanya boleh dinaikkan bila ada bukti resmi yang terhubung.
Faktor yang paling memengaruhi prediksi adalah:
- Frekuensi hubungan buyer-supplier berulang bernilai 6 dan menurunkan skor risiko dengan kontribusi SHAP sekitar 1.8139.
- F supplier recent 90d award count bernilai 0 dan meningkatkan skor risiko dengan kontribusi SHAP sekitar 1.1852.
- Waktu publikasi pada kuartal iv bernilai 0 dan meningkatkan skor risiko dengan kontribusi SHAP sekitar 1.1058.",,,,,,,
258,test,51069,model_heuristic_disagreement,0.567405,True,0.204647,0.5,0.5,-0.204647,-0.365239,ocds-20h3g7-6411596,Peningkatan Jalan Sentosa,2023-06-19 00:00:00+00:00,Pemerintah Daerah Kota Samarinda,cv.shanum jaya,4812954971.66,4760994063.99,2,1,Medium Risk,0.569886,0.134761,0.569886,0.295353,0.95076,Perlu Pantauan,model_only,Diturunkan dari triase model: Medium Risk dengan probabilitas 56.99%.,,,False,f_buyer_supplier_repeat_count=-1.6487 | f_supplier_recent_90d_award_count=1.2680 | f_is_q4=1.1123,"Peringkat investigatif paket ini adalah **Perlu Pantauan**.
Diturunkan dari triase model: Medium Risk dengan probabilitas 56.99%.
Model mengklasifikasikan paket ini sebagai **Medium Risk** dengan probabilitas 56.99%.
Catatan penting: ini adalah triase risiko, bukan bukti fraud final. Status kritis hanya boleh dinaikkan bila ada bukti resmi yang terhubung.
Faktor yang paling memengaruhi prediksi adalah:
- Frekuensi hubungan buyer-supplier berulang bernilai 5 dan menurunkan skor risiko dengan kontribusi SHAP sekitar 1.6487.
- F supplier recent 90d award count bernilai 0 dan meningkatkan skor risiko dengan kontribusi SHAP sekitar 1.2680.
- Waktu publikasi pada kuartal iv bernilai 0 dan meningkatkan skor risiko dengan kontribusi SHAP sekitar 1.1123.",,,,,,,
259,test,77710,model_heuristic_disagreement,0.567177,True,0.20414,0.5,0.5,-0.20414,-0.367464,ocds-20h3g7-5147607,Penataan Halaman Dermaga Falaya,2023-08-28 00:00:00+00:00,Pemerintah Daerah Kabupaten Raja Ampat,CV.RAVENZ PAPUA JAYA,4749000000.0,4606000000.0,2,1,Medium Risk,0.571603,0.132536,0.571603,0.29586,0.947865,Perlu Pantauan,model_only,Diturunkan dari triase model: Medium Risk dengan probabilitas 57.16%.,,,False,f_buyer_supplier_repeat_count=-1.4993 | f_supplier_recent_90d_award_count=1.2598 | f_is_q4=1.1180,"Peringkat investigatif paket ini adalah **Perlu Pantauan**.
Diturunkan dari triase model: Medium Risk dengan probabilitas 57.16%.
Model mengklasifikasikan paket ini sebagai **Medium Risk** dengan probabilitas 57.16%.
Catatan penting: ini adalah triase risiko, bukan bukti fraud final. Status kritis hanya boleh dinaikkan bila ada bukti resmi yang terhubung.
Faktor yang paling memengaruhi prediksi adalah:
- Frekuensi hubungan buyer-supplier berulang bernilai 4 dan menurunkan skor risiko dengan kontribusi SHAP sekitar 1.4993.
- F supplier recent 90d award count bernilai 1 dan meningkatkan skor risiko dengan kontribusi SHAP sekitar 1.2598.
- Waktu publikasi pada kuartal iv bernilai 0 dan meningkatkan skor risiko dengan kontribusi SHAP sekitar 1.1180.",,,,,,,
260,test,79800,model_heuristic_disagreement,0.56697,True,0.205894,0.5,0.5,-0.205894,-0.362747,ocds-20h3g7-5722588,Pembangunan Gedung Werving Lantamal III Tahap Pertama,2023-09-04 00:00:00+00:00,Kementerian Pertahanan,CV. CHARLES MARPA PRIMA,4975000000.0,4875000000.0,2,1,Medium Risk,0.568641,0.137253,0.568641,0.294106,0.953507,Perlu Pantauan,model_only,Diturunkan dari triase model: Medium Risk dengan probabilitas 56.86%.,,,False,f_buyer_supplier_repeat_count=-1.6190 | f_supplier_recent_90d_award_count=1.1959 | f_is_q4=1.0937,"Peringkat investigatif paket ini adalah **Perlu Pantauan**.
Diturunkan dari triase model: Medium Risk dengan probabilitas 56.86%.
Model mengklasifikasikan paket ini sebagai **Medium Risk** dengan probabilitas 56.86%.
Catatan penting: ini adalah triase risiko, bukan bukti fraud final. Status kritis hanya boleh dinaikkan bila ada bukti resmi yang terhubung.
Faktor yang paling memengaruhi prediksi adalah:
- Frekuensi hubungan buyer-supplier berulang bernilai 5 dan menurunkan skor risiko dengan kontribusi SHAP sekitar 1.6190.
- F supplier recent 90d award count bernilai 1 dan meningkatkan skor risiko dengan kontribusi SHAP sekitar 1.1959.
- Waktu publikasi pada kuartal iv bernilai 0 dan meningkatkan skor risiko dengan kontribusi SHAP sekitar 1.0937.",,,,,,,
261,test,89546,model_heuristic_disagreement,0.566725,True,0.205758,0.5,0.5,-0.205758,-0.363919,ocds-20h3g7-14109043,Lanjutan Peningkatan Jaringan Irigasi D.I Saka Bulu,2023-10-14 00:00:00+00:00,Pemerintah Daerah Kabupaten Berau,CV. CHYNTHA FEBIANA,4748568608.05,4661475210.98,2,1,Medium Risk,0.569677,0.136081,0.569677,0.294242,0.951926,Perlu Pantauan,model_only,Diturunkan dari triase model: Medium Risk dengan probabilitas 56.97%.,,,False,f_is_q4=-1.6006 | f_buyer_supplier_repeat_count=1.0817 | f_supplier_recent_90d_award_count=0.9083,"Peringkat investigatif paket ini adalah **Perlu Pantauan**.
Diturunkan dari triase model: Medium Risk dengan probabilitas 56.97%.
Model mengklasifikasikan paket ini sebagai **Medium Risk** dengan probabilitas 56.97%.
Catatan penting: ini adalah triase risiko, bukan bukti fraud final. Status kritis hanya boleh dinaikkan bila ada bukti resmi yang terhubung.
Faktor yang paling memengaruhi prediksi adalah:
- Waktu publikasi pada kuartal iv bernilai 1 dan menurunkan skor risiko dengan kontribusi SHAP sekitar 1.6006.
- Frekuensi hubungan buyer-supplier berulang bernilai 1 dan meningkatkan skor risiko dengan kontribusi SHAP sekitar 1.0817.
- F supplier recent 90d award count bernilai 0 dan meningkatkan skor risiko dengan kontribusi SHAP sekitar 0.9083.",,,,,,,
262,test,73489,model_heuristic_disagreement,0.566676,True,0.206555,0.5,0.5,-0.206555,-0.361607,ocds-20h3g7-5284449,Pembangunan Puskesmas Tulungagung,2023-08-11 00:00:00+00:00,Pemerintah Daerah Kabupaten Tulungagung,PT Tuwuh Handayani,4657907600.0,3726326080.0,2,1,Medium Risk,0.568162,0.138393,0.568162,0.293445,0.954686,Perlu Pantauan,model_only,Diturunkan dari triase model: Medium Risk dengan probabilitas 56.82%.,,,False,f_supplier_recent_90d_award_count=-2.1716 | f_buyer_supplier_repeat_count=1.1705 | f_is_q4=0.8793,"Peringkat investigatif paket ini adalah **Perlu Pantauan**.
Diturunkan dari triase model: Medium Risk dengan probabilitas 56.82%.
Model mengklasifikasikan paket ini sebagai **Medium Risk** dengan probabilitas 56.82%.
Catatan penting: ini adalah triase risiko, bukan bukti fraud final. Status kritis hanya boleh dinaikkan bila ada bukti resmi yang terhubung.
Faktor yang paling memengaruhi prediksi adalah:
- F supplier recent 90d award count bernilai 4 dan menurunkan skor risiko dengan kontribusi SHAP sekitar 2.1716.
- Frekuensi hubungan buyer-supplier berulang bernilai 0 dan meningkatkan skor risiko dengan kontribusi SHAP sekitar 1.1705.
- Waktu publikasi pada kuartal iv bernilai 0 dan meningkatkan skor risiko dengan kontribusi SHAP sekitar 0.8793.",,,,,,,
263,test,39813,model_heuristic_disagreement,0.566113,True,0.205959,0.5,0.5,-0.205959,-0.365175,ocds-20h3g7-2851619,Pembangunan Gedung Labkesda (DAK),2023-06-04 00:00:00+00:00,Pemerintah Daerah Kabupaten Barru,DIAN JAYA WARDANA,4696646000.0,4567490198.74,2,1,Medium Risk,0.571135,0.134825,0.571135,0.294041,0.949986,Perlu Pantauan,model_only,Diturunkan dari triase model: Medium Risk dengan probabilitas 57.11%.,,,False,f_buyer_supplier_repeat_count=-1.5829 | f_supplier_recent_90d_award_count=1.2601 | f_is_q4=1.0910,"Peringkat investigatif paket ini adalah **Perlu Pantauan**.
Diturunkan dari triase model: Medium Risk dengan probabilitas 57.11%.
Model mengklasifikasikan paket ini sebagai **Medium Risk** dengan probabilitas 57.11%.
Catatan penting: ini adalah triase risiko, bukan bukti fraud final. Status kritis hanya boleh dinaikkan bila ada bukti resmi yang terhubung.
Faktor yang paling memengaruhi prediksi adalah:
- Frekuensi hubungan buyer-supplier berulang bernilai 4 dan menurunkan skor risiko dengan kontribusi SHAP sekitar 1.5829.
- F supplier recent 90d award count bernilai 1 dan meningkatkan skor risiko dengan kontribusi SHAP sekitar 1.2601.
- Waktu publikasi pada kuartal iv bernilai 0 dan meningkatkan skor risiko dengan kontribusi SHAP sekitar 1.0910.",,,,,,,
264,test,90791,model_heuristic_disagreement,0.565804,True,0.205777,0.5,0.5,-0.205777,-0.366665,ocds-20h3g7-6591059,"Pemeliharaan Jalan Penghulu Rasyid Kec. Tanjung dan Pemeliharaan Jalan dan Rehabilitasi Trotoar Jl. Kenanga, Jl. Cempaka, Jl. Melati, Jl. Penghulu Rasyid Dan Jl. Antasari",2023-10-23 00:00:00+00:00,Pemerintah Daerah Kabupaten Tabalong,CV. TITIAN REZEKI,4399916173.3,4187090798.76,2,1,Medium Risk,0.572442,0.133335,0.572442,0.294223,0.947946,Perlu Pantauan,model_only,Diturunkan dari triase model: Medium Risk dengan probabilitas 57.24%.,,,False,f_title_length=1.5123 | f_supplier_recent_90d_award_count=1.2387 | f_is_q4=-1.1966,"Peringkat investigatif paket ini adalah **Perlu Pantauan**.
Diturunkan dari triase model: Medium Risk dengan probabilitas 57.24%.
Model mengklasifikasikan paket ini sebagai **Medium Risk** dengan probabilitas 57.24%.
Catatan penting: ini adalah triase risiko, bukan bukti fraud final. Status kritis hanya boleh dinaikkan bila ada bukti resmi yang terhubung.
Faktor yang paling memengaruhi prediksi adalah:
- Panjang judul tender bernilai 170 dan meningkatkan skor risiko dengan kontribusi SHAP sekitar 1.5123.
- F supplier recent 90d award count bernilai 1 dan meningkatkan skor risiko dengan kontribusi SHAP sekitar 1.2387.
- Waktu publikasi pada kuartal iv bernilai 1 dan menurunkan skor risiko dengan kontribusi SHAP sekitar 1.1966.",,,,,,,
265,test,58128,model_heuristic_disagreement,0.565776,True,0.206584,0.5,0.5,-0.206584,-0.364296,ocds-20h3g7-16210081,Pembangunan Gedung Kantor Dinas ESDM Prov Sultra,2023-07-01 00:00:00+00:00,Pemerintah Daerah Provinsi Sulawesi Tenggara,CV. KONAWEEHA UTAMA,4750055000.0,4607500000.0,2,1,Medium Risk,0.570879,0.135704,0.570879,0.293416,0.950837,Perlu Pantauan,model_only,Diturunkan dari triase model: Medium Risk dengan probabilitas 57.09%.,,,False,f_supplier_recent_90d_award_count=-2.1856 | f_buyer_supplier_repeat_count=1.2478 | f_is_q4=0.8854,"Peringkat investigatif paket ini adalah **Perlu Pantauan**.
Diturunkan dari triase model: Medium Risk dengan probabilitas 57.09%.
Model mengklasifikasikan paket ini sebagai **Medium Risk** dengan probabilitas 57.09%.
Catatan penting: ini adalah triase risiko, bukan bukti fraud final. Status kritis hanya boleh dinaikkan bila ada bukti resmi yang terhubung.
Faktor yang paling memengaruhi prediksi adalah:
- F supplier recent 90d award count bernilai 3 dan menurunkan skor risiko dengan kontribusi SHAP sekitar 2.1856.
- Frekuensi hubungan buyer-supplier berulang bernilai 0 dan meningkatkan skor risiko dengan kontribusi SHAP sekitar 1.2478.
- Waktu publikasi pada kuartal iv bernilai 0 dan meningkatkan skor risiko dengan kontribusi SHAP sekitar 0.8854.",,,,,,,
266,test,83437,model_heuristic_disagreement,0.565607,True,0.205925,0.5,0.5,-0.205925,-0.366811,ocds-20h3g7-6146639,Pembangunan Ruang Kelas Baru ( RKB ) beserta perabotnya SD BHP Paket I SD INP. Nawaripi,2023-09-16 00:00:00+00:00,Pemerintah Daerah Kabupaten Mimika,cv.saguabadijaya,4766658000.0,4711649071.02,2,1,Medium Risk,0.572736,0.133189,0.572736,0.294075,0.947634,Perlu Pantauan,model_only,Diturunkan dari triase model: Medium Risk dengan probabilitas 57.27%.,,,False,f_title_length=1.6382 | f_supplier_recent_90d_award_count=-1.5995 | f_buyer_supplier_repeat_count=-1.0621,"Peringkat investigatif paket ini adalah **Perlu Pantauan**.
Diturunkan dari triase model: Medium Risk dengan probabilitas 57.27%.
Model mengklasifikasikan paket ini sebagai **Medium Risk** dengan probabilitas 57.27%.
Catatan penting: ini adalah triase risiko, bukan bukti fraud final. Status kritis hanya boleh dinaikkan bila ada bukti resmi yang terhubung.
Faktor yang paling memengaruhi prediksi adalah:
- Panjang judul tender bernilai 87 dan meningkatkan skor risiko dengan kontribusi SHAP sekitar 1.6382.
- F supplier recent 90d award count bernilai 3 dan menurunkan skor risiko dengan kontribusi SHAP sekitar 1.5995.
- Frekuensi hubungan buyer-supplier berulang bernilai 10 dan menurunkan skor risiko dengan kontribusi SHAP sekitar 1.0621.",,,,,,,
267,test,76551,model_heuristic_disagreement,0.565491,True,0.207897,0.5,0.5,-0.207897,-0.361113,ocds-20h3g7-5398249,Pembangunan Turap Polres Kutai Barat,2023-08-23 00:00:00+00:00,Pemerintah Daerah Kabupaten Kutai Barat,CV. FAUZAN RAMA JAYA,4790000000.0,4742124462.21,2,1,Medium Risk,0.56901,0.138887,0.56901,0.292103,0.954493,Perlu Pantauan,model_only,Diturunkan dari triase model: Medium Risk dengan probabilitas 56.90%.,,,False,f_buyer_supplier_repeat_count=-1.5804 | f_supplier_recent_90d_award_count=1.2561 | f_is_q4=1.1387,"Peringkat investigatif paket ini adalah **Perlu Pantauan**.
Diturunkan dari triase model: Medium Risk dengan probabilitas 56.90%.
Model mengklasifikasikan paket ini sebagai **Medium Risk** dengan probabilitas 56.90%.
Catatan penting: ini adalah triase risiko, bukan bukti fraud final. Status kritis hanya boleh dinaikkan bila ada bukti resmi yang terhubung.
Faktor yang paling memengaruhi prediksi adalah:
- Frekuensi hubungan buyer-supplier berulang bernilai 2 dan menurunkan skor risiko dengan kontribusi SHAP sekitar 1.5804.
- F supplier recent 90d award count bernilai 2 dan meningkatkan skor risiko dengan kontribusi SHAP sekitar 1.2561.
- Waktu publikasi pada kuartal iv bernilai 0 dan meningkatkan skor risiko dengan kontribusi SHAP sekitar 1.1387.",,,,,,,
268,test,33554,model_heuristic_disagreement,0.565333,True,0.205832,0.5,0.5,-0.205832,-0.367914,ocds-20h3g7-4969392,Pembangunan Puskesmas Ampah,2023-05-24 00:00:00+00:00,Pemerintah Daerah Kabupaten Barito Timur,CV. BUMI INDAH MEMBANGUN,4599964200.0,4232000000.01,2,1,Medium Risk,0.573746,0.132086,0.573746,0.294168,0.946082,Perlu Pantauan,model_only,Diturunkan dari triase model: Medium Risk dengan probabilitas 57.37%.,,,False,f_supplier_recent_90d_award_count=-2.2214 | f_buyer_supplier_repeat_count=1.2361 | f_is_q4=0.8841,"Peringkat investigatif paket ini adalah **Perlu Pantauan**.
Diturunkan dari triase model: Medium Risk dengan probabilitas 57.37%.
Model mengklasifikasikan paket ini sebagai **Medium Risk** dengan probabilitas 57.37%.
Catatan penting: ini adalah triase risiko, bukan bukti fraud final. Status kritis hanya boleh dinaikkan bila ada bukti resmi yang terhubung.
Faktor yang paling memengaruhi prediksi adalah:
- F supplier recent 90d award count bernilai 3 dan menurunkan skor risiko dengan kontribusi SHAP sekitar 2.2214.
- Frekuensi hubungan buyer-supplier berulang bernilai 0 dan meningkatkan skor risiko dengan kontribusi SHAP sekitar 1.2361.
- Waktu publikasi pada kuartal iv bernilai 0 dan meningkatkan skor risiko dengan kontribusi SHAP sekitar 0.8841.",,,,,,,
269,test,80444,model_heuristic_disagreement,0.563869,True,0.209466,0.5,0.5,-0.209466,-0.361268,ocds-20h3g7-9629724,Pembangunan Gedung Kantor KPU Kabupaten Timor Tengah Utara,2023-09-06 00:00:00+00:00,Komisi Pemilihan Umum,LEA ABADI,4580381725.29,4569999997.69,2,1,Medium Risk,0.570733,0.138732,0.570733,0.290534,0.953222,Perlu Pantauan,model_only,Diturunkan dari triase model: Medium Risk dengan probabilitas 57.07%.,,,False,f_supplier_recent_90d_award_count=-2.0266 | f_buyer_supplier_repeat_count=1.1950 | f_is_q4=0.8950,"Peringkat investigatif paket ini adalah **Perlu Pantauan**.
Diturunkan dari triase model: Medium Risk dengan probabilitas 57.07%.
Model mengklasifikasikan paket ini sebagai **Medium Risk** dengan probabilitas 57.07%.
Catatan penting: ini adalah triase risiko, bukan bukti fraud final. Status kritis hanya boleh dinaikkan bila ada bukti resmi yang terhubung.
Faktor yang paling memengaruhi prediksi adalah:
- F supplier recent 90d award count bernilai 6 dan menurunkan skor risiko dengan kontribusi SHAP sekitar 2.0266.
- Frekuensi hubungan buyer-supplier berulang bernilai 0 dan meningkatkan skor risiko dengan kontribusi SHAP sekitar 1.1950.
- Waktu publikasi pada kuartal iv bernilai 0 dan meningkatkan skor risiko dengan kontribusi SHAP sekitar 0.8950.",,,,,,,
270,test,58115,model_heuristic_disagreement,0.56312,True,0.209211,0.5,0.5,-0.209211,-0.364357,ocds-20h3g7-92210114,DOCKING KAPAL TOL LAUT KM. KENDHAGA NUSANTARA 15,2023-07-01 00:00:00+00:00,Kementerian Perhubungan,PT.SINERGI INDO UTAMA,4847146654.68,4750368543.0,2,1,Medium Risk,0.573569,0.135643,0.573569,0.290789,0.948982,Perlu Pantauan,model_only,Diturunkan dari triase model: Medium Risk dengan probabilitas 57.36%.,,,False,f_buyer_supplier_repeat_count=-1.6655 | f_supplier_recent_90d_award_count=1.2174 | f_is_q4=1.1143,"Peringkat investigatif paket ini adalah **Perlu Pantauan**.
Diturunkan dari triase model: Medium Risk dengan probabilitas 57.36%.
Model mengklasifikasikan paket ini sebagai **Medium Risk** dengan probabilitas 57.36%.
Catatan penting: ini adalah triase risiko, bukan bukti fraud final. Status kritis hanya boleh dinaikkan bila ada bukti resmi yang terhubung.
Faktor yang paling memengaruhi prediksi adalah:
- Frekuensi hubungan buyer-supplier berulang bernilai 9 dan menurunkan skor risiko dengan kontribusi SHAP sekitar 1.6655.
- F supplier recent 90d award count bernilai 2 dan meningkatkan skor risiko dengan kontribusi SHAP sekitar 1.2174.
- Waktu publikasi pada kuartal iv bernilai 0 dan meningkatkan skor risiko dengan kontribusi SHAP sekitar 1.1143.",,,,,,,
271,test,53295,model_heuristic_disagreement,0.56303,True,0.20851,0.5,0.5,-0.20851,-0.366765,ocds-20h3g7-22821027,Penataan Alun-Alun Kota Pematang Siantar,2023-06-21 00:00:00+00:00,Pemerintah Daerah Provinsi Sumatera Utara,CV. SUMBER REZEKI,4799973000.0,4556688410.23,2,1,Medium Risk,0.575275,0.133235,0.575275,0.29149,0.945962,Perlu Pantauan,model_only,Diturunkan dari triase model: Medium Risk dengan probabilitas 57.53%.,,,False,f_buyer_supplier_repeat_count=-1.7409 | f_supplier_recent_90d_award_count=1.2603 | f_is_q4=1.0973,"Peringkat investigatif paket ini adalah **Perlu Pantauan**.
Diturunkan dari triase model: Medium Risk dengan probabilitas 57.53%.
Model mengklasifikasikan paket ini sebagai **Medium Risk** dengan probabilitas 57.53%.
Catatan penting: ini adalah triase risiko, bukan bukti fraud final. Status kritis hanya boleh dinaikkan bila ada bukti resmi yang terhubung.
Faktor yang paling memengaruhi prediksi adalah:
- Frekuensi hubungan buyer-supplier berulang bernilai 7 dan menurunkan skor risiko dengan kontribusi SHAP sekitar 1.7409.
- F supplier recent 90d award count bernilai 1 dan meningkatkan skor risiko dengan kontribusi SHAP sekitar 1.2603.
- Waktu publikasi pada kuartal iv bernilai 0 dan meningkatkan skor risiko dengan kontribusi SHAP sekitar 1.0973.",,,,,,,
272,test,50139,model_heuristic_disagreement,0.562482,True,0.209384,0.5,0.5,-0.209384,-0.365766,ocds-20h3g7-4071326,"Paket 4 ( Rekonstruksi Jalan Jln. Embacang Gedang - Limau Purut (217),Rekonstruksi Jln. Betung Bedarah Barat - Teluk Rendah Ilir (174) )",2023-06-16 00:00:00+00:00,Pemerintah Daerah Kabupaten Tebo,CV. MULIA WASKITA,4756056563.55,4727998634.93,2,1,Medium Risk,0.575151,0.134234,0.575151,0.290616,0.946823,Perlu Pantauan,model_only,Diturunkan dari triase model: Medium Risk dengan probabilitas 57.52%.,,,False,f_title_length=1.6380 | f_supplier_recent_90d_award_count=-1.5385 | f_is_q4=0.9908,"Peringkat investigatif paket ini adalah **Perlu Pantauan**.
Diturunkan dari triase model: Medium Risk dengan probabilitas 57.52%.
Model mengklasifikasikan paket ini sebagai **Medium Risk** dengan probabilitas 57.52%.
Catatan penting: ini adalah triase risiko, bukan bukti fraud final. Status kritis hanya boleh dinaikkan bila ada bukti resmi yang terhubung.
Faktor yang paling memengaruhi prediksi adalah:
- Panjang judul tender bernilai 136 dan meningkatkan skor risiko dengan kontribusi SHAP sekitar 1.6380.
- F supplier recent 90d award count bernilai 3 dan menurunkan skor risiko dengan kontribusi SHAP sekitar 1.5385.
- Waktu publikasi pada kuartal iv bernilai 0 dan meningkatkan skor risiko dengan kontribusi SHAP sekitar 0.9908.",,,,,,,
273,test,89490,model_heuristic_disagreement,0.56229,True,0.209468,0.5,0.5,-0.209468,-0.366091,ocds-20h3g7-4400357,Peningkatan Jalan Ruas Kapok - Tanah Mutung (Talang Pangeran - Tanah Mutung (Kedukan Bujang) dan TPT Jembatan Slab Pemulutan Barat),2023-10-13 00:00:00+00:00,Pemerintah Daerah Kabupaten Ogan Ilir,CV. Tanjung Playi,4999000000.0,4927501000.0,2,1,Medium Risk,0.57556,0.133909,0.57556,0.290532,0.946292,Perlu Pantauan,model_only,Diturunkan dari triase model: Medium Risk dengan probabilitas 57.56%.,,,False,f_title_length=1.5222 | f_is_q4=-1.2174 | f_supplier_recent_90d_award_count=1.1601,"Peringkat investigatif paket ini adalah **Perlu Pantauan**.
Diturunkan dari triase model: Medium Risk dengan probabilitas 57.56%.
Model mengklasifikasikan paket ini sebagai **Medium Risk** dengan probabilitas 57.56%.
Catatan penting: ini adalah triase risiko, bukan bukti fraud final. Status kritis hanya boleh dinaikkan bila ada bukti resmi yang terhubung.
Faktor yang paling memengaruhi prediksi adalah:
- Panjang judul tender bernilai 131 dan meningkatkan skor risiko dengan kontribusi SHAP sekitar 1.5222.
- Waktu publikasi pada kuartal iv bernilai 1 dan menurunkan skor risiko dengan kontribusi SHAP sekitar 1.2174.
- F supplier recent 90d award count bernilai 0 dan meningkatkan skor risiko dengan kontribusi SHAP sekitar 1.1601.",,,,,,,
274,test,89206,model_heuristic_disagreement,0.562106,True,0.203244,0.5,0.5,-0.203244,-0.38447,ocds-20h3g7-92610114,Pengiriman Bantuan Bus Ukuran Minibus Sekolah,2023-10-13 00:00:00+00:00,Kementerian Perhubungan,PT KIRIMAN KILAT INDONESIA,4524237900.0,4399207500.0,2,1,Medium Risk,0.587714,0.11553,0.587714,0.296756,0.922231,Perlu Pantauan,model_only,Diturunkan dari triase model: Medium Risk dengan probabilitas 58.77%.,,,False,f_is_q4=-1.5424 | f_buyer_supplier_repeat_count=1.1462 | f_supplier_recent_90d_award_count=0.8918,"Peringkat investigatif paket ini adalah **Perlu Pantauan**.
Diturunkan dari triase model: Medium Risk dengan probabilitas 58.77%.
Model mengklasifikasikan paket ini sebagai **Medium Risk** dengan probabilitas 58.77%.
Catatan penting: ini adalah triase risiko, bukan bukti fraud final. Status kritis hanya boleh dinaikkan bila ada bukti resmi yang terhubung.
Faktor yang paling memengaruhi prediksi adalah:
- Waktu publikasi pada kuartal iv bernilai 1 dan menurunkan skor risiko dengan kontribusi SHAP sekitar 1.5424.
- Frekuensi hubungan buyer-supplier berulang bernilai 0 dan meningkatkan skor risiko dengan kontribusi SHAP sekitar 1.1462.
- F supplier recent 90d award count bernilai 1 dan meningkatkan skor risiko dengan kontribusi SHAP sekitar 0.8918.",,,,,,,
275,test,52948,model_heuristic_disagreement,0.561725,True,0.210987,0.5,0.5,-0.210987,-0.363167,ocds-20h3g7-5198249,Pembangunan Jembatan Sungai Namun Kampung Dempar,2023-06-21 00:00:00+00:00,Pemerintah Daerah Kabupaten Kutai Barat,CV. CHYNTHA FEBIANA,4644858000.0,4363954077.21,2,1,Medium Risk,0.574154,0.136833,0.574154,0.289013,0.949481,Perlu Pantauan,model_only,Diturunkan dari triase model: Medium Risk dengan probabilitas 57.42%.,,,False,f_supplier_recent_90d_award_count=-2.1910 | f_buyer_supplier_repeat_count=1.2606 | f_is_q4=0.9088,"Peringkat investigatif paket ini adalah **Perlu Pantauan**.
Diturunkan dari triase model: Medium Risk dengan probabilitas 57.42%.
Model mengklasifikasikan paket ini sebagai **Medium Risk** dengan probabilitas 57.42%.
Catatan penting: ini adalah triase risiko, bukan bukti fraud final. Status kritis hanya boleh dinaikkan bila ada bukti resmi yang terhubung.
Faktor yang paling memengaruhi prediksi adalah:
- F supplier recent 90d award count bernilai 3 dan menurunkan skor risiko dengan kontribusi SHAP sekitar 2.1910.
- Frekuensi hubungan buyer-supplier berulang bernilai 1 dan meningkatkan skor risiko dengan kontribusi SHAP sekitar 1.2606.
- Waktu publikasi pada kuartal iv bernilai 0 dan meningkatkan skor risiko dengan kontribusi SHAP sekitar 0.9088.",,,,,,,
276,test,72421,high_uncertainty,0.409025,False,0.181708,0.5,0.5,-0.181708,-0.288232,ocds-20h3g7-2267523,Pembangunan GOR,2023-08-08 00:00:00+00:00,Pemerintah Daerah Kota Padang Sidempuan,CV. PEDULI BANGSA,3497800000.0,3465719999.96,1,1,Medium Risk,0.46994,0.211768,0.46994,0.318292,1.047971,Perlu Pantauan,model_only,Diturunkan dari triase model: Medium Risk dengan probabilitas 46.99%.,,,False,f_title_length=-2.3678 | f_is_q4=1.0279 | f_buyer_supplier_repeat_count=0.8298,"Peringkat investigatif paket ini adalah **Perlu Pantauan**.
Diturunkan dari triase model: Medium Risk dengan probabilitas 46.99%.
Model mengklasifikasikan paket ini sebagai **Medium Risk** dengan probabilitas 46.99%.
Catatan penting: ini adalah triase risiko, bukan bukti fraud final. Status kritis hanya boleh dinaikkan bila ada bukti resmi yang terhubung.
Faktor yang paling memengaruhi prediksi adalah:
- Panjang judul tender bernilai 15 dan menurunkan skor risiko dengan kontribusi SHAP sekitar 2.3678.
- Waktu publikasi pada kuartal iv bernilai 0 dan meningkatkan skor risiko dengan kontribusi SHAP sekitar 1.0279.
- Frekuensi hubungan buyer-supplier berulang bernilai 0 dan meningkatkan skor risiko dengan kontribusi SHAP sekitar 0.8298.",,,,,,,
277,test,69475,high_uncertainty,0.421392,False,0.165992,0.5,0.5,-0.165992,-0.300434,ocds-20h3g7-7083237,Review Islamic,2023-07-31 00:00:00+00:00,Pemerintah Daerah Kabupaten Lampung Tengah,CV. MEGA CIPTA PERKASA,149999295.0,149406000.0,1,1,Medium Risk,0.466426,0.199566,0.466426,0.334008,1.043615,Perlu Pantauan,model_only,Diturunkan dari triase model: Medium Risk dengan probabilitas 46.64%.,,,False,f_title_length=-2.3828 | f_is_q4=1.0216 | f_buyer_supplier_repeat_count=0.8766,"Peringkat investigatif paket ini adalah **Perlu Pantauan**.
Diturunkan dari triase model: Medium Risk dengan probabilitas 46.64%.
Model mengklasifikasikan paket ini sebagai **Medium Risk** dengan probabilitas 46.64%.
Catatan penting: ini adalah triase risiko, bukan bukti fraud final. Status kritis hanya boleh dinaikkan bila ada bukti resmi yang terhubung.
Faktor yang paling memengaruhi prediksi adalah:
- Panjang judul tender bernilai 14 dan menurunkan skor risiko dengan kontribusi SHAP sekitar 2.3828.
- Waktu publikasi pada kuartal iv bernilai 0 dan meningkatkan skor risiko dengan kontribusi SHAP sekitar 1.0216.
- Frekuensi hubungan buyer-supplier berulang bernilai 0 dan meningkatkan skor risiko dengan kontribusi SHAP sekitar 0.8766.",,,,,,,
278,test,86293,high_uncertainty,0.410367,False,0.178748,0.5,0.5,-0.178748,-0.295924,ocds-20h3g7-10239555,Pengadaan Genset,2023-09-29 00:00:00+00:00,Mahkamah Agung,CV. FAJAR JAYA SEMESTA,411365000.0,370137825.0,1,1,Medium Risk,0.474672,0.204076,0.474672,0.321252,1.042814,Perlu Pantauan,model_only,Diturunkan dari triase model: Medium Risk dengan probabilitas 47.47%.,,,False,f_title_length=-2.3936 | f_is_q4=0.9998 | f_buyer_supplier_repeat_count=0.8479,"Peringkat investigatif paket ini adalah **Perlu Pantauan**.
Diturunkan dari triase model: Medium Risk dengan probabilitas 47.47%.
Model mengklasifikasikan paket ini sebagai **Medium Risk** dengan probabilitas 47.47%.
Catatan penting: ini adalah triase risiko, bukan bukti fraud final. Status kritis hanya boleh dinaikkan bila ada bukti resmi yang terhubung.
Faktor yang paling memengaruhi prediksi adalah:
- Panjang judul tender bernilai 16 dan menurunkan skor risiko dengan kontribusi SHAP sekitar 2.3936.
- Waktu publikasi pada kuartal iv bernilai 0 dan meningkatkan skor risiko dengan kontribusi SHAP sekitar 0.9998.
- Frekuensi hubungan buyer-supplier berulang bernilai 0 dan meningkatkan skor risiko dengan kontribusi SHAP sekitar 0.8479.",,,,,,,
279,test,23121,high_uncertainty,0.406263,False,0.183385,0.5,0.5,-0.183385,-0.294567,ocds-20h3g7-2853310,Jembatan Nangarodo,2023-05-04 00:00:00+00:00,Pemerintah Daerah Kabupaten Ngada,CV. NORE GORE,3499978319.82,3477018708.69,1,1,Medium Risk,0.477952,0.205433,0.477952,0.316615,1.0421,Perlu Pantauan,model_only,Diturunkan dari triase model: Medium Risk dengan probabilitas 47.80%.,,,False,f_title_length=-2.1836 | f_is_q4=1.1990 | f_buyer_supplier_repeat_count=0.7968,"Peringkat investigatif paket ini adalah **Perlu Pantauan**.
Diturunkan dari triase model: Medium Risk dengan probabilitas 47.80%.
Model mengklasifikasikan paket ini sebagai **Medium Risk** dengan probabilitas 47.80%.
Catatan penting: ini adalah triase risiko, bukan bukti fraud final. Status kritis hanya boleh dinaikkan bila ada bukti resmi yang terhubung.
Faktor yang paling memengaruhi prediksi adalah:
- Panjang judul tender bernilai 18 dan menurunkan skor risiko dengan kontribusi SHAP sekitar 2.1836.
- Waktu publikasi pada kuartal iv bernilai 0 dan meningkatkan skor risiko dengan kontribusi SHAP sekitar 1.1990.
- Frekuensi hubungan buyer-supplier berulang bernilai 1 dan meningkatkan skor risiko dengan kontribusi SHAP sekitar 0.7968.",,,,,,,
280,test,17591,high_uncertainty,0.400036,False,0.19,0.5,0.5,-0.19,-0.294352,ocds-20h3g7-45468047,Kanopi ACP,2023-04-12 00:00:00+00:00,Kementerian Kesehatan,PT. CLARA ANUGERAH PUTRI,323360649.0,265310668.2,1,1,Medium Risk,0.484352,0.205648,0.484352,0.31,1.039445,Perlu Pantauan,model_only,Diturunkan dari triase model: Medium Risk dengan probabilitas 48.44%.,,,False,f_title_length=-2.3782 | f_is_q4=0.9963 | f_buyer_supplier_repeat_count=0.8392,"Peringkat investigatif paket ini adalah **Perlu Pantauan**.
Diturunkan dari triase model: Medium Risk dengan probabilitas 48.44%.
Model mengklasifikasikan paket ini sebagai **Medium Risk** dengan probabilitas 48.44%.
Catatan penting: ini adalah triase risiko, bukan bukti fraud final. Status kritis hanya boleh dinaikkan bila ada bukti resmi yang terhubung.
Faktor yang paling memengaruhi prediksi adalah:
- Panjang judul tender bernilai 10 dan menurunkan skor risiko dengan kontribusi SHAP sekitar 2.3782.
- Waktu publikasi pada kuartal iv bernilai 0 dan meningkatkan skor risiko dengan kontribusi SHAP sekitar 0.9963.
- Frekuensi hubungan buyer-supplier berulang bernilai 1 dan meningkatkan skor risiko dengan kontribusi SHAP sekitar 0.8392.",,,,,,,
281,test,45454,high_uncertainty,0.387973,False,0.203728,0.5,0.5,-0.203728,-0.288693,ocds-20h3g7-13902043,Perahu Fiber,2023-06-12 00:00:00+00:00,Pemerintah Daerah Kabupaten Berau,PUTRA SOETRADIREDJA,324419700.0,273235380.0,1,1,Medium Risk,0.492421,0.211307,0.492421,0.296272,1.037714,Perlu Pantauan,model_only,Diturunkan dari triase model: Medium Risk dengan probabilitas 49.24%.,,,False,f_title_length=-2.3310 | f_is_q4=0.9900 | f_supplier_recent_90d_award_count=0.8166,"Peringkat investigatif paket ini adalah **Perlu Pantauan**.
Diturunkan dari triase model: Medium Risk dengan probabilitas 49.24%.
Model mengklasifikasikan paket ini sebagai **Medium Risk** dengan probabilitas 49.24%.
Catatan penting: ini adalah triase risiko, bukan bukti fraud final. Status kritis hanya boleh dinaikkan bila ada bukti resmi yang terhubung.
Faktor yang paling memengaruhi prediksi adalah:
- Panjang judul tender bernilai 12 dan menurunkan skor risiko dengan kontribusi SHAP sekitar 2.3310.
- Waktu publikasi pada kuartal iv bernilai 0 dan meningkatkan skor risiko dengan kontribusi SHAP sekitar 0.9900.
- F supplier recent 90d award count bernilai 1 dan meningkatkan skor risiko dengan kontribusi SHAP sekitar 0.8166.",,,,,,,
282,test,45663,high_uncertainty,0.416294,False,0.170044,0.5,0.5,-0.170044,-0.307093,ocds-20h3g7-3772507,Review RISPAM,2023-06-12 00:00:00+00:00,Pemerintah Daerah Kabupaten Timor Tengah Selatan,CV. HATARI GESIT MANDIRI,297000000.0,293262000.0,1,1,Medium Risk,0.477137,0.192907,0.477137,0.329956,1.03635,Perlu Pantauan,model_only,Diturunkan dari triase model: Medium Risk dengan probabilitas 47.71%.,,,False,f_title_length=-2.4251 | f_is_q4=0.9950 | f_buyer_supplier_repeat_count=0.8389,"Peringkat investigatif paket ini adalah **Perlu Pantauan**.
Diturunkan dari triase model: Medium Risk dengan probabilitas 47.71%.
Model mengklasifikasikan paket ini sebagai **Medium Risk** dengan probabilitas 47.71%.
Catatan penting: ini adalah triase risiko, bukan bukti fraud final. Status kritis hanya boleh dinaikkan bila ada bukti resmi yang terhubung.
Faktor yang paling memengaruhi prediksi adalah:
- Panjang judul tender bernilai 13 dan menurunkan skor risiko dengan kontribusi SHAP sekitar 2.4251.
- Waktu publikasi pada kuartal iv bernilai 0 dan meningkatkan skor risiko dengan kontribusi SHAP sekitar 0.9950.
- Frekuensi hubungan buyer-supplier berulang bernilai 0 dan meningkatkan skor risiko dengan kontribusi SHAP sekitar 0.8389.",,,,,,,
283,test,34543,high_uncertainty,0.400202,False,0.188937,0.5,0.5,-0.188937,-0.298623,ocds-20h3g7-9605204,Rehab Pustu Bolo,2023-05-25 00:00:00+00:00,Pemerintah Daerah Kabupaten Madiun,CV. CIPTA SARANA UTAMA,648455000.0,549140000.0,1,1,Medium Risk,0.48756,0.201377,0.48756,0.311063,1.036204,Perlu Pantauan,model_only,Diturunkan dari triase model: Medium Risk dengan probabilitas 48.76%.,,,False,f_title_length=-2.3893 | f_is_q4=1.0233 | f_buyer_supplier_repeat_count=0.8203,"Peringkat investigatif paket ini adalah **Perlu Pantauan**.
Diturunkan dari triase model: Medium Risk dengan probabilitas 48.76%.
Model mengklasifikasikan paket ini sebagai **Medium Risk** dengan probabilitas 48.76%.
Catatan penting: ini adalah triase risiko, bukan bukti fraud final. Status kritis hanya boleh dinaikkan bila ada bukti resmi yang terhubung.
Faktor yang paling memengaruhi prediksi adalah:
- Panjang judul tender bernilai 16 dan menurunkan skor risiko dengan kontribusi SHAP sekitar 2.3893.
- Waktu publikasi pada kuartal iv bernilai 0 dan meningkatkan skor risiko dengan kontribusi SHAP sekitar 1.0233.
- Frekuensi hubungan buyer-supplier berulang bernilai 0 dan meningkatkan skor risiko dengan kontribusi SHAP sekitar 0.8203.",,,,,,,
284,test,80976,high_uncertainty,0.407016,False,0.180825,0.5,0.5,-0.180825,-0.30296,ocds-20h3g7-5587045,PAKET 2 JALAN BM,2023-09-08 00:00:00+00:00,Pemerintah Daerah Kabupaten Luwu Utara,CV.FARENRENGI MANDIRI,3244494500.0,2595595600.0,1,1,Medium Risk,0.483785,0.19704,0.483785,0.319175,1.035848,Perlu Pantauan,model_only,Diturunkan dari triase model: Medium Risk dengan probabilitas 48.38%.,,,False,f_title_length=-2.4269 | f_is_q4=1.0335 | f_buyer_supplier_repeat_count=0.9143,"Peringkat investigatif paket ini adalah **Perlu Pantauan**.
Diturunkan dari triase model: Medium Risk dengan probabilitas 48.38%.
Model mengklasifikasikan paket ini sebagai **Medium Risk** dengan probabilitas 48.38%.
Catatan penting: ini adalah triase risiko, bukan bukti fraud final. Status kritis hanya boleh dinaikkan bila ada bukti resmi yang terhubung.
Faktor yang paling memengaruhi prediksi adalah:
- Panjang judul tender bernilai 16 dan menurunkan skor risiko dengan kontribusi SHAP sekitar 2.4269.
- Waktu publikasi pada kuartal iv bernilai 0 dan meningkatkan skor risiko dengan kontribusi SHAP sekitar 1.0335.
- Frekuensi hubungan buyer-supplier berulang bernilai 1 dan meningkatkan skor risiko dengan kontribusi SHAP sekitar 0.9143.",,,,,,,
285,test,52896,high_uncertainty,0.397208,False,0.191988,0.5,0.5,-0.191988,-0.299032,ocds-20h3g7-2635634,Pembangunan TIC,2023-06-21 00:00:00+00:00,Pemerintah Daerah Kabupaten Pakpak Bharat,DELI ABADI,974892097.68,945600861.91,1,1,Medium Risk,0.49102,0.200968,0.49102,0.308012,1.034443,Perlu Pantauan,model_only,Diturunkan dari triase model: Medium Risk dengan probabilitas 49.10%.,,,False,f_title_length=-2.3041 | f_is_q4=1.0680 | f_buyer_supplier_repeat_count=0.8598,"Peringkat investigatif paket ini adalah **Perlu Pantauan**.
Diturunkan dari triase model: Medium Risk dengan probabilitas 49.10%.
Model mengklasifikasikan paket ini sebagai **Medium Risk** dengan probabilitas 49.10%.
Catatan penting: ini adalah triase risiko, bukan bukti fraud final. Status kritis hanya boleh dinaikkan bila ada bukti resmi yang terhubung.
Faktor yang paling memengaruhi prediksi adalah:
- Panjang judul tender bernilai 15 dan menurunkan skor risiko dengan kontribusi SHAP sekitar 2.3041.
- Waktu publikasi pada kuartal iv bernilai 0 dan meningkatkan skor risiko dengan kontribusi SHAP sekitar 1.0680.
- Frekuensi hubungan buyer-supplier berulang bernilai 0 dan meningkatkan skor risiko dengan kontribusi SHAP sekitar 0.8598.",,,,,,,
286,test,41511,high_uncertainty,0.393265,False,0.19631,0.5,0.5,-0.19631,-0.298052,ocds-20h3g7-2511620,Rehab Mess Jakarta,2023-06-06 00:00:00+00:00,Pemerintah Daerah Kabupaten Kolaka Utara,CV. CIPTA KARYA DUABELAS,885666169.83,880701219.97,1,1,Medium Risk,0.494362,0.201948,0.494362,0.30369,1.033259,Perlu Pantauan,model_only,Diturunkan dari triase model: Medium Risk dengan probabilitas 49.44%.,,,False,f_title_length=-2.4046 | f_is_q4=1.0214 | f_buyer_supplier_repeat_count=0.8311,"Peringkat investigatif paket ini adalah **Perlu Pantauan**.
Diturunkan dari triase model: Medium Risk dengan probabilitas 49.44%.
Model mengklasifikasikan paket ini sebagai **Medium Risk** dengan probabilitas 49.44%.
Catatan penting: ini adalah triase risiko, bukan bukti fraud final. Status kritis hanya boleh dinaikkan bila ada bukti resmi yang terhubung.
Faktor yang paling memengaruhi prediksi adalah:
- Panjang judul tender bernilai 18 dan menurunkan skor risiko dengan kontribusi SHAP sekitar 2.4046.
- Waktu publikasi pada kuartal iv bernilai 0 dan meningkatkan skor risiko dengan kontribusi SHAP sekitar 1.0214.
- Frekuensi hubungan buyer-supplier berulang bernilai 0 dan meningkatkan skor risiko dengan kontribusi SHAP sekitar 0.8311.",,,,,,,
287,test,2253,high_uncertainty,0.402118,False,0.18589,0.5,0.5,-0.18589,-0.303437,ocds-20h3g7-7953614,Fasilitas Umum,2023-03-15 00:00:00+00:00,Pemerintah Daerah Kabupaten Merangin,CV. KARYA GEMILANG UTAMA,298840858.2,297467802.85,1,1,Medium Risk,0.489327,0.196563,0.489327,0.31411,1.03324,Perlu Pantauan,model_only,Diturunkan dari triase model: Medium Risk dengan probabilitas 48.93%.,,,False,f_title_length=-2.3300 | f_is_q4=1.0606 | f_buyer_supplier_repeat_count=0.8379,"Peringkat investigatif paket ini adalah **Perlu Pantauan**.
Diturunkan dari triase model: Medium Risk dengan probabilitas 48.93%.
Model mengklasifikasikan paket ini sebagai **Medium Risk** dengan probabilitas 48.93%.
Catatan penting: ini adalah triase risiko, bukan bukti fraud final. Status kritis hanya boleh dinaikkan bila ada bukti resmi yang terhubung.
Faktor yang paling memengaruhi prediksi adalah:
- Panjang judul tender bernilai 14 dan menurunkan skor risiko dengan kontribusi SHAP sekitar 2.3300.
- Waktu publikasi pada kuartal iv bernilai 0 dan meningkatkan skor risiko dengan kontribusi SHAP sekitar 1.0606.
- Frekuensi hubungan buyer-supplier berulang bernilai 0 dan meningkatkan skor risiko dengan kontribusi SHAP sekitar 0.8379.",,,,,,,
288,test,1465,high_uncertainty,0.396006,False,0.193078,0.5,0.5,-0.193078,-0.299806,ocds-20h3g7-11729205,",Jasa Laboratorium",2023-03-14 00:00:00+00:00,Pemerintah Daerah Kota Blitar,PT Mutuagung Lestari,311400000.0,249367050.0,1,1,Medium Risk,0.492885,0.200194,0.492885,0.306922,1.033236,Perlu Pantauan,model_only,Diturunkan dari triase model: Medium Risk dengan probabilitas 49.29%.,,,False,f_title_length=-2.3304 | f_is_q4=1.0057 | f_buyer_supplier_repeat_count=0.8328,"Peringkat investigatif paket ini adalah **Perlu Pantauan**.
Diturunkan dari triase model: Medium Risk dengan probabilitas 49.29%.
Model mengklasifikasikan paket ini sebagai **Medium Risk** dengan probabilitas 49.29%.
Catatan penting: ini adalah triase risiko, bukan bukti fraud final. Status kritis hanya boleh dinaikkan bila ada bukti resmi yang terhubung.
Faktor yang paling memengaruhi prediksi adalah:
- Panjang judul tender bernilai 18 dan menurunkan skor risiko dengan kontribusi SHAP sekitar 2.3304.
- Waktu publikasi pada kuartal iv bernilai 0 dan meningkatkan skor risiko dengan kontribusi SHAP sekitar 1.0057.
- Frekuensi hubungan buyer-supplier berulang bernilai 0 dan meningkatkan skor risiko dengan kontribusi SHAP sekitar 0.8328.",,,,,,,
289,test,39558,high_uncertainty,0.39791,False,0.190717,0.5,0.5,-0.190717,-0.301536,ocds-20h3g7-1744494,Rehab ruang ICU,2023-06-02 00:00:00+00:00,Pemerintah Daerah Kabupaten Simalungun,CV. SILTOR BERJAYA,699997265.04,559997812.0,1,1,Medium Risk,0.492253,0.198464,0.492253,0.309283,1.032779,Perlu Pantauan,model_only,Diturunkan dari triase model: Medium Risk dengan probabilitas 49.23%.,,,False,f_title_length=-2.4409 | f_is_q4=0.9618 | f_buyer_supplier_repeat_count=0.8024,"Peringkat investigatif paket ini adalah **Perlu Pantauan**.
Diturunkan dari triase model: Medium Risk dengan probabilitas 49.23%.
Model mengklasifikasikan paket ini sebagai **Medium Risk** dengan probabilitas 49.23%.
Catatan penting: ini adalah triase risiko, bukan bukti fraud final. Status kritis hanya boleh dinaikkan bila ada bukti resmi yang terhubung.
Faktor yang paling memengaruhi prediksi adalah:
- Panjang judul tender bernilai 15 dan menurunkan skor risiko dengan kontribusi SHAP sekitar 2.4409.
- Waktu publikasi pada kuartal iv bernilai 0 dan meningkatkan skor risiko dengan kontribusi SHAP sekitar 0.9618.
- Frekuensi hubungan buyer-supplier berulang bernilai 0 dan meningkatkan skor risiko dengan kontribusi SHAP sekitar 0.8024.",,,,,,,
290,test,66927,high_uncertainty,0.401031,False,0.186658,0.5,0.5,-0.186658,-0.305136,ocds-20h3g7-1479617,Pengadaan Gabus,2023-07-24 00:00:00+00:00,Pemerintah Daerah Kabupaten Sabu Raijua,CV.AMA,207500000.0,169053000.0,1,1,Medium Risk,0.491795,0.194864,0.491795,0.313342,1.031335,Perlu Pantauan,model_only,Diturunkan dari triase model: Medium Risk dengan probabilitas 49.18%.,,,False,f_title_length=-2.0129 | f_is_q4=1.2122 | f_buyer_supplier_repeat_count=0.7577,"Peringkat investigatif paket ini adalah **Perlu Pantauan**.
Diturunkan dari triase model: Medium Risk dengan probabilitas 49.18%.
Model mengklasifikasikan paket ini sebagai **Medium Risk** dengan probabilitas 49.18%.
Catatan penting: ini adalah triase risiko, bukan bukti fraud final. Status kritis hanya boleh dinaikkan bila ada bukti resmi yang terhubung.
Faktor yang paling memengaruhi prediksi adalah:
- Panjang judul tender bernilai 15 dan menurunkan skor risiko dengan kontribusi SHAP sekitar 2.0129.
- Waktu publikasi pada kuartal iv bernilai 0 dan meningkatkan skor risiko dengan kontribusi SHAP sekitar 1.2122.
- Frekuensi hubungan buyer-supplier berulang bernilai 0 dan meningkatkan skor risiko dengan kontribusi SHAP sekitar 0.7577.",,,,,,,
291,test,50956,high_uncertainty,0.400359,False,0.187347,0.5,0.5,-0.187347,-0.305208,ocds-20h3g7-3542287,Penataan Trasa,2023-06-19 00:00:00+00:00,Pemerintah Daerah Kabupaten Tegal,Taruna Bakti,1350000000.0,1080000000.0,1,1,Medium Risk,0.492555,0.194792,0.492555,0.312653,1.030957,Perlu Pantauan,model_only,Diturunkan dari triase model: Medium Risk dengan probabilitas 49.26%.,,,False,f_title_length=-2.2376 | f_is_q4=1.0377 | f_buyer_supplier_repeat_count=0.8757,"Peringkat investigatif paket ini adalah **Perlu Pantauan**.
Diturunkan dari triase model: Medium Risk dengan probabilitas 49.26%.
Model mengklasifikasikan paket ini sebagai **Medium Risk** dengan probabilitas 49.26%.
Catatan penting: ini adalah triase risiko, bukan bukti fraud final. Status kritis hanya boleh dinaikkan bila ada bukti resmi yang terhubung.
Faktor yang paling memengaruhi prediksi adalah:
- Panjang judul tender bernilai 14 dan menurunkan skor risiko dengan kontribusi SHAP sekitar 2.2376.
- Waktu publikasi pada kuartal iv bernilai 0 dan meningkatkan skor risiko dengan kontribusi SHAP sekitar 1.0377.
- Frekuensi hubungan buyer-supplier berulang bernilai 0 dan meningkatkan skor risiko dengan kontribusi SHAP sekitar 0.8757.",,,,,,,
292,test,17635,high_uncertainty,0.395625,False,0.192833,0.5,0.5,-0.192833,-0.302783,ocds-20h3g7-80688014,Kolecer,2023-04-12 00:00:00+00:00,Pemerintah Daerah Provinsi Jawa Barat,cv. karya bembeng,910568320.2,769846000.0,1,1,Medium Risk,0.495615,0.197217,0.495615,0.307167,1.030641,Perlu Pantauan,model_only,Diturunkan dari triase model: Medium Risk dengan probabilitas 49.56%.,,,False,f_title_length=-2.3025 | f_is_q4=1.0032 | f_supplier_recent_90d_award_count=0.8652,"Peringkat investigatif paket ini adalah **Perlu Pantauan**.
Diturunkan dari triase model: Medium Risk dengan probabilitas 49.56%.
Model mengklasifikasikan paket ini sebagai **Medium Risk** dengan probabilitas 49.56%.
Catatan penting: ini adalah triase risiko, bukan bukti fraud final. Status kritis hanya boleh dinaikkan bila ada bukti resmi yang terhubung.
Faktor yang paling memengaruhi prediksi adalah:
- Panjang judul tender bernilai 7 dan menurunkan skor risiko dengan kontribusi SHAP sekitar 2.3025.
- Waktu publikasi pada kuartal iv bernilai 0 dan meningkatkan skor risiko dengan kontribusi SHAP sekitar 1.0032.
- F supplier recent 90d award count bernilai 0 dan meningkatkan skor risiko dengan kontribusi SHAP sekitar 0.8652.",,,,,,,
293,test,55831,high_uncertainty,0.389663,False,0.199805,0.5,0.5,-0.199805,-0.299196,ocds-20h3g7-3925258,Pembangunan Masjid,2023-06-26 00:00:00+00:00,Pemerintah Daerah Kabupaten Belitung,CV.JAYA FATIH,1000000000.0,878773974.26,1,1,Medium Risk,0.499001,0.200804,0.499001,0.300195,1.030487,Perlu Pantauan,model_only,Diturunkan dari triase model: Medium Risk dengan probabilitas 49.90%.,,,False,f_title_length=-2.3400 | f_is_q4=1.0531 | f_buyer_supplier_repeat_count=0.8470,"Peringkat investigatif paket ini adalah **Perlu Pantauan**.
Diturunkan dari triase model: Medium Risk dengan probabilitas 49.90%.
Model mengklasifikasikan paket ini sebagai **Medium Risk** dengan probabilitas 49.90%.
Catatan penting: ini adalah triase risiko, bukan bukti fraud final. Status kritis hanya boleh dinaikkan bila ada bukti resmi yang terhubung.
Faktor yang paling memengaruhi prediksi adalah:
- Panjang judul tender bernilai 18 dan menurunkan skor risiko dengan kontribusi SHAP sekitar 2.3400.
- Waktu publikasi pada kuartal iv bernilai 0 dan meningkatkan skor risiko dengan kontribusi SHAP sekitar 1.0531.
- Frekuensi hubungan buyer-supplier berulang bernilai 0 dan meningkatkan skor risiko dengan kontribusi SHAP sekitar 0.8470.",,,,,,,
294,test,15290,high_uncertainty,0.389748,False,0.199671,0.5,0.5,-0.199671,-0.299412,ocds-20h3g7-17983013,Pematangan Lahan,2023-04-06 00:00:00+00:00,Pemerintah Daerah Provinsi D. I. Yogyakarta,CV Samudera Jaya Abadi,303661492.49,282698276.27,1,1,Medium Risk,0.499083,0.200588,0.499083,0.300329,1.030358,Perlu Pantauan,model_only,Diturunkan dari triase model: Medium Risk dengan probabilitas 49.91%.,,,False,f_title_length=-2.4190 | f_is_q4=1.0138 | f_buyer_supplier_repeat_count=0.8962,"Peringkat investigatif paket ini adalah **Perlu Pantauan**.
Diturunkan dari triase model: Medium Risk dengan probabilitas 49.91%.
Model mengklasifikasikan paket ini sebagai **Medium Risk** dengan probabilitas 49.91%.
Catatan penting: ini adalah triase risiko, bukan bukti fraud final. Status kritis hanya boleh dinaikkan bila ada bukti resmi yang terhubung.
Faktor yang paling memengaruhi prediksi adalah:
- Panjang judul tender bernilai 16 dan menurunkan skor risiko dengan kontribusi SHAP sekitar 2.4190.
- Waktu publikasi pada kuartal iv bernilai 0 dan meningkatkan skor risiko dengan kontribusi SHAP sekitar 1.0138.
- Frekuensi hubungan buyer-supplier berulang bernilai 1 dan meningkatkan skor risiko dengan kontribusi SHAP sekitar 0.8962.",,,,,,,
295,test,80951,high_uncertainty,0.382791,False,0.207806,0.5,0.5,-0.207806,-0.29489,ocds-20h3g7-5589045,PAKET 5 JALAN BM,2023-09-08 00:00:00+00:00,Pemerintah Daerah Kabupaten Luwu Utara,CV. ILHAM JAYA ABADI,2884164000.0,2714693562.89,1,1,Medium Risk,0.502695,0.20511,0.502695,0.292194,1.030174,Perlu Pantauan,model_only,Diturunkan dari triase model: Medium Risk dengan probabilitas 50.27%.,,,False,f_title_length=-2.3788 | f_is_q4=1.0084 | f_buyer_supplier_repeat_count=0.8428,"Peringkat investigatif paket ini adalah **Perlu Pantauan**.
Diturunkan dari triase model: Medium Risk dengan probabilitas 50.27%.
Model mengklasifikasikan paket ini sebagai **Medium Risk** dengan probabilitas 50.27%.
Catatan penting: ini adalah triase risiko, bukan bukti fraud final. Status kritis hanya boleh dinaikkan bila ada bukti resmi yang terhubung.
Faktor yang paling memengaruhi prediksi adalah:
- Panjang judul tender bernilai 16 dan menurunkan skor risiko dengan kontribusi SHAP sekitar 2.3788.
- Waktu publikasi pada kuartal iv bernilai 0 dan meningkatkan skor risiko dengan kontribusi SHAP sekitar 1.0084.
- Frekuensi hubungan buyer-supplier berulang bernilai 0 dan meningkatkan skor risiko dengan kontribusi SHAP sekitar 0.8428.",,,,,,,
296,test,8874,high_uncertainty,0.389267,False,0.199923,0.5,0.5,-0.199923,-0.300551,ocds-20h3g7-8103259,Jl. Talang Sari,2023-03-28 00:00:00+00:00,Pemerintah Daerah Kota Jambi,MOULYA PUSPA NAGARA,1599967320.91,1590000591.61,1,1,Medium Risk,0.500474,0.199449,0.500474,0.300077,1.029187,Perlu Pantauan,model_only,Diturunkan dari triase model: Medium Risk dengan probabilitas 50.05%.,,,False,f_title_length=-2.4584 | f_is_q4=0.9976 | f_buyer_supplier_repeat_count=0.8517,"Peringkat investigatif paket ini adalah **Perlu Pantauan**.
Diturunkan dari triase model: Medium Risk dengan probabilitas 50.05%.
Model mengklasifikasikan paket ini sebagai **Medium Risk** dengan probabilitas 50.05%.
Catatan penting: ini adalah triase risiko, bukan bukti fraud final. Status kritis hanya boleh dinaikkan bila ada bukti resmi yang terhubung.
Faktor yang paling memengaruhi prediksi adalah:
- Panjang judul tender bernilai 15 dan menurunkan skor risiko dengan kontribusi SHAP sekitar 2.4584.
- Waktu publikasi pada kuartal iv bernilai 0 dan meningkatkan skor risiko dengan kontribusi SHAP sekitar 0.9976.
- Frekuensi hubungan buyer-supplier berulang bernilai 0 dan meningkatkan skor risiko dengan kontribusi SHAP sekitar 0.8517.",,,,,,,
297,test,43607,high_uncertainty,0.388972,False,0.200208,0.5,0.5,-0.200208,-0.300647,ocds-20h3g7-2125342,Lampu Taman,2023-06-09 00:00:00+00:00,Pemerintah Daerah Kabupaten Samosir,PT. HPL MEKANIKAL JAYA,599300000.0,584760000.0,1,1,Medium Risk,0.500854,0.199353,0.500854,0.299792,1.028953,Perlu Pantauan,model_only,Diturunkan dari triase model: Medium Risk dengan probabilitas 50.09%.,,,False,f_title_length=-2.3429 | f_is_q4=1.0355 | f_supplier_recent_90d_award_count=0.8356,"Peringkat investigatif paket ini adalah **Perlu Pantauan**.
Diturunkan dari triase model: Medium Risk dengan probabilitas 50.09%.
Model mengklasifikasikan paket ini sebagai **Medium Risk** dengan probabilitas 50.09%.
Catatan penting: ini adalah triase risiko, bukan bukti fraud final. Status kritis hanya boleh dinaikkan bila ada bukti resmi yang terhubung.
Faktor yang paling memengaruhi prediksi adalah:
- Panjang judul tender bernilai 11 dan menurunkan skor risiko dengan kontribusi SHAP sekitar 2.3429.
- Waktu publikasi pada kuartal iv bernilai 0 dan meningkatkan skor risiko dengan kontribusi SHAP sekitar 1.0355.
- F supplier recent 90d award count bernilai 1 dan meningkatkan skor risiko dengan kontribusi SHAP sekitar 0.8356.",,,,,,,
298,test,29499,high_uncertainty,0.387364,False,0.202096,0.5,0.5,-0.202096,-0.299596,ocds-20h3g7-15315025,Renovasi Garasi,2023-05-16 00:00:00+00:00,Kementerian Pendidikan dan Kebudayaan,CV. Andi Sejahtera,304249985.06,273824901.0,1,1,Medium Risk,0.501692,0.200404,0.501692,0.297904,1.028942,Perlu Pantauan,model_only,Diturunkan dari triase model: Medium Risk dengan probabilitas 50.17%.,,,False,f_title_length=-2.3309 | f_is_q4=1.0155 | f_buyer_supplier_repeat_count=0.8479,"Peringkat investigatif paket ini adalah **Perlu Pantauan**.
Diturunkan dari triase model: Medium Risk dengan probabilitas 50.17%.
Model mengklasifikasikan paket ini sebagai **Medium Risk** dengan probabilitas 50.17%.
Catatan penting: ini adalah triase risiko, bukan bukti fraud final. Status kritis hanya boleh dinaikkan bila ada bukti resmi yang terhubung.
Faktor yang paling memengaruhi prediksi adalah:
- Panjang judul tender bernilai 15 dan menurunkan skor risiko dengan kontribusi SHAP sekitar 2.3309.
- Waktu publikasi pada kuartal iv bernilai 0 dan meningkatkan skor risiko dengan kontribusi SHAP sekitar 1.0155.
- Frekuensi hubungan buyer-supplier berulang bernilai 0 dan meningkatkan skor risiko dengan kontribusi SHAP sekitar 0.8479.",,,,,,,
299,test,69312,high_uncertainty,0.379528,False,0.211171,0.5,0.5,-0.211171,-0.294795,ocds-20h3g7-7444517,Rehab Gedung ISC,2023-07-29 00:00:00+00:00,Pemerintah Daerah Kabupaten Aceh Timur,CV. ATTHARIQ BEUJAYA,2831439099.96,2717763452.73,1,1,Medium Risk,0.505965,0.205205,0.505965,0.288829,1.028403,Perlu Pantauan,model_only,Diturunkan dari triase model: Medium Risk dengan probabilitas 50.60%.,,,False,f_title_length=-2.3383 | f_is_q4=1.0061 | f_buyer_supplier_repeat_count=0.8063,"Peringkat investigatif paket ini adalah **Perlu Pantauan**.
Diturunkan dari triase model: Medium Risk dengan probabilitas 50.60%.
Model mengklasifikasikan paket ini sebagai **Medium Risk** dengan probabilitas 50.60%.
Catatan penting: ini adalah triase risiko, bukan bukti fraud final. Status kritis hanya boleh dinaikkan bila ada bukti resmi yang terhubung.
Faktor yang paling memengaruhi prediksi adalah:
- Panjang judul tender bernilai 16 dan menurunkan skor risiko dengan kontribusi SHAP sekitar 2.3383.
- Waktu publikasi pada kuartal iv bernilai 0 dan meningkatkan skor risiko dengan kontribusi SHAP sekitar 1.0061.
- Frekuensi hubungan buyer-supplier berulang bernilai 0 dan meningkatkan skor risiko dengan kontribusi SHAP sekitar 0.8063.",,,,,,,
300,test,26165,high_uncertainty,0.387538,False,0.201705,0.5,0.5,-0.201705,-0.300574,ocds-20h3g7-3718149,Rehab Lapas,2023-05-10 00:00:00+00:00,Pemerintah Daerah Kabupaten Parigi Moutong,CV. ARDA PERKASA,350000000.0,343700000.0,1,1,Medium Risk,0.502279,0.199426,0.502279,0.298295,1.028245,Perlu Pantauan,model_only,Diturunkan dari triase model: Medium Risk dengan probabilitas 50.23%.,,,False,f_title_length=-2.2660 | f_is_q4=1.0299 | f_buyer_supplier_repeat_count=0.8300,"Peringkat investigatif paket ini adalah **Perlu Pantauan**.
Diturunkan dari triase model: Medium Risk dengan probabilitas 50.23%.
Model mengklasifikasikan paket ini sebagai **Medium Risk** dengan probabilitas 50.23%.
Catatan penting: ini adalah triase risiko, bukan bukti fraud final. Status kritis hanya boleh dinaikkan bila ada bukti resmi yang terhubung.
Faktor yang paling memengaruhi prediksi adalah:
- Panjang judul tender bernilai 11 dan menurunkan skor risiko dengan kontribusi SHAP sekitar 2.2660.
- Waktu publikasi pada kuartal iv bernilai 0 dan meningkatkan skor risiko dengan kontribusi SHAP sekitar 1.0299.
- Frekuensi hubungan buyer-supplier berulang bernilai 0 dan meningkatkan skor risiko dengan kontribusi SHAP sekitar 0.8300.",,,,,,,
301,test,34727,high_uncertainty,0.382872,False,0.207194,0.5,0.5,-0.207194,-0.29739,ocds-20h3g7-9597204,Rehab Pustu Putat,2023-05-25 00:00:00+00:00,Pemerintah Daerah Kabupaten Madiun,CV.PUTRA SENTOSA,648480000.0,529837212.07,1,1,Medium Risk,0.504585,0.20261,0.504585,0.292806,1.028244,Perlu Pantauan,model_only,Diturunkan dari triase model: Medium Risk dengan probabilitas 50.46%.,,,False,f_title_length=-2.4364 | f_is_q4=0.9801 | f_buyer_supplier_repeat_count=0.8077,"Peringkat investigatif paket ini adalah **Perlu Pantauan**.
Diturunkan dari triase model: Medium Risk dengan probabilitas 50.46%.
Model mengklasifikasikan paket ini sebagai **Medium Risk** dengan probabilitas 50.46%.
Catatan penting: ini adalah triase risiko, bukan bukti fraud final. Status kritis hanya boleh dinaikkan bila ada bukti resmi yang terhubung.
Faktor yang paling memengaruhi prediksi adalah:
- Panjang judul tender bernilai 17 dan menurunkan skor risiko dengan kontribusi SHAP sekitar 2.4364.
- Waktu publikasi pada kuartal iv bernilai 0 dan meningkatkan skor risiko dengan kontribusi SHAP sekitar 0.9801.
- Frekuensi hubungan buyer-supplier berulang bernilai 0 dan meningkatkan skor risiko dengan kontribusi SHAP sekitar 0.8077.",,,,,,,
302,test,27447,high_uncertainty,0.385869,False,0.20362,0.5,0.5,-0.20362,-0.299681,ocds-20h3g7-19327170,Penataan Halaman,2023-05-12 00:00:00+00:00,Kementerian Agama,CV.AMANDA PERDANA,303970000.0,287279519.26,1,1,Medium Risk,0.503301,0.200319,0.503301,0.29638,1.028063,Perlu Pantauan,model_only,Diturunkan dari triase model: Medium Risk dengan probabilitas 50.33%.,,,False,f_title_length=-2.2954 | f_is_q4=1.0548 | f_buyer_supplier_repeat_count=0.8815,"Peringkat investigatif paket ini adalah **Perlu Pantauan**.
Diturunkan dari triase model: Medium Risk dengan probabilitas 50.33%.
Model mengklasifikasikan paket ini sebagai **Medium Risk** dengan probabilitas 50.33%.
Catatan penting: ini adalah triase risiko, bukan bukti fraud final. Status kritis hanya boleh dinaikkan bila ada bukti resmi yang terhubung.
Faktor yang paling memengaruhi prediksi adalah:
- Panjang judul tender bernilai 16 dan menurunkan skor risiko dengan kontribusi SHAP sekitar 2.2954.
- Waktu publikasi pada kuartal iv bernilai 0 dan meningkatkan skor risiko dengan kontribusi SHAP sekitar 1.0548.
- Frekuensi hubungan buyer-supplier berulang bernilai 0 dan meningkatkan skor risiko dengan kontribusi SHAP sekitar 0.8815.",,,,,,,
303,test,19788,high_uncertainty,0.367161,False,0.105726,0.5,0.5,-0.33221,-0.105726,ocds-20h3g7-10124667,Belanja Barang dan Jasa BLUD / Belanja Pemeliharaan Alat Kedokteran dan Kesehatan (Pemeliharaan Alat Radiologi),2023-04-18 00:00:00+00:00,Pemerintah Daerah Kabupaten Purwakarta,PT. ANEKA MEDIKA INDONESIA,1370850000.0,1370850000.0,1,1,Medium Risk,0.437936,0.394274,0.437936,0.16779,1.028063,Perlu Pantauan,model_only,Diturunkan dari triase model: Medium Risk dengan probabilitas 43.79%.,,,False,f_price_deviation_ratio=-1.1657 | f_buyer_supplier_repeat_count=0.6004 | f_is_q4=0.4405,"Peringkat investigatif paket ini adalah **Perlu Pantauan**.
Diturunkan dari triase model: Medium Risk dengan probabilitas 43.79%.
Model mengklasifikasikan paket ini sebagai **Medium Risk** dengan probabilitas 43.79%.
Catatan penting: ini adalah triase risiko, bukan bukti fraud final. Status kritis hanya boleh dinaikkan bila ada bukti resmi yang terhubung.
Faktor yang paling memengaruhi prediksi adalah:
- Rasio deviasi harga terhadap nilai tender bernilai 1 dan menurunkan skor risiko dengan kontribusi SHAP sekitar 1.1657.
- Frekuensi hubungan buyer-supplier berulang bernilai 1 dan meningkatkan skor risiko dengan kontribusi SHAP sekitar 0.6004.
- Waktu publikasi pada kuartal iv bernilai 0 dan meningkatkan skor risiko dengan kontribusi SHAP sekitar 0.4405.",,,,,,,
304,test,84977,high_uncertainty,0.382808,False,0.206844,0.5,0.5,-0.206844,-0.299329,ocds-20h3g7-8343259,Jl. Rukam (DID),2023-09-22 00:00:00+00:00,Pemerintah Daerah Kota Jambi,CV. MULIA ARDHANA,2046907488.87,2040000006.43,1,1,Medium Risk,0.506173,0.200671,0.506173,0.293156,1.026654,Perlu Pantauan,model_only,Diturunkan dari triase model: Medium Risk dengan probabilitas 50.62%.,,,False,f_title_length=-2.4277 | f_is_q4=1.0244 | f_buyer_supplier_repeat_count=0.8727,"Peringkat investigatif paket ini adalah **Perlu Pantauan**.
Diturunkan dari triase model: Medium Risk dengan probabilitas 50.62%.
Model mengklasifikasikan paket ini sebagai **Medium Risk** dengan probabilitas 50.62%.
Catatan penting: ini adalah triase risiko, bukan bukti fraud final. Status kritis hanya boleh dinaikkan bila ada bukti resmi yang terhubung.
Faktor yang paling memengaruhi prediksi adalah:
- Panjang judul tender bernilai 15 dan menurunkan skor risiko dengan kontribusi SHAP sekitar 2.4277.
- Waktu publikasi pada kuartal iv bernilai 0 dan meningkatkan skor risiko dengan kontribusi SHAP sekitar 1.0244.
- Frekuensi hubungan buyer-supplier berulang bernilai 1 dan meningkatkan skor risiko dengan kontribusi SHAP sekitar 0.8727.",,,,,,,
305,test,51440,high_uncertainty,0.394027,False,0.193548,0.5,0.5,-0.193548,-0.307054,ocds-20h3g7-46142047,Emergency Kit,2023-06-20 00:00:00+00:00,Kementerian Kesehatan,CV HEXA KARANA,425000000.0,391000933.0,1,1,Medium Risk,0.500602,0.192946,0.500602,0.306452,1.02629,Perlu Pantauan,model_only,Diturunkan dari triase model: Medium Risk dengan probabilitas 50.06%.,,,False,f_title_length=-2.1591 | f_is_q4=1.0337 | f_buyer_supplier_repeat_count=0.9117,"Peringkat investigatif paket ini adalah **Perlu Pantauan**.
Diturunkan dari triase model: Medium Risk dengan probabilitas 50.06%.
Model mengklasifikasikan paket ini sebagai **Medium Risk** dengan probabilitas 50.06%.
Catatan penting: ini adalah triase risiko, bukan bukti fraud final. Status kritis hanya boleh dinaikkan bila ada bukti resmi yang terhubung.
Faktor yang paling memengaruhi prediksi adalah:
- Panjang judul tender bernilai 13 dan menurunkan skor risiko dengan kontribusi SHAP sekitar 2.1591.
- Waktu publikasi pada kuartal iv bernilai 0 dan meningkatkan skor risiko dengan kontribusi SHAP sekitar 1.0337.
- Frekuensi hubungan buyer-supplier berulang bernilai 0 dan meningkatkan skor risiko dengan kontribusi SHAP sekitar 0.9117.",,,,,,,
306,test,36389,high_uncertainty,0.389755,False,0.198526,0.5,0.5,-0.198526,-0.304613,ocds-20h3g7-6157243,RTJK,2023-05-29 00:00:00+00:00,Kementerian Desa Pembangunan Daerah Tertinggal dan Transmigrasi RI,CV. LYWAN,1599972725.66,1550150715.17,1,1,Medium Risk,0.503139,0.195387,0.503139,0.301474,1.026112,Perlu Pantauan,model_only,Diturunkan dari triase model: Medium Risk dengan probabilitas 50.31%.,,,False,f_title_length=-2.2187 | f_is_q4=1.0518 | f_buyer_supplier_repeat_count=0.8689,"Peringkat investigatif paket ini adalah **Perlu Pantauan**.
Diturunkan dari triase model: Medium Risk dengan probabilitas 50.31%.
Model mengklasifikasikan paket ini sebagai **Medium Risk** dengan probabilitas 50.31%.
Catatan penting: ini adalah triase risiko, bukan bukti fraud final. Status kritis hanya boleh dinaikkan bila ada bukti resmi yang terhubung.
Faktor yang paling memengaruhi prediksi adalah:
- Panjang judul tender bernilai 4 dan menurunkan skor risiko dengan kontribusi SHAP sekitar 2.2187.
- Waktu publikasi pada kuartal iv bernilai 0 dan meningkatkan skor risiko dengan kontribusi SHAP sekitar 1.0518.
- Frekuensi hubungan buyer-supplier berulang bernilai 0 dan meningkatkan skor risiko dengan kontribusi SHAP sekitar 0.8689.",,,,,,,
307,test,15176,high_uncertainty,0.377636,False,0.212749,0.5,0.5,-0.212749,-0.296468,ocds-20h3g7-18162218,Peningkatan Jalan,2023-04-06 00:00:00+00:00,Kementerian Kelautan Dan Perikanan,CV. HIJRAH BANGUN UTAMA,456000000.0,410769000.0,1,1,Medium Risk,0.509218,0.203532,0.509218,0.287251,1.025986,Perlu Pantauan,model_only,Diturunkan dari triase model: Medium Risk dengan probabilitas 50.92%.,,,False,f_title_length=-2.4021 | f_is_q4=0.9854 | f_supplier_recent_90d_award_count=0.8323,"Peringkat investigatif paket ini adalah **Perlu Pantauan**.
Diturunkan dari triase model: Medium Risk dengan probabilitas 50.92%.
Model mengklasifikasikan paket ini sebagai **Medium Risk** dengan probabilitas 50.92%.
Catatan penting: ini adalah triase risiko, bukan bukti fraud final. Status kritis hanya boleh dinaikkan bila ada bukti resmi yang terhubung.
Faktor yang paling memengaruhi prediksi adalah:
- Panjang judul tender bernilai 17 dan menurunkan skor risiko dengan kontribusi SHAP sekitar 2.4021.
- Waktu publikasi pada kuartal iv bernilai 0 dan meningkatkan skor risiko dengan kontribusi SHAP sekitar 0.9854.
- F supplier recent 90d award count bernilai 0 dan meningkatkan skor risiko dengan kontribusi SHAP sekitar 0.8323.",,,,,,,
308,test,30816,high_uncertainty,0.382543,False,0.206973,0.5,0.5,-0.206973,-0.299988,ocds-20h3g7-4044645,",PAKET V (DAU)",2023-05-19 00:00:00+00:00,Pemerintah Daerah Kabupaten Agam,PT. ANUGRAH TRIPA RAYA,2519741300.0,2386495400.05,1,1,Medium Risk,0.506961,0.200012,0.506961,0.293027,1.025972,Perlu Pantauan,model_only,Diturunkan dari triase model: Medium Risk dengan probabilitas 50.70%.,,,False,f_title_length=-2.3984 | f_is_q4=1.0048 | f_buyer_supplier_repeat_count=0.8967,"Peringkat investigatif paket ini adalah **Perlu Pantauan**.
Diturunkan dari triase model: Medium Risk dengan probabilitas 50.70%.
Model mengklasifikasikan paket ini sebagai **Medium Risk** dengan probabilitas 50.70%.
Catatan penting: ini adalah triase risiko, bukan bukti fraud final. Status kritis hanya boleh dinaikkan bila ada bukti resmi yang terhubung.
Faktor yang paling memengaruhi prediksi adalah:
- Panjang judul tender bernilai 14 dan menurunkan skor risiko dengan kontribusi SHAP sekitar 2.3984.
- Waktu publikasi pada kuartal iv bernilai 0 dan meningkatkan skor risiko dengan kontribusi SHAP sekitar 1.0048.
- Frekuensi hubungan buyer-supplier berulang bernilai 1 dan meningkatkan skor risiko dengan kontribusi SHAP sekitar 0.8967.",,,,,,,
309,test,33935,high_uncertainty,0.390784,False,0.197167,0.5,0.5,-0.197167,-0.305928,ocds-20h3g7-18330035,SEMENISASI JALAN,2023-05-24 00:00:00+00:00,Pemerintah Daerah Provinsi Kalimantan Timur,CV. Wadah Etam Mandiri,3740365000.0,2882120666.7,1,1,Medium Risk,0.503095,0.194072,0.503095,0.302833,1.025557,Perlu Pantauan,model_only,Diturunkan dari triase model: Medium Risk dengan probabilitas 50.31%.,,,False,f_title_length=-1.9648 | f_is_q4=1.2432 | f_buyer_supplier_repeat_count=0.7471,"Peringkat investigatif paket ini adalah **Perlu Pantauan**.
Diturunkan dari triase model: Medium Risk dengan probabilitas 50.31%.
Model mengklasifikasikan paket ini sebagai **Medium Risk** dengan probabilitas 50.31%.
Catatan penting: ini adalah triase risiko, bukan bukti fraud final. Status kritis hanya boleh dinaikkan bila ada bukti resmi yang terhubung.
Faktor yang paling memengaruhi prediksi adalah:
- Panjang judul tender bernilai 16 dan menurunkan skor risiko dengan kontribusi SHAP sekitar 1.9648.
- Waktu publikasi pada kuartal iv bernilai 0 dan meningkatkan skor risiko dengan kontribusi SHAP sekitar 1.2432.
- Frekuensi hubungan buyer-supplier berulang bernilai 1 dan meningkatkan skor risiko dengan kontribusi SHAP sekitar 0.7471.",,,,,,,
310,test,76505,high_uncertainty,0.474064,False,0.099183,0.5,0.5,-0.099183,-0.335463,ocds-20h3g7-8768505,Pekerjaan Konstruksi Pemasangan Pipa Jaringan dan Sambungan Rumah Program Hibah Air Minum Perkotaan Tahun Anggaran 2023,2023-08-23 00:00:00+00:00,Pemerintah Daerah Kabupaten Aceh Tamiang,CV. KOALISI KONSTRUKSI,6299944000.0,6290000000.0,1,1,Medium Risk,0.434646,0.164537,0.434646,0.400817,1.025531,Perlu Pantauan,model_only,Diturunkan dari triase model: Medium Risk dengan probabilitas 43.46%.,,,False,f_title_length=1.3439 | f_buyer_supplier_repeat_count=-1.3435 | f_tender_value_log=-0.9515,"Peringkat investigatif paket ini adalah **Perlu Pantauan**.
Diturunkan dari triase model: Medium Risk dengan probabilitas 43.46%.
Model mengklasifikasikan paket ini sebagai **Medium Risk** dengan probabilitas 43.46%.
Catatan penting: ini adalah triase risiko, bukan bukti fraud final. Status kritis hanya boleh dinaikkan bila ada bukti resmi yang terhubung.
Faktor yang paling memengaruhi prediksi adalah:
- Panjang judul tender bernilai 119 dan meningkatkan skor risiko dengan kontribusi SHAP sekitar 1.3439.
- Frekuensi hubungan buyer-supplier berulang bernilai 2 dan menurunkan skor risiko dengan kontribusi SHAP sekitar 1.3435.
- Nilai tender bernilai 22.5638 dan menurunkan skor risiko dengan kontribusi SHAP sekitar 0.9515.",,,,,,,
311,test,53370,high_uncertainty,0.552191,True,0.148643,0.5,0.5,-0.326014,-0.148643,ocds-20h3g7-654541,PENGADAAN OBAT-OBATAN UNTUK GIAT DUKUNGAN OPERASIONAL KESEHATAN FKTP BID DOKKES POLDA SULUT T.A. 2023,2023-06-21 00:00:00+00:00,Kepolisian Negara Republik Indonesia,PT. Bintang Setia Medika,797302000.0,797301999.9,0,1,Medium Risk,0.474656,0.351357,0.474656,0.173986,1.025463,Perlu Pantauan,model_only,Diturunkan dari triase model: Medium Risk dengan probabilitas 47.47%.,,,False,f_buyer_supplier_repeat_count=0.7785 | f_price_deviation_ratio=-0.7206 | f_title_length=0.4555,"Peringkat investigatif paket ini adalah **Perlu Pantauan**.
Diturunkan dari triase model: Medium Risk dengan probabilitas 47.47%.
Model mengklasifikasikan paket ini sebagai **Medium Risk** dengan probabilitas 47.47%.
Catatan penting: ini adalah triase risiko, bukan bukti fraud final. Status kritis hanya boleh dinaikkan bila ada bukti resmi yang terhubung.
Faktor yang paling memengaruhi prediksi adalah:
- Frekuensi hubungan buyer-supplier berulang bernilai 1 dan meningkatkan skor risiko dengan kontribusi SHAP sekitar 0.7785.
- Rasio deviasi harga terhadap nilai tender bernilai 1 dan menurunkan skor risiko dengan kontribusi SHAP sekitar 0.7206.
- Panjang judul tender bernilai 101 dan meningkatkan skor risiko dengan kontribusi SHAP sekitar 0.4555.",,,,,,,
312,test,53368,high_uncertainty,0.387485,False,0.200991,0.5,0.5,-0.200991,-0.304072,ocds-20h3g7-6548018,Konsumsi Atlet,2023-06-21 00:00:00+00:00,Kementerian Pemuda Dan Olah Raga,CV. VIVIN JAYA,233550000.0,192678750.0,1,1,Medium Risk,0.505063,0.195928,0.505063,0.299009,1.025347,Perlu Pantauan,model_only,Diturunkan dari triase model: Medium Risk dengan probabilitas 50.51%.,,,False,f_title_length=-2.1670 | f_is_q4=1.0398 | f_buyer_supplier_repeat_count=0.9483,"Peringkat investigatif paket ini adalah **Perlu Pantauan**.
Diturunkan dari triase model: Medium Risk dengan probabilitas 50.51%.
Model mengklasifikasikan paket ini sebagai **Medium Risk** dengan probabilitas 50.51%.
Catatan penting: ini adalah triase risiko, bukan bukti fraud final. Status kritis hanya boleh dinaikkan bila ada bukti resmi yang terhubung.
Faktor yang paling memengaruhi prediksi adalah:
- Panjang judul tender bernilai 14 dan menurunkan skor risiko dengan kontribusi SHAP sekitar 2.1670.
- Waktu publikasi pada kuartal iv bernilai 0 dan meningkatkan skor risiko dengan kontribusi SHAP sekitar 1.0398.
- Frekuensi hubungan buyer-supplier berulang bernilai 1 dan meningkatkan skor risiko dengan kontribusi SHAP sekitar 0.9483.",,,,,,,
313,test,33396,high_uncertainty,0.478571,False,0.093753,0.5,0.5,-0.093753,-0.336343,ocds-20h3g7-4448153,Peningkatan Jalan Lubuk Lancang-Petaling Kecamatan Suak Tapeh (Lanjutan),2023-05-24 00:00:00+00:00,Pemerintah Daerah Kabupaten Banyuasin,CV. DAFIA JAYA ABADI,9991000000.0,9950588328.34,1,1,Medium Risk,0.430095,0.163657,0.430095,0.406247,1.025054,Perlu Pantauan,model_only,Diturunkan dari triase model: Medium Risk dengan probabilitas 43.01%.,,,False,f_buyer_supplier_repeat_count=-1.3757 | f_title_length=1.3058 | f_tender_value_log=-1.0451,"Peringkat investigatif paket ini adalah **Perlu Pantauan**.
Diturunkan dari triase model: Medium Risk dengan probabilitas 43.01%.
Model mengklasifikasikan paket ini sebagai **Medium Risk** dengan probabilitas 43.01%.
Catatan penting: ini adalah triase risiko, bukan bukti fraud final. Status kritis hanya boleh dinaikkan bila ada bukti resmi yang terhubung.
Faktor yang paling memengaruhi prediksi adalah:
- Frekuensi hubungan buyer-supplier berulang bernilai 3 dan menurunkan skor risiko dengan kontribusi SHAP sekitar 1.3757.
- Panjang judul tender bernilai 72 dan meningkatkan skor risiko dengan kontribusi SHAP sekitar 1.3058.
- Nilai tender bernilai 23.025 dan menurunkan skor risiko dengan kontribusi SHAP sekitar 1.0451.",,,,,,,
314,test,34025,high_uncertainty,0.403412,False,0.182153,0.5,0.5,-0.182153,-0.313934,ocds-20h3g7-6133243,Peningkatan Jalan,2023-05-24 00:00:00+00:00,Kementerian Desa Pembangunan Daerah Tertinggal dan Transmigrasi RI,CV. VELA MITRA PROPERTI,1698035000.0,1684042738.15,1,1,Medium Risk,0.496087,0.186066,0.496087,0.317847,1.024969,Perlu Pantauan,model_only,Diturunkan dari triase model: Medium Risk dengan probabilitas 49.61%.,,,False,f_title_length=-2.2718 | f_is_q4=1.0141 | f_supplier_recent_90d_award_count=0.8566,"Peringkat investigatif paket ini adalah **Perlu Pantauan**.
Diturunkan dari triase model: Medium Risk dengan probabilitas 49.61%.
Model mengklasifikasikan paket ini sebagai **Medium Risk** dengan probabilitas 49.61%.
Catatan penting: ini adalah triase risiko, bukan bukti fraud final. Status kritis hanya boleh dinaikkan bila ada bukti resmi yang terhubung.
Faktor yang paling memengaruhi prediksi adalah:
- Panjang judul tender bernilai 17 dan menurunkan skor risiko dengan kontribusi SHAP sekitar 2.2718.
- Waktu publikasi pada kuartal iv bernilai 0 dan meningkatkan skor risiko dengan kontribusi SHAP sekitar 1.0141.
- F supplier recent 90d award count bernilai 1 dan meningkatkan skor risiko dengan kontribusi SHAP sekitar 0.8566.",,,,,,,
315,test,18040,high_uncertainty,0.398217,False,0.188241,0.5,0.5,-0.188241,-0.311166,ocds-20h3g7-8109259,Jl. Dr. Mawardi,2023-04-12 00:00:00+00:00,Pemerintah Daerah Kota Jambi,MOULYA PUSPA NAGARA,729806424.52,722753348.57,1,1,Medium Risk,0.499407,0.188834,0.499407,0.311759,1.024883,Perlu Pantauan,model_only,Diturunkan dari triase model: Medium Risk dengan probabilitas 49.94%.,,,False,f_title_length=-2.4831 | f_is_q4=1.0230 | f_buyer_supplier_repeat_count=0.8893,"Peringkat investigatif paket ini adalah **Perlu Pantauan**.
Diturunkan dari triase model: Medium Risk dengan probabilitas 49.94%.
Model mengklasifikasikan paket ini sebagai **Medium Risk** dengan probabilitas 49.94%.
Catatan penting: ini adalah triase risiko, bukan bukti fraud final. Status kritis hanya boleh dinaikkan bila ada bukti resmi yang terhubung.
Faktor yang paling memengaruhi prediksi adalah:
- Panjang judul tender bernilai 15 dan menurunkan skor risiko dengan kontribusi SHAP sekitar 2.4831.
- Waktu publikasi pada kuartal iv bernilai 0 dan meningkatkan skor risiko dengan kontribusi SHAP sekitar 1.0230.
- Frekuensi hubungan buyer-supplier berulang bernilai 1 dan meningkatkan skor risiko dengan kontribusi SHAP sekitar 0.8893.",,,,,,,
316,test,72228,high_uncertainty,0.46153,False,0.113673,0.5,0.5,-0.113673,-0.334742,ocds-20h3g7-49411106,Lanjutan Pembangunan RS Rujukan Regional Dr.Yulidin Away Tapaktuan,2023-08-08 00:00:00+00:00,Pemerintah Daerah Provinsi Aceh,CV. RJ GROUP,9252715000.0,9247000000.0,1,1,Medium Risk,0.448415,0.165258,0.448415,0.386327,1.024575,Perlu Pantauan,model_only,Diturunkan dari triase model: Medium Risk dengan probabilitas 44.84%.,,,False,f_title_length=1.3480 | f_buyer_supplier_repeat_count=-1.3138 | f_tender_value_log=-1.0120,"Peringkat investigatif paket ini adalah **Perlu Pantauan**.
Diturunkan dari triase model: Medium Risk dengan probabilitas 44.84%.
Model mengklasifikasikan paket ini sebagai **Medium Risk** dengan probabilitas 44.84%.
Catatan penting: ini adalah triase risiko, bukan bukti fraud final. Status kritis hanya boleh dinaikkan bila ada bukti resmi yang terhubung.
Faktor yang paling memengaruhi prediksi adalah:
- Panjang judul tender bernilai 66 dan meningkatkan skor risiko dengan kontribusi SHAP sekitar 1.3480.
- Frekuensi hubungan buyer-supplier berulang bernilai 3 dan menurunkan skor risiko dengan kontribusi SHAP sekitar 1.3138.
- Nilai tender bernilai 22.9482 dan menurunkan skor risiko dengan kontribusi SHAP sekitar 1.0120.",,,,,,,
317,test,50838,high_uncertainty,0.382581,False,0.206554,0.5,0.5,-0.206554,-0.30173,ocds-20h3g7-18497036,Uji Emisi,2023-06-19 00:00:00+00:00,Pemerintah Daerah Provinsi Sulawesi Selatan,PT Mutuagung Lestari Tbk,288378000.0,251026500.0,1,1,Medium Risk,0.508284,0.19827,0.508284,0.293446,1.024572,Perlu Pantauan,model_only,Diturunkan dari triase model: Medium Risk dengan probabilitas 50.83%.,,,False,f_title_length=-2.3578 | f_is_q4=1.0156 | f_supplier_recent_90d_award_count=0.8484,"Peringkat investigatif paket ini adalah **Perlu Pantauan**.
Diturunkan dari triase model: Medium Risk dengan probabilitas 50.83%.
Model mengklasifikasikan paket ini sebagai **Medium Risk** dengan probabilitas 50.83%.
Catatan penting: ini adalah triase risiko, bukan bukti fraud final. Status kritis hanya boleh dinaikkan bila ada bukti resmi yang terhubung.
Faktor yang paling memengaruhi prediksi adalah:
- Panjang judul tender bernilai 9 dan menurunkan skor risiko dengan kontribusi SHAP sekitar 2.3578.
- Waktu publikasi pada kuartal iv bernilai 0 dan meningkatkan skor risiko dengan kontribusi SHAP sekitar 1.0156.
- F supplier recent 90d award count bernilai 0 dan meningkatkan skor risiko dengan kontribusi SHAP sekitar 0.8484.",,,,,,,
318,test,13777,high_uncertainty,0.38412,False,0.204737,0.5,0.5,-0.204737,-0.302808,ocds-20h3g7-8108259,Jl. Kutilang I,2023-04-03 00:00:00+00:00,Pemerintah Daerah Kota Jambi,CV.ALFIRA JAYA,699885531.44,695000008.49,1,1,Medium Risk,0.507545,0.197192,0.507545,0.295263,1.024547,Perlu Pantauan,model_only,Diturunkan dari triase model: Medium Risk dengan probabilitas 50.75%.,,,False,f_title_length=-2.4288 | f_is_q4=1.0054 | f_buyer_supplier_repeat_count=0.8654,"Peringkat investigatif paket ini adalah **Perlu Pantauan**.
Diturunkan dari triase model: Medium Risk dengan probabilitas 50.75%.
Model mengklasifikasikan paket ini sebagai **Medium Risk** dengan probabilitas 50.75%.
Catatan penting: ini adalah triase risiko, bukan bukti fraud final. Status kritis hanya boleh dinaikkan bila ada bukti resmi yang terhubung.
Faktor yang paling memengaruhi prediksi adalah:
- Panjang judul tender bernilai 14 dan menurunkan skor risiko dengan kontribusi SHAP sekitar 2.4288.
- Waktu publikasi pada kuartal iv bernilai 0 dan meningkatkan skor risiko dengan kontribusi SHAP sekitar 1.0054.
- Frekuensi hubungan buyer-supplier berulang bernilai 0 dan meningkatkan skor risiko dengan kontribusi SHAP sekitar 0.8654.",,,,,,,
319,test,9774,high_uncertainty,0.472818,False,0.10038,0.5,0.5,-0.10038,-0.336389,ocds-20h3g7-23293198,Pengadaan Dan Pemasangan Pipa Distribusi Desa Karya Merdeka Beserta Boster Sungai Merdeka Kec. Samboja Darat,2023-03-29 00:00:00+00:00,Pemerintah Daerah Kabupaten Kutai Kartanegara,CV.CARISSA NAUFAL JAYA,7295212000.0,7048805752.61,1,1,Medium Risk,0.436769,0.163611,0.436769,0.39962,1.024525,Perlu Pantauan,model_only,Diturunkan dari triase model: Medium Risk dengan probabilitas 43.68%.,,,False,f_buyer_supplier_repeat_count=-1.3701 | f_title_length=1.2611 | f_tender_value_log=-1.0159,"Peringkat investigatif paket ini adalah **Perlu Pantauan**.
Diturunkan dari triase model: Medium Risk dengan probabilitas 43.68%.
Model mengklasifikasikan paket ini sebagai **Medium Risk** dengan probabilitas 43.68%.
Catatan penting: ini adalah triase risiko, bukan bukti fraud final. Status kritis hanya boleh dinaikkan bila ada bukti resmi yang terhubung.
Faktor yang paling memengaruhi prediksi adalah:
- Frekuensi hubungan buyer-supplier berulang bernilai 4 dan menurunkan skor risiko dengan kontribusi SHAP sekitar 1.3701.
- Panjang judul tender bernilai 108 dan meningkatkan skor risiko dengan kontribusi SHAP sekitar 1.2611.
- Nilai tender bernilai 22.7105 dan menurunkan skor risiko dengan kontribusi SHAP sekitar 1.0159.",,,,,,,
320,test,14795,high_uncertainty,0.387277,False,0.200967,0.5,0.5,-0.200967,-0.305142,ocds-20h3g7-3660437,Pengawasan Jalan,2023-04-05 00:00:00+00:00,Pemerintah Daerah Kabupaten Sigi,CV.TOHA PRATAMA,424985000.0,421486480.0,1,1,Medium Risk,0.506109,0.194858,0.506109,0.299033,1.024342,Perlu Pantauan,model_only,Diturunkan dari triase model: Medium Risk dengan probabilitas 50.61%.,,,False,f_title_length=-2.2205 | f_is_q4=1.0476 | f_supplier_recent_90d_award_count=0.8260,"Peringkat investigatif paket ini adalah **Perlu Pantauan**.
Diturunkan dari triase model: Medium Risk dengan probabilitas 50.61%.
Model mengklasifikasikan paket ini sebagai **Medium Risk** dengan probabilitas 50.61%.
Catatan penting: ini adalah triase risiko, bukan bukti fraud final. Status kritis hanya boleh dinaikkan bila ada bukti resmi yang terhubung.
Faktor yang paling memengaruhi prediksi adalah:
- Panjang judul tender bernilai 16 dan menurunkan skor risiko dengan kontribusi SHAP sekitar 2.2205.
- Waktu publikasi pada kuartal iv bernilai 0 dan meningkatkan skor risiko dengan kontribusi SHAP sekitar 1.0476.
- F supplier recent 90d award count bernilai 1 dan meningkatkan skor risiko dengan kontribusi SHAP sekitar 0.8260.",,,,,,,
321,test,49851,high_uncertainty,0.390147,False,0.197326,0.5,0.5,-0.197326,-0.308141,ocds-20h3g7-2179561,PLTS Sehen,2023-06-16 00:00:00+00:00,Pemerintah Daerah Kabupaten Sumba Barat Daya,PERO TEKNIK,248935200.0,246908400.0,1,1,Medium Risk,0.505466,0.191859,0.505466,0.302674,1.02335,Perlu Pantauan,model_only,Diturunkan dari triase model: Medium Risk dengan probabilitas 50.55%.,,,False,f_title_length=-1.9836 | f_is_q4=1.2000 | f_buyer_supplier_repeat_count=0.7809,"Peringkat investigatif paket ini adalah **Perlu Pantauan**.
Diturunkan dari triase model: Medium Risk dengan probabilitas 50.55%.
Model mengklasifikasikan paket ini sebagai **Medium Risk** dengan probabilitas 50.55%.
Catatan penting: ini adalah triase risiko, bukan bukti fraud final. Status kritis hanya boleh dinaikkan bila ada bukti resmi yang terhubung.
Faktor yang paling memengaruhi prediksi adalah:
- Panjang judul tender bernilai 10 dan menurunkan skor risiko dengan kontribusi SHAP sekitar 1.9836.
- Waktu publikasi pada kuartal iv bernilai 0 dan meningkatkan skor risiko dengan kontribusi SHAP sekitar 1.2000.
- Frekuensi hubungan buyer-supplier berulang bernilai 0 dan meningkatkan skor risiko dengan kontribusi SHAP sekitar 0.7809.",,,,,,,
322,test,50585,high_uncertainty,0.384183,False,0.204089,0.5,0.5,-0.204089,-0.305418,ocds-20h3g7-25081638,OJT/KKL,2023-06-18 00:00:00+00:00,Kementerian Pertahanan,Primkop Kartika Wiradhika,400000000.0,399700000.0,1,1,Medium Risk,0.509507,0.194582,0.509507,0.295911,1.022408,Perlu Pantauan,model_only,Diturunkan dari triase model: Medium Risk dengan probabilitas 50.95%.,,,False,f_title_length=-1.9890 | f_is_q4=1.2451 | f_buyer_supplier_repeat_count=0.8123,"Peringkat investigatif paket ini adalah **Perlu Pantauan**.
Diturunkan dari triase model: Medium Risk dengan probabilitas 50.95%.
Model mengklasifikasikan paket ini sebagai **Medium Risk** dengan probabilitas 50.95%.
Catatan penting: ini adalah triase risiko, bukan bukti fraud final. Status kritis hanya boleh dinaikkan bila ada bukti resmi yang terhubung.
Faktor yang paling memengaruhi prediksi adalah:
- Panjang judul tender bernilai 7 dan menurunkan skor risiko dengan kontribusi SHAP sekitar 1.9890.
- Waktu publikasi pada kuartal iv bernilai 0 dan meningkatkan skor risiko dengan kontribusi SHAP sekitar 1.2451.
- Frekuensi hubungan buyer-supplier berulang bernilai 1 dan meningkatkan skor risiko dengan kontribusi SHAP sekitar 0.8123.",,,,,,,
323,test,18184,high_uncertainty,0.386703,False,0.201038,0.5,0.5,-0.201038,-0.30745,ocds-20h3g7-24533638,UM JAGA MILITER YONIF RAIDER 515/UTY/9/2 KOSTRAD TA. 2023,2023-04-12 00:00:00+00:00,Kementerian Pertahanan,NUGROHO PERKASA,229585000.0,229585000.0,1,1,Medium Risk,0.508487,0.19255,0.508487,0.298962,1.022083,Perlu Pantauan,model_only,Diturunkan dari triase model: Medium Risk dengan probabilitas 50.85%.,,,False,f_price_deviation_ratio=-2.6118 | f_is_q4=0.9862 | f_buyer_supplier_repeat_count=0.8635,"Peringkat investigatif paket ini adalah **Perlu Pantauan**.
Diturunkan dari triase model: Medium Risk dengan probabilitas 50.85%.
Model mengklasifikasikan paket ini sebagai **Medium Risk** dengan probabilitas 50.85%.
Catatan penting: ini adalah triase risiko, bukan bukti fraud final. Status kritis hanya boleh dinaikkan bila ada bukti resmi yang terhubung.
Faktor yang paling memengaruhi prediksi adalah:
- Rasio deviasi harga terhadap nilai tender bernilai 1 dan menurunkan skor risiko dengan kontribusi SHAP sekitar 2.6118.
- Waktu publikasi pada kuartal iv bernilai 0 dan meningkatkan skor risiko dengan kontribusi SHAP sekitar 0.9862.
- Frekuensi hubungan buyer-supplier berulang bernilai 0 dan meningkatkan skor risiko dengan kontribusi SHAP sekitar 0.8635.",,,,,,,
324,test,20861,high_uncertainty,0.386174,False,0.201596,0.5,0.5,-0.201596,-0.307389,ocds-20h3g7-4177231,D.I Uma-Uma (DAK),2023-04-27 00:00:00+00:00,Pemerintah Daerah Kabupaten Enrekang,CV.TRI  TUNGGAL SIJAYA,770467700.0,754100939.02,1,1,Medium Risk,0.508985,0.192611,0.508985,0.298404,1.021845,Perlu Pantauan,model_only,Diturunkan dari triase model: Medium Risk dengan probabilitas 50.90%.,,,False,f_title_length=-2.4445 | f_is_q4=1.0480 | f_buyer_supplier_repeat_count=0.9094,"Peringkat investigatif paket ini adalah **Perlu Pantauan**.
Diturunkan dari triase model: Medium Risk dengan probabilitas 50.90%.
Model mengklasifikasikan paket ini sebagai **Medium Risk** dengan probabilitas 50.90%.
Catatan penting: ini adalah triase risiko, bukan bukti fraud final. Status kritis hanya boleh dinaikkan bila ada bukti resmi yang terhubung.
Faktor yang paling memengaruhi prediksi adalah:
- Panjang judul tender bernilai 17 dan menurunkan skor risiko dengan kontribusi SHAP sekitar 2.4445.
- Waktu publikasi pada kuartal iv bernilai 0 dan meningkatkan skor risiko dengan kontribusi SHAP sekitar 1.0480.
- Frekuensi hubungan buyer-supplier berulang bernilai 1 dan meningkatkan skor risiko dengan kontribusi SHAP sekitar 0.9094.",,,,,,,
325,test,18466,high_uncertainty,0.381614,False,0.206935,0.5,0.5,-0.206935,-0.304477,ocds-20h3g7-8110259,Jl. Merpati Utama,2023-04-13 00:00:00+00:00,Pemerintah Daerah Kota Jambi,CV. RAYYAN FAZAH MATALINO,439718316.17,436000002.82,1,1,Medium Risk,0.511412,0.195523,0.511412,0.293065,1.021747,Perlu Pantauan,model_only,Diturunkan dari triase model: Medium Risk dengan probabilitas 51.14%.,,,False,f_title_length=-2.4237 | f_is_q4=1.0274 | f_buyer_supplier_repeat_count=0.8461,"Peringkat investigatif paket ini adalah **Perlu Pantauan**.
Diturunkan dari triase model: Medium Risk dengan probabilitas 51.14%.
Model mengklasifikasikan paket ini sebagai **Medium Risk** dengan probabilitas 51.14%.
Catatan penting: ini adalah triase risiko, bukan bukti fraud final. Status kritis hanya boleh dinaikkan bila ada bukti resmi yang terhubung.
Faktor yang paling memengaruhi prediksi adalah:
- Panjang judul tender bernilai 17 dan menurunkan skor risiko dengan kontribusi SHAP sekitar 2.4237.
- Waktu publikasi pada kuartal iv bernilai 0 dan meningkatkan skor risiko dengan kontribusi SHAP sekitar 1.0274.
- Frekuensi hubungan buyer-supplier berulang bernilai 0 dan meningkatkan skor risiko dengan kontribusi SHAP sekitar 0.8461.",,,,,,,
326,test,23549,high_uncertainty,0.38578,False,0.202012,0.5,0.5,-0.202012,-0.307342,ocds-20h3g7-5290511,Pembangunan RTJK,2023-05-05 00:00:00+00:00,Kementerian Desa Pembangunan Daerah Tertinggal dan Transmigrasi RI,CV. IBRIAND JAYA PRATAMA,700000000.0,697924944.3,1,1,Medium Risk,0.509355,0.192658,0.509355,0.297988,1.021667,Perlu Pantauan,model_only,Diturunkan dari triase model: Medium Risk dengan probabilitas 50.94%.,,,False,f_title_length=-2.2212 | f_is_q4=1.0273 | f_supplier_recent_90d_award_count=0.8903,"Peringkat investigatif paket ini adalah **Perlu Pantauan**.
Diturunkan dari triase model: Medium Risk dengan probabilitas 50.94%.
Model mengklasifikasikan paket ini sebagai **Medium Risk** dengan probabilitas 50.94%.
Catatan penting: ini adalah triase risiko, bukan bukti fraud final. Status kritis hanya boleh dinaikkan bila ada bukti resmi yang terhubung.
Faktor yang paling memengaruhi prediksi adalah:
- Panjang judul tender bernilai 16 dan menurunkan skor risiko dengan kontribusi SHAP sekitar 2.2212.
- Waktu publikasi pada kuartal iv bernilai 0 dan meningkatkan skor risiko dengan kontribusi SHAP sekitar 1.0273.
- F supplier recent 90d award count bernilai 1 dan meningkatkan skor risiko dengan kontribusi SHAP sekitar 0.8903.",,,,,,,
327,test,21720,high_uncertainty,0.379426,False,0.209457,0.5,0.5,-0.209457,-0.303202,ocds-20h3g7-2142698,Belanja obat (DP),2023-04-29 00:00:00+00:00,Pemerintah Daerah Kabupaten Halmahera Barat,PT.KIMIA FARMA TRADING & DISTRIBUTION,2300000000.0,2275305417.0,1,1,Medium Risk,0.512659,0.196798,0.512659,0.290543,1.021553,Perlu Pantauan,model_only,Diturunkan dari triase model: Medium Risk dengan probabilitas 51.27%.,,,False,f_title_length=-2.0554 | f_is_q4=1.1841 | f_buyer_supplier_repeat_count=0.7837,"Peringkat investigatif paket ini adalah **Perlu Pantauan**.
Diturunkan dari triase model: Medium Risk dengan probabilitas 51.27%.
Model mengklasifikasikan paket ini sebagai **Medium Risk** dengan probabilitas 51.27%.
Catatan penting: ini adalah triase risiko, bukan bukti fraud final. Status kritis hanya boleh dinaikkan bila ada bukti resmi yang terhubung.
Faktor yang paling memengaruhi prediksi adalah:
- Panjang judul tender bernilai 17 dan menurunkan skor risiko dengan kontribusi SHAP sekitar 2.0554.
- Waktu publikasi pada kuartal iv bernilai 0 dan meningkatkan skor risiko dengan kontribusi SHAP sekitar 1.1841.
- Frekuensi hubungan buyer-supplier berulang bernilai 0 dan meningkatkan skor risiko dengan kontribusi SHAP sekitar 0.7837.",,,,,,,
328,test,7835,high_uncertainty,0.392714,False,0.193791,0.5,0.5,-0.193791,-0.31193,ocds-20h3g7-8104259,Jl. Beradat,2023-03-27 00:00:00+00:00,Pemerintah Daerah Kota Jambi,CV. AISYAH PUTRA KARYA,999963966.22,994000000.62,1,1,Medium Risk,0.505722,0.18807,0.505722,0.306209,1.021434,Perlu Pantauan,model_only,Diturunkan dari triase model: Medium Risk dengan probabilitas 50.57%.,,,False,f_title_length=-2.3449 | f_is_q4=1.0426 | f_buyer_supplier_repeat_count=0.8815,"Peringkat investigatif paket ini adalah **Perlu Pantauan**.
Diturunkan dari triase model: Medium Risk dengan probabilitas 50.57%.
Model mengklasifikasikan paket ini sebagai **Medium Risk** dengan probabilitas 50.57%.
Catatan penting: ini adalah triase risiko, bukan bukti fraud final. Status kritis hanya boleh dinaikkan bila ada bukti resmi yang terhubung.
Faktor yang paling memengaruhi prediksi adalah:
- Panjang judul tender bernilai 11 dan menurunkan skor risiko dengan kontribusi SHAP sekitar 2.3449.
- Waktu publikasi pada kuartal iv bernilai 0 dan meningkatkan skor risiko dengan kontribusi SHAP sekitar 1.0426.
- Frekuensi hubungan buyer-supplier berulang bernilai 0 dan meningkatkan skor risiko dengan kontribusi SHAP sekitar 0.8815.",,,,,,,
329,test,69405,high_uncertainty,0.481277,False,0.089589,0.5,0.5,-0.089589,-0.340305,ocds-20h3g7-6583226,Jl. Sp. Koto Boyo - Ds. Koto Boyo,2023-07-30 00:00:00+00:00,Pemerintah Daerah Kabupaten Batanghari,cv.suryacitrapersada,10835940000.0,10825833454.45,1,1,Medium Risk,0.429894,0.159695,0.429894,0.410411,1.021393,Perlu Pantauan,model_only,Diturunkan dari triase model: Medium Risk dengan probabilitas 42.99%.,,,False,f_tender_value_log=-1.5941 | f_buyer_supplier_repeat_count=0.9005 | f_is_q4=0.8262,"Peringkat investigatif paket ini adalah **Perlu Pantauan**.
Diturunkan dari triase model: Medium Risk dengan probabilitas 42.99%.
Model mengklasifikasikan paket ini sebagai **Medium Risk** dengan probabilitas 42.99%.
Catatan penting: ini adalah triase risiko, bukan bukti fraud final. Status kritis hanya boleh dinaikkan bila ada bukti resmi yang terhubung.
Faktor yang paling memengaruhi prediksi adalah:
- Nilai tender bernilai 23.1061 dan menurunkan skor risiko dengan kontribusi SHAP sekitar 1.5941.
- Frekuensi hubungan buyer-supplier berulang bernilai 1 dan meningkatkan skor risiko dengan kontribusi SHAP sekitar 0.9005.
- Waktu publikasi pada kuartal iv bernilai 0 dan meningkatkan skor risiko dengan kontribusi SHAP sekitar 0.8262.",,,,,,,
330,test,50424,high_uncertainty,0.381328,False,0.207138,0.5,0.5,-0.207138,-0.304879,ocds-20h3g7-2192658,Pengadaan Perabot,2023-06-17 00:00:00+00:00,Pemerintah Daerah Kabupaten Konawe Kepulauan,cv.kariya pratama,674880000.0,670000000.0,1,1,Medium Risk,0.512016,0.195121,0.512016,0.292862,1.021248,Perlu Pantauan,model_only,Diturunkan dari triase model: Medium Risk dengan probabilitas 51.20%.,,,False,f_title_length=-1.9951 | f_is_q4=1.2207 | f_buyer_supplier_repeat_count=0.7571,"Peringkat investigatif paket ini adalah **Perlu Pantauan**.
Diturunkan dari triase model: Medium Risk dengan probabilitas 51.20%.
Model mengklasifikasikan paket ini sebagai **Medium Risk** dengan probabilitas 51.20%.
Catatan penting: ini adalah triase risiko, bukan bukti fraud final. Status kritis hanya boleh dinaikkan bila ada bukti resmi yang terhubung.
Faktor yang paling memengaruhi prediksi adalah:
- Panjang judul tender bernilai 17 dan menurunkan skor risiko dengan kontribusi SHAP sekitar 1.9951.
- Waktu publikasi pada kuartal iv bernilai 0 dan meningkatkan skor risiko dengan kontribusi SHAP sekitar 1.2207.
- Frekuensi hubungan buyer-supplier berulang bernilai 0 dan meningkatkan skor risiko dengan kontribusi SHAP sekitar 0.7571.",,,,,,,
331,test,30791,high_uncertainty,0.385361,False,0.202348,0.5,0.5,-0.202348,-0.307759,ocds-20h3g7-4049645,",PAKET VI (DAU)",2023-05-19 00:00:00+00:00,Pemerintah Daerah Kabupaten Agam,CV. SHARFINA KONSTRUKSI ABADI,1898899800.0,1750000000.0,1,1,Medium Risk,0.510106,0.192241,0.510106,0.297652,1.021081,Perlu Pantauan,model_only,Diturunkan dari triase model: Medium Risk dengan probabilitas 51.01%.,,,False,f_title_length=-2.3901 | f_is_q4=1.0362 | f_buyer_supplier_repeat_count=0.9011,"Peringkat investigatif paket ini adalah **Perlu Pantauan**.
Diturunkan dari triase model: Medium Risk dengan probabilitas 51.01%.
Model mengklasifikasikan paket ini sebagai **Medium Risk** dengan probabilitas 51.01%.
Catatan penting: ini adalah triase risiko, bukan bukti fraud final. Status kritis hanya boleh dinaikkan bila ada bukti resmi yang terhubung.
Faktor yang paling memengaruhi prediksi adalah:
- Panjang judul tender bernilai 15 dan menurunkan skor risiko dengan kontribusi SHAP sekitar 2.3901.
- Waktu publikasi pada kuartal iv bernilai 0 dan meningkatkan skor risiko dengan kontribusi SHAP sekitar 1.0362.
- Frekuensi hubungan buyer-supplier berulang bernilai 1 dan meningkatkan skor risiko dengan kontribusi SHAP sekitar 0.9011.",,,,,,,
332,test,24943,high_uncertainty,0.382012,False,0.206226,0.5,0.5,-0.206226,-0.305819,ocds-20h3g7-2117275,Penataan Halaman,2023-05-08 00:00:00+00:00,Badan Pusat Statistik,CV. ARAH PENUJAK,879913000.0,703930400.0,1,1,Medium Risk,0.512045,0.194181,0.512045,0.293774,1.020846,Perlu Pantauan,model_only,Diturunkan dari triase model: Medium Risk dengan probabilitas 51.20%.,,,False,f_title_length=-1.9397 | f_is_q4=1.2026 | f_buyer_supplier_repeat_count=0.7414,"Peringkat investigatif paket ini adalah **Perlu Pantauan**.
Diturunkan dari triase model: Medium Risk dengan probabilitas 51.20%.
Model mengklasifikasikan paket ini sebagai **Medium Risk** dengan probabilitas 51.20%.
Catatan penting: ini adalah triase risiko, bukan bukti fraud final. Status kritis hanya boleh dinaikkan bila ada bukti resmi yang terhubung.
Faktor yang paling memengaruhi prediksi adalah:
- Panjang judul tender bernilai 16 dan menurunkan skor risiko dengan kontribusi SHAP sekitar 1.9397.
- Waktu publikasi pada kuartal iv bernilai 0 dan meningkatkan skor risiko dengan kontribusi SHAP sekitar 1.2026.
- Frekuensi hubungan buyer-supplier berulang bernilai 0 dan meningkatkan skor risiko dengan kontribusi SHAP sekitar 0.7414.",,,,,,,
333,test,35393,high_uncertainty,0.3765,False,0.212635,0.5,0.5,-0.212635,-0.302322,ocds-20h3g7-4790285,Jembatan Giriloyo,2023-05-26 00:00:00+00:00,Pemerintah Daerah Kabupaten Bantul,CV ATNAWIJAYA,2182766000.0,2050647423.5,1,1,Medium Risk,0.514957,0.197678,0.514957,0.287365,1.020567,Perlu Pantauan,model_only,Diturunkan dari triase model: Medium Risk dengan probabilitas 51.50%.,,,False,f_title_length=-2.2913 | f_is_q4=1.0773 | f_buyer_supplier_repeat_count=0.8949,"Peringkat investigatif paket ini adalah **Perlu Pantauan**.
Diturunkan dari triase model: Medium Risk dengan probabilitas 51.50%.
Model mengklasifikasikan paket ini sebagai **Medium Risk** dengan probabilitas 51.50%.
Catatan penting: ini adalah triase risiko, bukan bukti fraud final. Status kritis hanya boleh dinaikkan bila ada bukti resmi yang terhubung.
Faktor yang paling memengaruhi prediksi adalah:
- Panjang judul tender bernilai 17 dan menurunkan skor risiko dengan kontribusi SHAP sekitar 2.2913.
- Waktu publikasi pada kuartal iv bernilai 0 dan meningkatkan skor risiko dengan kontribusi SHAP sekitar 1.0773.
- Frekuensi hubungan buyer-supplier berulang bernilai 1 dan meningkatkan skor risiko dengan kontribusi SHAP sekitar 0.8949.",,,,,,,
334,test,35392,high_uncertainty,0.374632,False,0.214825,0.5,0.5,-0.214825,-0.301003,ocds-20h3g7-20970044,HAR RANMOR R4,2023-05-26 00:00:00+00:00,Kepolisian Negara Republik Indonesia,PT.JAGORAWI MOTOR,425000000.0,424940000.0,1,1,Medium Risk,0.515828,0.198997,0.515828,0.285175,1.020538,Perlu Pantauan,model_only,Diturunkan dari triase model: Medium Risk dengan probabilitas 51.58%.,,,False,f_title_length=-2.3090 | f_is_q4=0.9891 | f_buyer_supplier_repeat_count=0.8721,"Peringkat investigatif paket ini adalah **Perlu Pantauan**.
Diturunkan dari triase model: Medium Risk dengan probabilitas 51.58%.
Model mengklasifikasikan paket ini sebagai **Medium Risk** dengan probabilitas 51.58%.
Catatan penting: ini adalah triase risiko, bukan bukti fraud final. Status kritis hanya boleh dinaikkan bila ada bukti resmi yang terhubung.
Faktor yang paling memengaruhi prediksi adalah:
- Panjang judul tender bernilai 13 dan menurunkan skor risiko dengan kontribusi SHAP sekitar 2.3090.
- Waktu publikasi pada kuartal iv bernilai 0 dan meningkatkan skor risiko dengan kontribusi SHAP sekitar 0.9891.
- Frekuensi hubungan buyer-supplier berulang bernilai 0 dan meningkatkan skor risiko dengan kontribusi SHAP sekitar 0.8721.",,,,,,,
335,test,21197,high_uncertainty,0.390809,False,0.195765,0.5,0.5,-0.195765,-0.311932,ocds-20h3g7-1564603,Kaporlap Oditur,2023-04-28 00:00:00+00:00,Kementerian Pertahanan,PT. YUTI SAGITA MANDIRI,538070280.0,533630102.0,1,1,Medium Risk,0.507697,0.188068,0.507697,0.304235,1.020431,Perlu Pantauan,model_only,Diturunkan dari triase model: Medium Risk dengan probabilitas 50.77%.,,,False,f_title_length=-1.9860 | f_is_q4=1.2234 | f_buyer_supplier_repeat_count=0.8098,"Peringkat investigatif paket ini adalah **Perlu Pantauan**.
Diturunkan dari triase model: Medium Risk dengan probabilitas 50.77%.
Model mengklasifikasikan paket ini sebagai **Medium Risk** dengan probabilitas 50.77%.
Catatan penting: ini adalah triase risiko, bukan bukti fraud final. Status kritis hanya boleh dinaikkan bila ada bukti resmi yang terhubung.
Faktor yang paling memengaruhi prediksi adalah:
- Panjang judul tender bernilai 15 dan menurunkan skor risiko dengan kontribusi SHAP sekitar 1.9860.
- Waktu publikasi pada kuartal iv bernilai 0 dan meningkatkan skor risiko dengan kontribusi SHAP sekitar 1.2234.
- Frekuensi hubungan buyer-supplier berulang bernilai 0 dan meningkatkan skor risiko dengan kontribusi SHAP sekitar 0.8098.",,,,,,,
336,test,58270,high_uncertainty,0.379788,False,0.208706,0.5,0.5,-0.208706,-0.304908,ocds-20h3g7-5335511,Perencanaan Jalan,2023-07-02 00:00:00+00:00,Pemerintah Daerah Kabupaten Toli-Toli,CV. HASANAH ABADI KONSULTAN,199800000.0,198967500.0,1,1,Medium Risk,0.513614,0.195092,0.513614,0.291294,1.020337,Perlu Pantauan,model_only,Diturunkan dari triase model: Medium Risk dengan probabilitas 51.36%.,,,False,f_title_length=-2.0228 | f_is_q4=1.2243 | f_buyer_supplier_repeat_count=0.8406,"Peringkat investigatif paket ini adalah **Perlu Pantauan**.
Diturunkan dari triase model: Medium Risk dengan probabilitas 51.36%.
Model mengklasifikasikan paket ini sebagai **Medium Risk** dengan probabilitas 51.36%.
Catatan penting: ini adalah triase risiko, bukan bukti fraud final. Status kritis hanya boleh dinaikkan bila ada bukti resmi yang terhubung.
Faktor yang paling memengaruhi prediksi adalah:
- Panjang judul tender bernilai 17 dan menurunkan skor risiko dengan kontribusi SHAP sekitar 2.0228.
- Waktu publikasi pada kuartal iv bernilai 0 dan meningkatkan skor risiko dengan kontribusi SHAP sekitar 1.2243.
- Frekuensi hubungan buyer-supplier berulang bernilai 1 dan meningkatkan skor risiko dengan kontribusi SHAP sekitar 0.8406.",,,,,,,
337,test,40995,high_uncertainty,0.375588,False,0.213535,0.5,0.5,-0.213535,-0.302442,ocds-20h3g7-8245259,Jl. Tarmizi Kadir,2023-06-06 00:00:00+00:00,Pemerintah Daerah Kota Jambi,CV.LIMAS PERKASA,499955760.35,497178044.78,1,1,Medium Risk,0.515978,0.197558,0.515978,0.286465,1.019924,Perlu Pantauan,model_only,Diturunkan dari triase model: Medium Risk dengan probabilitas 51.60%.,,,False,f_title_length=-2.3029 | f_is_q4=0.9667 | f_buyer_supplier_repeat_count=0.8099,"Peringkat investigatif paket ini adalah **Perlu Pantauan**.
Diturunkan dari triase model: Medium Risk dengan probabilitas 51.60%.
Model mengklasifikasikan paket ini sebagai **Medium Risk** dengan probabilitas 51.60%.
Catatan penting: ini adalah triase risiko, bukan bukti fraud final. Status kritis hanya boleh dinaikkan bila ada bukti resmi yang terhubung.
Faktor yang paling memengaruhi prediksi adalah:
- Panjang judul tender bernilai 17 dan menurunkan skor risiko dengan kontribusi SHAP sekitar 2.3029.
- Waktu publikasi pada kuartal iv bernilai 0 dan meningkatkan skor risiko dengan kontribusi SHAP sekitar 0.9667.
- Frekuensi hubungan buyer-supplier berulang bernilai 0 dan meningkatkan skor risiko dengan kontribusi SHAP sekitar 0.8099.",,,,,,,
338,test,27584,high_uncertainty,0.380265,False,0.20793,0.5,0.5,-0.20793,-0.306184,ocds-20h3g7-5728311,Konsultan LARAP,2023-05-12 00:00:00+00:00,Pemerintah Daerah Kabupaten Musi Rawas,CV. POLARIS,399999600.0,395718663.0,1,1,Medium Risk,0.514114,0.193816,0.514114,0.29207,1.019536,Perlu Pantauan,model_only,Diturunkan dari triase model: Medium Risk dengan probabilitas 51.41%.,,,False,f_title_length=-2.3419 | f_is_q4=1.0539 | f_buyer_supplier_repeat_count=0.8429,"Peringkat investigatif paket ini adalah **Perlu Pantauan**.
Diturunkan dari triase model: Medium Risk dengan probabilitas 51.41%.
Model mengklasifikasikan paket ini sebagai **Medium Risk** dengan probabilitas 51.41%.
Catatan penting: ini adalah triase risiko, bukan bukti fraud final. Status kritis hanya boleh dinaikkan bila ada bukti resmi yang terhubung.
Faktor yang paling memengaruhi prediksi adalah:
- Panjang judul tender bernilai 15 dan menurunkan skor risiko dengan kontribusi SHAP sekitar 2.3419.
- Waktu publikasi pada kuartal iv bernilai 0 dan meningkatkan skor risiko dengan kontribusi SHAP sekitar 1.0539.
- Frekuensi hubungan buyer-supplier berulang bernilai 0 dan meningkatkan skor risiko dengan kontribusi SHAP sekitar 0.8429.",,,,,,,
339,test,21711,high_uncertainty,0.376771,False,0.211938,0.5,0.5,-0.211938,-0.30421,ocds-20h3g7-4176231,D.I Bassaran (DAK),2023-04-29 00:00:00+00:00,Pemerintah Daerah Kabupaten Enrekang,cv sulawesi karya delapan delapan,477100000.0,467394649.67,1,1,Medium Risk,0.516148,0.19579,0.516148,0.288062,1.019154,Perlu Pantauan,model_only,Diturunkan dari triase model: Medium Risk dengan probabilitas 51.61%.,,,False,f_title_length=-2.3815 | f_is_q4=0.9494 | f_buyer_supplier_repeat_count=0.8697,"Peringkat investigatif paket ini adalah **Perlu Pantauan**.
Diturunkan dari triase model: Medium Risk dengan probabilitas 51.61%.
Model mengklasifikasikan paket ini sebagai **Medium Risk** dengan probabilitas 51.61%.
Catatan penting: ini adalah triase risiko, bukan bukti fraud final. Status kritis hanya boleh dinaikkan bila ada bukti resmi yang terhubung.
Faktor yang paling memengaruhi prediksi adalah:
- Panjang judul tender bernilai 18 dan menurunkan skor risiko dengan kontribusi SHAP sekitar 2.3815.
- Waktu publikasi pada kuartal iv bernilai 0 dan meningkatkan skor risiko dengan kontribusi SHAP sekitar 0.9494.
- Frekuensi hubungan buyer-supplier berulang bernilai 1 dan meningkatkan skor risiko dengan kontribusi SHAP sekitar 0.8697.",,,,,,,
340,test,82001,high_uncertainty,0.476021,False,0.095041,0.5,0.5,-0.095041,-0.34268,ocds-20h3g7-6236243,Pengembangan Ruang Komunitas Digital Fase I,2023-09-12 00:00:00+00:00,Kementerian Desa Pembangunan Daerah Tertinggal dan Transmigrasi RI,AIR MAS PERKASA,8928825000.0,6311395000.0,1,1,Medium Risk,0.437722,0.15732,0.437722,0.404959,1.018663,Perlu Pantauan,model_only,Diturunkan dari triase model: Medium Risk dengan probabilitas 43.77%.,,,False,f_tender_value_log=-1.6823 | f_price_deviation_ratio=-1.2055 | f_buyer_supplier_repeat_count=0.9092,"Peringkat investigatif paket ini adalah **Perlu Pantauan**.
Diturunkan dari triase model: Medium Risk dengan probabilitas 43.77%.
Model mengklasifikasikan paket ini sebagai **Medium Risk** dengan probabilitas 43.77%.
Catatan penting: ini adalah triase risiko, bukan bukti fraud final. Status kritis hanya boleh dinaikkan bila ada bukti resmi yang terhubung.
Faktor yang paling memengaruhi prediksi adalah:
- Nilai tender bernilai 22.9126 dan menurunkan skor risiko dengan kontribusi SHAP sekitar 1.6823.
- Rasio deviasi harga terhadap nilai tender bernilai 0.7069 dan menurunkan skor risiko dengan kontribusi SHAP sekitar 1.2055.
- Frekuensi hubungan buyer-supplier berulang bernilai 0 dan meningkatkan skor risiko dengan kontribusi SHAP sekitar 0.9092.",,,,,,,
341,test,83556,high_uncertainty,0.382384,False,0.205042,0.5,0.5,-0.205042,-0.309328,ocds-20h3g7-6681226,RTH BATIN XXIV,2023-09-18 00:00:00+00:00,Pemerintah Daerah Kabupaten Batanghari,CV.Karya Torikido Lestari,599710000.0,591742616.39,1,1,Medium Risk,0.51437,0.190672,0.51437,0.294958,1.018062,Perlu Pantauan,model_only,Diturunkan dari triase model: Medium Risk dengan probabilitas 51.44%.,,,False,f_title_length=-2.3512 | f_is_q4=1.0065 | f_buyer_supplier_repeat_count=0.8910,"Peringkat investigatif paket ini adalah **Perlu Pantauan**.
Diturunkan dari triase model: Medium Risk dengan probabilitas 51.44%.
Model mengklasifikasikan paket ini sebagai **Medium Risk** dengan probabilitas 51.44%.
Catatan penting: ini adalah triase risiko, bukan bukti fraud final. Status kritis hanya boleh dinaikkan bila ada bukti resmi yang terhubung.
Faktor yang paling memengaruhi prediksi adalah:
- Panjang judul tender bernilai 14 dan menurunkan skor risiko dengan kontribusi SHAP sekitar 2.3512.
- Waktu publikasi pada kuartal iv bernilai 0 dan meningkatkan skor risiko dengan kontribusi SHAP sekitar 1.0065.
- Frekuensi hubungan buyer-supplier berulang bernilai 1 dan meningkatkan skor risiko dengan kontribusi SHAP sekitar 0.8910.",,,,,,,
342,test,61035,high_uncertainty,0.363863,False,0.226792,0.5,0.5,-0.226792,-0.295929,ocds-20h3g7-4320194,Renovasi Workshop,2023-07-07 00:00:00+00:00,Kementerian Ketenagakerjaan,CV. PRATAMA,2081083977.07,2004083735.1,1,1,Medium Risk,0.522721,0.204071,0.522721,0.273208,1.017914,Perlu Pantauan,model_only,Diturunkan dari triase model: Medium Risk dengan probabilitas 52.27%.,,,False,f_title_length=-2.2856 | f_is_q4=1.0527 | f_buyer_supplier_repeat_count=0.8714,"Peringkat investigatif paket ini adalah **Perlu Pantauan**.
Diturunkan dari triase model: Medium Risk dengan probabilitas 52.27%.
Model mengklasifikasikan paket ini sebagai **Medium Risk** dengan probabilitas 52.27%.
Catatan penting: ini adalah triase risiko, bukan bukti fraud final. Status kritis hanya boleh dinaikkan bila ada bukti resmi yang terhubung.
Faktor yang paling memengaruhi prediksi adalah:
- Panjang judul tender bernilai 17 dan menurunkan skor risiko dengan kontribusi SHAP sekitar 2.2856.
- Waktu publikasi pada kuartal iv bernilai 0 dan meningkatkan skor risiko dengan kontribusi SHAP sekitar 1.0527.
- Frekuensi hubungan buyer-supplier berulang bernilai 0 dan meningkatkan skor risiko dengan kontribusi SHAP sekitar 0.8714.",,,,,,,
343,test,45534,high_uncertainty,0.358087,False,0.111793,0.5,0.5,-0.341737,-0.111793,ocds-20h3g7-2162342,Rehabilitasi ruang laboratorium Ilmu pengetahuan alam (IPA) dengan tingkat kerusakan minimal sedang SMP NEGERI 2 HARIAN,2023-06-12 00:00:00+00:00,Pemerintah Daerah Kabupaten Samosir,CV. ABIGAEL WIGATA MANDIRI,296594717.27,296594717.27,1,1,Medium Risk,0.453529,0.388207,0.453529,0.158263,1.017689,Perlu Pantauan,model_only,Diturunkan dari triase model: Medium Risk dengan probabilitas 45.35%.,,,False,f_price_deviation_ratio=-1.0088 | f_buyer_supplier_repeat_count=0.5992 | f_is_q4=0.4041,"Peringkat investigatif paket ini adalah **Perlu Pantauan**.
Diturunkan dari triase model: Medium Risk dengan probabilitas 45.35%.
Model mengklasifikasikan paket ini sebagai **Medium Risk** dengan probabilitas 45.35%.
Catatan penting: ini adalah triase risiko, bukan bukti fraud final. Status kritis hanya boleh dinaikkan bila ada bukti resmi yang terhubung.
Faktor yang paling memengaruhi prediksi adalah:
- Rasio deviasi harga terhadap nilai tender bernilai 1 dan menurunkan skor risiko dengan kontribusi SHAP sekitar 1.0088.
- Frekuensi hubungan buyer-supplier berulang bernilai 1 dan meningkatkan skor risiko dengan kontribusi SHAP sekitar 0.5992.
- Waktu publikasi pada kuartal iv bernilai 0 dan meningkatkan skor risiko dengan kontribusi SHAP sekitar 0.4041.",,,,,,,
344,test,765,high_uncertainty,0.471963,False,0.099447,0.5,0.5,-0.099447,-0.343637,ocds-20h3g7-13694043,Lanjutan Peningkatan Jl. Garuda RT. 14 dan Jl. Padat Karya RT. 10 Sambaliung,2023-03-13 00:00:00+00:00,Pemerintah Daerah Kabupaten Berau,PT. WALET BERAU LESTARI,11650320000.0,11551366360.22,1,1,Medium Risk,0.443083,0.156363,0.443083,0.400553,1.017282,Perlu Pantauan,model_only,Diturunkan dari triase model: Medium Risk dengan probabilitas 44.31%.,,,False,f_buyer_supplier_repeat_count=-1.3589 | f_title_length=1.3518 | f_tender_value_log=-1.0560,"Peringkat investigatif paket ini adalah **Perlu Pantauan**.
Diturunkan dari triase model: Medium Risk dengan probabilitas 44.31%.
Model mengklasifikasikan paket ini sebagai **Medium Risk** dengan probabilitas 44.31%.
Catatan penting: ini adalah triase risiko, bukan bukti fraud final. Status kritis hanya boleh dinaikkan bila ada bukti resmi yang terhubung.
Faktor yang paling memengaruhi prediksi adalah:
- Frekuensi hubungan buyer-supplier berulang bernilai 6 dan menurunkan skor risiko dengan kontribusi SHAP sekitar 1.3589.
- Panjang judul tender bernilai 76 dan meningkatkan skor risiko dengan kontribusi SHAP sekitar 1.3518.
- Nilai tender bernilai 23.1786 dan menurunkan skor risiko dengan kontribusi SHAP sekitar 1.0560.",,,,,,,
345,test,85515,high_uncertainty,0.372548,False,0.216347,0.5,0.5,-0.216347,-0.303663,ocds-20h3g7-12935318,Jalan Arjuna (293),2023-09-26 00:00:00+00:00,Pemerintah Daerah Kota Cilegon,CV. QUALITY,302418304.62,294662524.37,1,1,Medium Risk,0.52001,0.196337,0.52001,0.283653,1.017064,Perlu Pantauan,model_only,Diturunkan dari triase model: Medium Risk dengan probabilitas 52.00%.,,,False,f_title_length=-2.3430 | f_is_q4=1.0209 | f_buyer_supplier_repeat_count=0.9039,"Peringkat investigatif paket ini adalah **Perlu Pantauan**.
Diturunkan dari triase model: Medium Risk dengan probabilitas 52.00%.
Model mengklasifikasikan paket ini sebagai **Medium Risk** dengan probabilitas 52.00%.
Catatan penting: ini adalah triase risiko, bukan bukti fraud final. Status kritis hanya boleh dinaikkan bila ada bukti resmi yang terhubung.
Faktor yang paling memengaruhi prediksi adalah:
- Panjang judul tender bernilai 18 dan menurunkan skor risiko dengan kontribusi SHAP sekitar 2.3430.
- Waktu publikasi pada kuartal iv bernilai 0 dan meningkatkan skor risiko dengan kontribusi SHAP sekitar 1.0209.
- Frekuensi hubungan buyer-supplier berulang bernilai 1 dan meningkatkan skor risiko dengan kontribusi SHAP sekitar 0.9039.",,,,,,,
346,test,68917,high_uncertainty,0.385061,False,0.201571,0.5,0.5,-0.201571,-0.31244,ocds-20h3g7-14009308,PENATAAN ROOFTOP,2023-07-28 00:00:00+00:00,Pemerintah Daerah Kota Medan,TRI PRIMA NUSANTARA,1999560765.62,1989826186.63,1,1,Medium Risk,0.514011,0.18756,0.514011,0.298429,1.016858,Perlu Pantauan,model_only,Diturunkan dari triase model: Medium Risk dengan probabilitas 51.40%.,,,False,f_title_length=-1.9351 | f_is_q4=1.2130 | f_buyer_supplier_repeat_count=0.7685,"Peringkat investigatif paket ini adalah **Perlu Pantauan**.
Diturunkan dari triase model: Medium Risk dengan probabilitas 51.40%.
Model mengklasifikasikan paket ini sebagai **Medium Risk** dengan probabilitas 51.40%.
Catatan penting: ini adalah triase risiko, bukan bukti fraud final. Status kritis hanya boleh dinaikkan bila ada bukti resmi yang terhubung.
Faktor yang paling memengaruhi prediksi adalah:
- Panjang judul tender bernilai 16 dan menurunkan skor risiko dengan kontribusi SHAP sekitar 1.9351.
- Waktu publikasi pada kuartal iv bernilai 0 dan meningkatkan skor risiko dengan kontribusi SHAP sekitar 1.2130.
- Frekuensi hubungan buyer-supplier berulang bernilai 0 dan meningkatkan skor risiko dengan kontribusi SHAP sekitar 0.7685.",,,,,,,
347,test,82863,high_uncertainty,0.506167,False,0.059044,0.5,0.5,-0.059044,-0.344488,ocds-20h3g7-4338194,Rehabilitasi Gedung TUK,2023-09-14 00:00:00+00:00,Kementerian Ketenagakerjaan,PT. ANGKASARAYA NUSANTARA,4000000000.0,2839982385.9,2,2,High Risk,0.440956,0.155512,0.403532,0.440956,1.016677,Risiko Tinggi,model_only,Diturunkan dari triase model: High Risk dengan probabilitas 44.10%.,,,False,f_supplier_recent_90d_award_count=3.7494 | f_buyer_supplier_repeat_count=-2.2186 | f_is_q4=-1.7364,"Peringkat investigatif paket ini adalah **Risiko Tinggi**.
Diturunkan dari triase model: High Risk dengan probabilitas 44.10%.
Model mengklasifikasikan paket ini sebagai **High Risk** dengan probabilitas 44.10%.
Catatan penting: ini adalah triase risiko, bukan bukti fraud final. Status kritis hanya boleh dinaikkan bila ada bukti resmi yang terhubung.
Faktor yang paling memengaruhi prediksi adalah:
- F supplier recent 90d award count bernilai 7 dan meningkatkan skor risiko dengan kontribusi SHAP sekitar 3.7494.
- Frekuensi hubungan buyer-supplier berulang bernilai 0 dan menurunkan skor risiko dengan kontribusi SHAP sekitar 2.2186.
- Waktu publikasi pada kuartal iv bernilai 0 dan menurunkan skor risiko dengan kontribusi SHAP sekitar 1.7364.",,,,,,,
348,test,16923,high_uncertainty,0.478175,False,0.091973,0.5,0.5,-0.091973,-0.344838,ocds-20h3g7-2432593,Pembangunan Jalan ruas Baruzo (Km. 26) - Hilizoi Kecamatan Gido,2023-04-11 00:00:00+00:00,Pemerintah Daerah Kabupaten Nias,CV TINUS PUTRA,6906730000.0,6834201000.0,1,1,Medium Risk,0.436811,0.155162,0.436811,0.408027,1.016666,Perlu Pantauan,model_only,Diturunkan dari triase model: Medium Risk dengan probabilitas 43.68%.,,,False,f_title_length=1.3897 | f_buyer_supplier_repeat_count=-1.2548 | f_tender_value_log=-1.1312,"Peringkat investigatif paket ini adalah **Perlu Pantauan**.
Diturunkan dari triase model: Medium Risk dengan probabilitas 43.68%.
Model mengklasifikasikan paket ini sebagai **Medium Risk** dengan probabilitas 43.68%.
Catatan penting: ini adalah triase risiko, bukan bukti fraud final. Status kritis hanya boleh dinaikkan bila ada bukti resmi yang terhubung.
Faktor yang paling memengaruhi prediksi adalah:
- Panjang judul tender bernilai 63 dan meningkatkan skor risiko dengan kontribusi SHAP sekitar 1.3897.
- Frekuensi hubungan buyer-supplier berulang bernilai 4 dan menurunkan skor risiko dengan kontribusi SHAP sekitar 1.2548.
- Nilai tender bernilai 22.6558 dan menurunkan skor risiko dengan kontribusi SHAP sekitar 1.1312.",,,,,,,
349,test,64525,high_uncertainty,0.378844,False,0.208754,0.5,0.5,-0.208754,-0.308916,ocds-20h3g7-4473464,Stable Kuda,2023-07-17 00:00:00+00:00,Pemerintah Daerah Kota Bima,CV. Pelita Mas Sejati,1049899373.54,832719498.83,1,1,Medium Risk,0.51767,0.191084,0.51767,0.291246,1.016372,Perlu Pantauan,model_only,Diturunkan dari triase model: Medium Risk dengan probabilitas 51.77%.,,,False,f_title_length=-2.3034 | f_is_q4=1.0278 | f_buyer_supplier_repeat_count=0.8246,"Peringkat investigatif paket ini adalah **Perlu Pantauan**.
Diturunkan dari triase model: Medium Risk dengan probabilitas 51.77%.
Model mengklasifikasikan paket ini sebagai **Medium Risk** dengan probabilitas 51.77%.
Catatan penting: ini adalah triase risiko, bukan bukti fraud final. Status kritis hanya boleh dinaikkan bila ada bukti resmi yang terhubung.
Faktor yang paling memengaruhi prediksi adalah:
- Panjang judul tender bernilai 11 dan menurunkan skor risiko dengan kontribusi SHAP sekitar 2.3034.
- Waktu publikasi pada kuartal iv bernilai 0 dan meningkatkan skor risiko dengan kontribusi SHAP sekitar 1.0278.
- Frekuensi hubungan buyer-supplier berulang bernilai 0 dan meningkatkan skor risiko dengan kontribusi SHAP sekitar 0.8246.",,,,,,,
350,test,66268,high_uncertainty,0.368972,False,0.22035,0.5,0.5,-0.22035,-0.301913,ocds-20h3g7-2725554,Dokumen KLHS,2023-07-21 00:00:00+00:00,Pemerintah Daerah Kota Tomohon,CV. JIOVANNO JAYA KONSULTAN,277555000.0,255522000.0,1,1,Medium Risk,0.522263,0.198087,0.522263,0.27965,1.016301,Perlu Pantauan,model_only,Diturunkan dari triase model: Medium Risk dengan probabilitas 52.23%.,,,False,f_title_length=-2.2349 | f_is_q4=1.0575 | f_supplier_recent_90d_award_count=0.8497,"Peringkat investigatif paket ini adalah **Perlu Pantauan**.
Diturunkan dari triase model: Medium Risk dengan probabilitas 52.23%.
Model mengklasifikasikan paket ini sebagai **Medium Risk** dengan probabilitas 52.23%.
Catatan penting: ini adalah triase risiko, bukan bukti fraud final. Status kritis hanya boleh dinaikkan bila ada bukti resmi yang terhubung.
Faktor yang paling memengaruhi prediksi adalah:
- Panjang judul tender bernilai 12 dan menurunkan skor risiko dengan kontribusi SHAP sekitar 2.2349.
- Waktu publikasi pada kuartal iv bernilai 0 dan meningkatkan skor risiko dengan kontribusi SHAP sekitar 1.0575.
- F supplier recent 90d award count bernilai 0 dan meningkatkan skor risiko dengan kontribusi SHAP sekitar 0.8497.",,,,,,,
351,test,19724,high_uncertainty,0.358483,False,0.232685,0.5,0.5,-0.232685,-0.293502,ocds-20h3g7-24601638,RENOVASI TAHAP 3,2023-04-18 00:00:00+00:00,Kementerian Pertahanan,CV. RAJAWALI,2698426000.0,2695427953.5,1,1,Medium Risk,0.526187,0.206498,0.526187,0.267315,1.016284,Perlu Pantauan,model_only,Diturunkan dari triase model: Medium Risk dengan probabilitas 52.62%.,,,False,f_title_length=-2.3940 | f_is_q4=1.0389 | f_buyer_supplier_repeat_count=0.8600,"Peringkat investigatif paket ini adalah **Perlu Pantauan**.
Diturunkan dari triase model: Medium Risk dengan probabilitas 52.62%.
Model mengklasifikasikan paket ini sebagai **Medium Risk** dengan probabilitas 52.62%.
Catatan penting: ini adalah triase risiko, bukan bukti fraud final. Status kritis hanya boleh dinaikkan bila ada bukti resmi yang terhubung.
Faktor yang paling memengaruhi prediksi adalah:
- Panjang judul tender bernilai 16 dan menurunkan skor risiko dengan kontribusi SHAP sekitar 2.3940.
- Waktu publikasi pada kuartal iv bernilai 0 dan meningkatkan skor risiko dengan kontribusi SHAP sekitar 1.0389.
- Frekuensi hubungan buyer-supplier berulang bernilai 0 dan meningkatkan skor risiko dengan kontribusi SHAP sekitar 0.8600.",,,,,,,
352,test,41555,high_uncertainty,0.376461,False,0.211497,0.5,0.5,-0.211497,-0.307546,ocds-20h3g7-598487,Bangunan Industri,2023-06-06 00:00:00+00:00,Pemerintah Daerah Kabupaten Lombok Utara,CV. TIGA SERANGKAI,982440000.0,952380199.58,1,1,Medium Risk,0.519043,0.192454,0.519043,0.288503,1.01614,Perlu Pantauan,model_only,Diturunkan dari triase model: Medium Risk dengan probabilitas 51.90%.,,,False,f_title_length=-1.9302 | f_is_q4=1.2171 | f_buyer_supplier_repeat_count=0.7641,"Peringkat investigatif paket ini adalah **Perlu Pantauan**.
Diturunkan dari triase model: Medium Risk dengan probabilitas 51.90%.
Model mengklasifikasikan paket ini sebagai **Medium Risk** dengan probabilitas 51.90%.
Catatan penting: ini adalah triase risiko, bukan bukti fraud final. Status kritis hanya boleh dinaikkan bila ada bukti resmi yang terhubung.
Faktor yang paling memengaruhi prediksi adalah:
- Panjang judul tender bernilai 17 dan menurunkan skor risiko dengan kontribusi SHAP sekitar 1.9302.
- Waktu publikasi pada kuartal iv bernilai 0 dan meningkatkan skor risiko dengan kontribusi SHAP sekitar 1.2171.
- Frekuensi hubungan buyer-supplier berulang bernilai 0 dan meningkatkan skor risiko dengan kontribusi SHAP sekitar 0.7641.",,,,,,,
353,test,42417,high_uncertainty,0.370184,False,0.218813,0.5,0.5,-0.218813,-0.30332,ocds-20h3g7-3697715,Pengadaan Obat,2023-06-07 00:00:00+00:00,Pemerintah Daerah Kabupaten Kepulauan Sula,PT. Rimatandu Motaro Pratama,2436778636.59,2372889294.0,1,1,Medium Risk,0.522133,0.19668,0.522133,0.281187,1.015888,Perlu Pantauan,model_only,Diturunkan dari triase model: Medium Risk dengan probabilitas 52.21%.,,,False,f_title_length=-1.8862 | f_is_q4=1.2236 | f_buyer_supplier_repeat_count=0.7193,"Peringkat investigatif paket ini adalah **Perlu Pantauan**.
Diturunkan dari triase model: Medium Risk dengan probabilitas 52.21%.
Model mengklasifikasikan paket ini sebagai **Medium Risk** dengan probabilitas 52.21%.
Catatan penting: ini adalah triase risiko, bukan bukti fraud final. Status kritis hanya boleh dinaikkan bila ada bukti resmi yang terhubung.
Faktor yang paling memengaruhi prediksi adalah:
- Panjang judul tender bernilai 14 dan menurunkan skor risiko dengan kontribusi SHAP sekitar 1.8862.
- Waktu publikasi pada kuartal iv bernilai 0 dan meningkatkan skor risiko dengan kontribusi SHAP sekitar 1.2236.
- Frekuensi hubungan buyer-supplier berulang bernilai 0 dan meningkatkan skor risiko dengan kontribusi SHAP sekitar 0.7193.",,,,,,,
354,test,48277,high_uncertainty,0.372481,False,0.216091,0.5,0.5,-0.216091,-0.3051,ocds-20h3g7-4952434,DED IPLT KAB.LAHAT,2023-06-15 00:00:00+00:00,Pemerintah Daerah Kabupaten Lahat,CV. LENEA Consultant,299700000.0,294199950.0,1,1,Medium Risk,0.521191,0.1949,0.521191,0.283909,1.015812,Perlu Pantauan,model_only,Diturunkan dari triase model: Medium Risk dengan probabilitas 52.12%.,,,False,f_title_length=-2.3036 | f_is_q4=0.9905 | f_buyer_supplier_repeat_count=0.8734,"Peringkat investigatif paket ini adalah **Perlu Pantauan**.
Diturunkan dari triase model: Medium Risk dengan probabilitas 52.12%.
Model mengklasifikasikan paket ini sebagai **Medium Risk** dengan probabilitas 52.12%.
Catatan penting: ini adalah triase risiko, bukan bukti fraud final. Status kritis hanya boleh dinaikkan bila ada bukti resmi yang terhubung.
Faktor yang paling memengaruhi prediksi adalah:
- Panjang judul tender bernilai 18 dan menurunkan skor risiko dengan kontribusi SHAP sekitar 2.3036.
- Waktu publikasi pada kuartal iv bernilai 0 dan meningkatkan skor risiko dengan kontribusi SHAP sekitar 0.9905.
- Frekuensi hubungan buyer-supplier berulang bernilai 1 dan meningkatkan skor risiko dengan kontribusi SHAP sekitar 0.8734.",,,,,,,
355,test,32927,high_uncertainty,0.378823,False,0.208619,0.5,0.5,-0.208619,-0.309594,ocds-20h3g7-2850155,DI. Sei. Lempur,2023-05-23 00:00:00+00:00,Pemerintah Daerah Kabupaten Kerinci,cv. Mitra Berkah,300000000.0,293027475.97,1,1,Medium Risk,0.518213,0.190406,0.518213,0.291381,1.015773,Perlu Pantauan,model_only,Diturunkan dari triase model: Medium Risk dengan probabilitas 51.82%.,,,False,f_title_length=-2.0896 | f_is_q4=1.1443 | f_buyer_supplier_repeat_count=0.7817,"Peringkat investigatif paket ini adalah **Perlu Pantauan**.
Diturunkan dari triase model: Medium Risk dengan probabilitas 51.82%.
Model mengklasifikasikan paket ini sebagai **Medium Risk** dengan probabilitas 51.82%.
Catatan penting: ini adalah triase risiko, bukan bukti fraud final. Status kritis hanya boleh dinaikkan bila ada bukti resmi yang terhubung.
Faktor yang paling memengaruhi prediksi adalah:
- Panjang judul tender bernilai 15 dan menurunkan skor risiko dengan kontribusi SHAP sekitar 2.0896.
- Waktu publikasi pada kuartal iv bernilai 0 dan meningkatkan skor risiko dengan kontribusi SHAP sekitar 1.1443.
- Frekuensi hubungan buyer-supplier berulang bernilai 0 dan meningkatkan skor risiko dengan kontribusi SHAP sekitar 0.7817.",,,,,,,
356,test,5544,high_uncertainty,0.361888,False,0.097126,0.5,0.5,-0.345336,-0.097126,ocds-20h3g7-1169546,Pengadaan Harwat Gedung Kantor Rumkit Bhayangkara TK II Medan T.A. 2023,2023-03-21 00:00:00+00:00,Kepolisian Negara Republik Indonesia,CV. Pelawi Jaya,2450000000.0,2450000000.0,1,1,Medium Risk,0.442461,0.402874,0.442461,0.154664,1.01573,Perlu Pantauan,model_only,Diturunkan dari triase model: Medium Risk dengan probabilitas 44.25%.,,,False,f_price_deviation_ratio=-1.1114 | f_buyer_supplier_repeat_count=0.6687 | f_supplier_recent_90d_award_count=0.3989,"Peringkat investigatif paket ini adalah **Perlu Pantauan**.
Diturunkan dari triase model: Medium Risk dengan probabilitas 44.25%.
Model mengklasifikasikan paket ini sebagai **Medium Risk** dengan probabilitas 44.25%.
Catatan penting: ini adalah triase risiko, bukan bukti fraud final. Status kritis hanya boleh dinaikkan bila ada bukti resmi yang terhubung.
Faktor yang paling memengaruhi prediksi adalah:
- Rasio deviasi harga terhadap nilai tender bernilai 1 dan menurunkan skor risiko dengan kontribusi SHAP sekitar 1.1114.
- Frekuensi hubungan buyer-supplier berulang bernilai 1 dan meningkatkan skor risiko dengan kontribusi SHAP sekitar 0.6687.
- F supplier recent 90d award count bernilai 0 dan meningkatkan skor risiko dengan kontribusi SHAP sekitar 0.3989.",,,,,,,
357,test,38583,high_uncertainty,0.369457,False,0.219607,0.5,0.5,-0.219607,-0.303052,ocds-20h3g7-5078330,Pembangunan TPA,2023-05-31 00:00:00+00:00,Pemerintah Daerah Kabupaten Aceh Tenggara,CV. RJ GROUP,500000000.0,420000000.0,1,1,Medium Risk,0.522659,0.196948,0.522659,0.280393,1.015656,Perlu Pantauan,model_only,Diturunkan dari triase model: Medium Risk dengan probabilitas 52.27%.,,,False,f_title_length=-2.2260 | f_is_q4=1.0371 | f_supplier_recent_90d_award_count=0.8371,"Peringkat investigatif paket ini adalah **Perlu Pantauan**.
Diturunkan dari triase model: Medium Risk dengan probabilitas 52.27%.
Model mengklasifikasikan paket ini sebagai **Medium Risk** dengan probabilitas 52.27%.
Catatan penting: ini adalah triase risiko, bukan bukti fraud final. Status kritis hanya boleh dinaikkan bila ada bukti resmi yang terhubung.
Faktor yang paling memengaruhi prediksi adalah:
- Panjang judul tender bernilai 15 dan menurunkan skor risiko dengan kontribusi SHAP sekitar 2.2260.
- Waktu publikasi pada kuartal iv bernilai 0 dan meningkatkan skor risiko dengan kontribusi SHAP sekitar 1.0371.
- F supplier recent 90d award count bernilai 0 dan meningkatkan skor risiko dengan kontribusi SHAP sekitar 0.8371.",,,,,,,
358,test,68041,high_uncertainty,0.40133,False,0.182008,0.5,0.5,-0.182008,-0.323531,ocds-20h3g7-38533011,Pengadaan Jasa Professional Conference Organizer (PCO) Penyelenggaraan Penerimaan Delegasi Para Kepala Negara/ Pemerintahan Pada Konferensi Tingkat Tinggi ke-43 ASEAN Tahun 2023,2023-07-26 00:00:00+00:00,Kementerian Sekretariat Negara,PT PACTOCONVEX NIAGATAMA,410204693325.46,409999343956.37,1,1,Medium Risk,0.505539,0.176469,0.505539,0.317992,1.01528,Perlu Pantauan,model_only,Diturunkan dari triase model: Medium Risk dengan probabilitas 50.55%.,,,False,f_tender_value_zscore_buyer=-1.6880 | f_title_length=1.0235 | f_buyer_supplier_repeat_count=0.8144,"Peringkat investigatif paket ini adalah **Perlu Pantauan**.
Diturunkan dari triase model: Medium Risk dengan probabilitas 50.55%.
Model mengklasifikasikan paket ini sebagai **Medium Risk** dengan probabilitas 50.55%.
Catatan penting: ini adalah triase risiko, bukan bukti fraud final. Status kritis hanya boleh dinaikkan bila ada bukti resmi yang terhubung.
Faktor yang paling memengaruhi prediksi adalah:
- F tender value zscore buyer bernilai 22.3629 dan menurunkan skor risiko dengan kontribusi SHAP sekitar 1.6880.
- Panjang judul tender bernilai 177 dan meningkatkan skor risiko dengan kontribusi SHAP sekitar 1.0235.
- Frekuensi hubungan buyer-supplier berulang bernilai 1 dan meningkatkan skor risiko dengan kontribusi SHAP sekitar 0.8144.",,,,,,,
359,test,64506,high_uncertainty,0.373755,False,0.214231,0.5,0.5,-0.214231,-0.307597,ocds-20h3g7-4410464,Pondok Wisata Kolo,2023-07-17 00:00:00+00:00,Pemerintah Daerah Kota Bima,CV. Surya Prima Lestari,599612957.92,569586750.86,1,1,Medium Risk,0.521828,0.192403,0.521828,0.285769,1.014464,Perlu Pantauan,model_only,Diturunkan dari triase model: Medium Risk dengan probabilitas 52.18%.,,,False,f_title_length=-2.2067 | f_is_q4=1.0283 | f_buyer_supplier_repeat_count=0.8817,"Peringkat investigatif paket ini adalah **Perlu Pantauan**.
Diturunkan dari triase model: Medium Risk dengan probabilitas 52.18%.
Model mengklasifikasikan paket ini sebagai **Medium Risk** dengan probabilitas 52.18%.
Catatan penting: ini adalah triase risiko, bukan bukti fraud final. Status kritis hanya boleh dinaikkan bila ada bukti resmi yang terhubung.
Faktor yang paling memengaruhi prediksi adalah:
- Panjang judul tender bernilai 18 dan menurunkan skor risiko dengan kontribusi SHAP sekitar 2.2067.
- Waktu publikasi pada kuartal iv bernilai 0 dan meningkatkan skor risiko dengan kontribusi SHAP sekitar 1.0283.
- Frekuensi hubungan buyer-supplier berulang bernilai 0 dan meningkatkan skor risiko dengan kontribusi SHAP sekitar 0.8817.",,,,,,,
360,test,82459,high_uncertainty,0.371319,False,0.217093,0.5,0.5,-0.217093,-0.305858,ocds-20h3g7-2862612,RTJK,2023-09-13 00:00:00+00:00,Kementerian Desa Pembangunan Daerah Tertinggal dan Transmigrasi RI,CV.SUMBA MELATI,374958547.51,374092000.0,1,1,Medium Risk,0.522952,0.194142,0.522952,0.282907,1.014451,Perlu Pantauan,model_only,Diturunkan dari triase model: Medium Risk dengan probabilitas 52.30%.,,,False,f_title_length=-2.0406 | f_is_q4=1.1697 | f_buyer_supplier_repeat_count=0.7857,"Peringkat investigatif paket ini adalah **Perlu Pantauan**.
Diturunkan dari triase model: Medium Risk dengan probabilitas 52.30%.
Model mengklasifikasikan paket ini sebagai **Medium Risk** dengan probabilitas 52.30%.
Catatan penting: ini adalah triase risiko, bukan bukti fraud final. Status kritis hanya boleh dinaikkan bila ada bukti resmi yang terhubung.
Faktor yang paling memengaruhi prediksi adalah:
- Panjang judul tender bernilai 4 dan menurunkan skor risiko dengan kontribusi SHAP sekitar 2.0406.
- Waktu publikasi pada kuartal iv bernilai 0 dan meningkatkan skor risiko dengan kontribusi SHAP sekitar 1.1697.
- Frekuensi hubungan buyer-supplier berulang bernilai 0 dan meningkatkan skor risiko dengan kontribusi SHAP sekitar 0.7857.",,,,,,,
361,test,78950,high_uncertainty,0.385097,False,0.200878,0.5,0.5,-0.200878,-0.315199,ocds-20h3g7-2562301,Rehab SDN 23 TALAMAU,2023-08-31 00:00:00+00:00,Pemerintah Daerah Kabupaten Pasaman Barat,cv.putra sikumbang,239992836.82,192147939.04,1,1,Medium Risk,0.516077,0.184801,0.516077,0.299122,1.014428,Perlu Pantauan,model_only,Diturunkan dari triase model: Medium Risk dengan probabilitas 51.61%.,,,False,f_title_length=-0.8647 | f_is_q4=0.7513 | f_buyer_supplier_repeat_count=0.6926,"Peringkat investigatif paket ini adalah **Perlu Pantauan**.
Diturunkan dari triase model: Medium Risk dengan probabilitas 51.61%.
Model mengklasifikasikan paket ini sebagai **Medium Risk** dengan probabilitas 51.61%.
Catatan penting: ini adalah triase risiko, bukan bukti fraud final. Status kritis hanya boleh dinaikkan bila ada bukti resmi yang terhubung.
Faktor yang paling memengaruhi prediksi adalah:
- Panjang judul tender bernilai 20 dan menurunkan skor risiko dengan kontribusi SHAP sekitar 0.8647.
- Waktu publikasi pada kuartal iv bernilai 0 dan meningkatkan skor risiko dengan kontribusi SHAP sekitar 0.7513.
- Frekuensi hubungan buyer-supplier berulang bernilai 0 dan meningkatkan skor risiko dengan kontribusi SHAP sekitar 0.6926.",,,,,,,
362,test,44365,high_uncertainty,0.390263,False,0.194789,0.5,0.5,-0.194789,-0.318378,ocds-20h3g7-25029638,Belanja Jasa lainnya Digitalisasi UMKM (Yogyakarta) Sterad,2023-06-09 00:00:00+00:00,Kementerian Pertahanan,PT. TARA TAMA INDONESIA,547607000.0,547607000.0,1,1,Medium Risk,0.513167,0.181622,0.513167,0.305211,1.014387,Perlu Pantauan,model_only,Diturunkan dari triase model: Medium Risk dengan probabilitas 51.32%.,,,False,f_price_deviation_ratio=-2.5918 | f_is_q4=0.9687 | f_buyer_supplier_repeat_count=0.8209,"Peringkat investigatif paket ini adalah **Perlu Pantauan**.
Diturunkan dari triase model: Medium Risk dengan probabilitas 51.32%.
Model mengklasifikasikan paket ini sebagai **Medium Risk** dengan probabilitas 51.32%.
Catatan penting: ini adalah triase risiko, bukan bukti fraud final. Status kritis hanya boleh dinaikkan bila ada bukti resmi yang terhubung.
Faktor yang paling memengaruhi prediksi adalah:
- Rasio deviasi harga terhadap nilai tender bernilai 1 dan menurunkan skor risiko dengan kontribusi SHAP sekitar 2.5918.
- Waktu publikasi pada kuartal iv bernilai 0 dan meningkatkan skor risiko dengan kontribusi SHAP sekitar 0.9687.
- Frekuensi hubungan buyer-supplier berulang bernilai 0 dan meningkatkan skor risiko dengan kontribusi SHAP sekitar 0.8209.",,,,,,,
363,test,41562,high_uncertainty,0.375598,False,0.211992,0.5,0.5,-0.211992,-0.309198,ocds-20h3g7-599487,Bangunan Industri,2023-06-06 00:00:00+00:00,Pemerintah Daerah Kabupaten Lombok Utara,CV. MAJU BERLIAN,974400000.0,954852155.05,1,1,Medium Risk,0.52119,0.190802,0.52119,0.288008,1.014199,Perlu Pantauan,model_only,Diturunkan dari triase model: Medium Risk dengan probabilitas 52.12%.,,,False,f_title_length=-1.9148 | f_is_q4=1.2131 | f_buyer_supplier_repeat_count=0.7687,"Peringkat investigatif paket ini adalah **Perlu Pantauan**.
Diturunkan dari triase model: Medium Risk dengan probabilitas 52.12%.
Model mengklasifikasikan paket ini sebagai **Medium Risk** dengan probabilitas 52.12%.
Catatan penting: ini adalah triase risiko, bukan bukti fraud final. Status kritis hanya boleh dinaikkan bila ada bukti resmi yang terhubung.
Faktor yang paling memengaruhi prediksi adalah:
- Panjang judul tender bernilai 17 dan menurunkan skor risiko dengan kontribusi SHAP sekitar 1.9148.
- Waktu publikasi pada kuartal iv bernilai 0 dan meningkatkan skor risiko dengan kontribusi SHAP sekitar 1.2131.
- Frekuensi hubungan buyer-supplier berulang bernilai 0 dan meningkatkan skor risiko dengan kontribusi SHAP sekitar 0.7687.",,,,,,,
364,test,29220,high_uncertainty,0.457849,False,0.115116,0.5,0.5,-0.115116,-0.344861,ocds-20h3g7-2197525,PENANGANAN LONG SEGMENT JALAN E.A. MOKODOMPIT,2023-05-16 00:00:00+00:00,Pemerintah Daerah Kabupaten Konawe,CV. AZHAN GEMILANG,5296990000.0,5239504128.95,1,1,Medium Risk,0.459978,0.155139,0.459978,0.384884,1.013791,Perlu Pantauan,model_only,Diturunkan dari triase model: Medium Risk dengan probabilitas 46.00%.,,,False,f_tender_value_log=-1.3690 | f_buyer_supplier_repeat_count=0.8936 | f_is_q4=0.8622,"Peringkat investigatif paket ini adalah **Perlu Pantauan**.
Diturunkan dari triase model: Medium Risk dengan probabilitas 46.00%.
Model mengklasifikasikan paket ini sebagai **Medium Risk** dengan probabilitas 46.00%.
Catatan penting: ini adalah triase risiko, bukan bukti fraud final. Status kritis hanya boleh dinaikkan bila ada bukti resmi yang terhubung.
Faktor yang paling memengaruhi prediksi adalah:
- Nilai tender bernilai 22.3904 dan menurunkan skor risiko dengan kontribusi SHAP sekitar 1.3690.
- Frekuensi hubungan buyer-supplier berulang bernilai 0 dan meningkatkan skor risiko dengan kontribusi SHAP sekitar 0.8936.
- Waktu publikasi pada kuartal iv bernilai 0 dan meningkatkan skor risiko dengan kontribusi SHAP sekitar 0.8622.",,,,,,,
365,test,72778,high_uncertainty,0.377558,False,0.209576,0.5,0.5,-0.209576,-0.311012,ocds-20h3g7-7919641,DED ATCS,2023-08-09 00:00:00+00:00,Pemerintah Daerah Provinsi Papua Barat,PT. MULIA ARTHALOKA,399999600.0,396403000.0,1,1,Medium Risk,0.520588,0.188988,0.520588,0.290424,1.013789,Perlu Pantauan,model_only,Diturunkan dari triase model: Medium Risk dengan probabilitas 52.06%.,,,False,f_title_length=-2.2439 | f_is_q4=0.9930 | f_buyer_supplier_repeat_count=0.9077,"Peringkat investigatif paket ini adalah **Perlu Pantauan**.
Diturunkan dari triase model: Medium Risk dengan probabilitas 52.06%.
Model mengklasifikasikan paket ini sebagai **Medium Risk** dengan probabilitas 52.06%.
Catatan penting: ini adalah triase risiko, bukan bukti fraud final. Status kritis hanya boleh dinaikkan bila ada bukti resmi yang terhubung.
Faktor yang paling memengaruhi prediksi adalah:
- Panjang judul tender bernilai 8 dan menurunkan skor risiko dengan kontribusi SHAP sekitar 2.2439.
- Waktu publikasi pada kuartal iv bernilai 0 dan meningkatkan skor risiko dengan kontribusi SHAP sekitar 0.9930.
- Frekuensi hubungan buyer-supplier berulang bernilai 1 dan meningkatkan skor risiko dengan kontribusi SHAP sekitar 0.9077.",,,,,,,
366,test,28003,high_uncertainty,0.380204,False,0.206437,0.5,0.5,-0.206437,-0.312891,ocds-20h3g7-560487,Bangunan Industri,2023-05-13 00:00:00+00:00,Pemerintah Daerah Kabupaten Lombok Utara,CV FENTA JAYA,1640306000.0,1620250000.0,1,1,Medium Risk,0.519327,0.187109,0.519327,0.293563,1.01369,Perlu Pantauan,model_only,Diturunkan dari triase model: Medium Risk dengan probabilitas 51.93%.,,,False,f_title_length=-1.9756 | f_is_q4=1.2546 | f_buyer_supplier_repeat_count=0.8237,"Peringkat investigatif paket ini adalah **Perlu Pantauan**.
Diturunkan dari triase model: Medium Risk dengan probabilitas 51.93%.
Model mengklasifikasikan paket ini sebagai **Medium Risk** dengan probabilitas 51.93%.
Catatan penting: ini adalah triase risiko, bukan bukti fraud final. Status kritis hanya boleh dinaikkan bila ada bukti resmi yang terhubung.
Faktor yang paling memengaruhi prediksi adalah:
- Panjang judul tender bernilai 17 dan menurunkan skor risiko dengan kontribusi SHAP sekitar 1.9756.
- Waktu publikasi pada kuartal iv bernilai 0 dan meningkatkan skor risiko dengan kontribusi SHAP sekitar 1.2546.
- Frekuensi hubungan buyer-supplier berulang bernilai 1 dan meningkatkan skor risiko dengan kontribusi SHAP sekitar 0.8237.",,,,,,,
367,test,77633,high_uncertainty,0.41538,False,0.16503,0.5,0.5,-0.16503,-0.331915,ocds-20h3g7-10946192,",Belanja Modal Bangunan Fasilitas Umum (area stadion gajayana)",2023-08-28 00:00:00+00:00,Pemerintah Daerah Kota Malang,CV. MITRA UTAMA,6172059306.18,4300727790.79,1,1,Medium Risk,0.496946,0.168085,0.496946,0.33497,1.013606,Perlu Pantauan,model_only,Diturunkan dari triase model: Medium Risk dengan probabilitas 49.69%.,,,False,f_price_deviation_ratio=-1.9415 | f_title_length=1.0765 | f_tender_value_log=-1.0401,"Peringkat investigatif paket ini adalah **Perlu Pantauan**.
Diturunkan dari triase model: Medium Risk dengan probabilitas 49.69%.
Model mengklasifikasikan paket ini sebagai **Medium Risk** dengan probabilitas 49.69%.
Catatan penting: ini adalah triase risiko, bukan bukti fraud final. Status kritis hanya boleh dinaikkan bila ada bukti resmi yang terhubung.
Faktor yang paling memengaruhi prediksi adalah:
- Rasio deviasi harga terhadap nilai tender bernilai 0.6968 dan menurunkan skor risiko dengan kontribusi SHAP sekitar 1.9415.
- Panjang judul tender bernilai 62 dan meningkatkan skor risiko dengan kontribusi SHAP sekitar 1.0765.
- Nilai tender bernilai 22.5433 dan menurunkan skor risiko dengan kontribusi SHAP sekitar 1.0401.",,,,,,,
368,test,68441,high_uncertainty,0.446798,False,0.128045,0.5,0.5,-0.128045,-0.34266,ocds-20h3g7-23096252,Pengadaan Pekerjaan Konstruksi Pembangunan Blok Hunian dan Pagar Pembatas Area pada Lembaga Pemasyarakatan Kelas IIA Sibolga - Sumatera Utara Tahun Anggaran 2023,2023-07-27 00:00:00+00:00,Kementerian Hukum Dan Hak Asasi Manusia RI,PT. WARGA ABADI SEJAHTERA,27358595385.1,27319585343.81,1,1,Medium Risk,0.470705,0.15734,0.470705,0.371955,1.01352,Perlu Pantauan,model_only,Diturunkan dari triase model: Medium Risk dengan probabilitas 47.07%.,,,False,f_title_length=1.3051 | f_buyer_supplier_repeat_count=-1.2766 | f_tender_value_log=-1.0051,"Peringkat investigatif paket ini adalah **Perlu Pantauan**.
Diturunkan dari triase model: Medium Risk dengan probabilitas 47.07%.
Model mengklasifikasikan paket ini sebagai **Medium Risk** dengan probabilitas 47.07%.
Catatan penting: ini adalah triase risiko, bukan bukti fraud final. Status kritis hanya boleh dinaikkan bila ada bukti resmi yang terhubung.
Faktor yang paling memengaruhi prediksi adalah:
- Panjang judul tender bernilai 161 dan meningkatkan skor risiko dengan kontribusi SHAP sekitar 1.3051.
- Frekuensi hubungan buyer-supplier berulang bernilai 6 dan menurunkan skor risiko dengan kontribusi SHAP sekitar 1.2766.
- Nilai tender bernilai 24.0323 dan menurunkan skor risiko dengan kontribusi SHAP sekitar 1.0051.",,,,,,,
369,test,63413,high_uncertainty,0.382547,False,0.203621,0.5,0.5,-0.203621,-0.314657,ocds-20h3g7-5788639,Dooking Kapal,2023-07-13 00:00:00+00:00,Pemerintah Daerah Kabupaten Mimika,PT.SAMUDERA PURANABILE ABADI,2300000000.0,2184495624.96,1,1,Medium Risk,0.518279,0.185343,0.518279,0.296379,1.01347,Perlu Pantauan,model_only,Diturunkan dari triase model: Medium Risk dengan probabilitas 51.83%.,,,False,f_title_length=-2.1570 | f_is_q4=1.0301 | f_supplier_recent_90d_award_count=0.8863,"Peringkat investigatif paket ini adalah **Perlu Pantauan**.
Diturunkan dari triase model: Medium Risk dengan probabilitas 51.83%.
Model mengklasifikasikan paket ini sebagai **Medium Risk** dengan probabilitas 51.83%.
Catatan penting: ini adalah triase risiko, bukan bukti fraud final. Status kritis hanya boleh dinaikkan bila ada bukti resmi yang terhubung.
Faktor yang paling memengaruhi prediksi adalah:
- Panjang judul tender bernilai 13 dan menurunkan skor risiko dengan kontribusi SHAP sekitar 2.1570.
- Waktu publikasi pada kuartal iv bernilai 0 dan meningkatkan skor risiko dengan kontribusi SHAP sekitar 1.0301.
- F supplier recent 90d award count bernilai 1 dan meningkatkan skor risiko dengan kontribusi SHAP sekitar 0.8863.",,,,,,,
370,test,19355,high_uncertainty,0.478675,False,0.090526,0.5,0.5,-0.090526,-0.347999,ocds-20h3g7-23565198,Pembangunan Gedung Pemerintah ex Puskesmas Rapak Mahang,2023-04-16 00:00:00+00:00,Pemerintah Daerah Kabupaten Kutai Kartanegara,CV. PUTRA SEMAYANG,8557749000.0,8379144059.85,1,1,Medium Risk,0.438525,0.152001,0.438525,0.409474,1.013455,Perlu Pantauan,model_only,Diturunkan dari triase model: Medium Risk dengan probabilitas 43.85%.,,,False,f_tender_value_log=-1.5374 | f_buyer_supplier_repeat_count=0.9006 | f_is_q4=0.8865,"Peringkat investigatif paket ini adalah **Perlu Pantauan**.
Diturunkan dari triase model: Medium Risk dengan probabilitas 43.85%.
Model mengklasifikasikan paket ini sebagai **Medium Risk** dengan probabilitas 43.85%.
Catatan penting: ini adalah triase risiko, bukan bukti fraud final. Status kritis hanya boleh dinaikkan bila ada bukti resmi yang terhubung.
Faktor yang paling memengaruhi prediksi adalah:
- Nilai tender bernilai 22.8701 dan menurunkan skor risiko dengan kontribusi SHAP sekitar 1.5374.
- Frekuensi hubungan buyer-supplier berulang bernilai 1 dan meningkatkan skor risiko dengan kontribusi SHAP sekitar 0.9006.
- Waktu publikasi pada kuartal iv bernilai 0 dan meningkatkan skor risiko dengan kontribusi SHAP sekitar 0.8865.",,,,,,,
371,test,64271,high_uncertainty,0.365271,False,0.223877,0.5,0.5,-0.223877,-0.302782,ocds-20h3g7-92298114,DED Gedung Kantor,2023-07-14 00:00:00+00:00,Kementerian Perhubungan,CV.Matra Cipta,515271435.0,479931810.0,1,1,Medium Risk,0.526659,0.197218,0.526659,0.276123,1.013213,Perlu Pantauan,model_only,Diturunkan dari triase model: Medium Risk dengan probabilitas 52.67%.,,,False,f_title_length=-2.2885 | f_is_q4=0.9814 | f_buyer_supplier_repeat_count=0.8407,"Peringkat investigatif paket ini adalah **Perlu Pantauan**.
Diturunkan dari triase model: Medium Risk dengan probabilitas 52.67%.
Model mengklasifikasikan paket ini sebagai **Medium Risk** dengan probabilitas 52.67%.
Catatan penting: ini adalah triase risiko, bukan bukti fraud final. Status kritis hanya boleh dinaikkan bila ada bukti resmi yang terhubung.
Faktor yang paling memengaruhi prediksi adalah:
- Panjang judul tender bernilai 17 dan menurunkan skor risiko dengan kontribusi SHAP sekitar 2.2885.
- Waktu publikasi pada kuartal iv bernilai 0 dan meningkatkan skor risiko dengan kontribusi SHAP sekitar 0.9814.
- Frekuensi hubungan buyer-supplier berulang bernilai 0 dan meningkatkan skor risiko dengan kontribusi SHAP sekitar 0.8407.",,,,,,,
372,test,57811,high_uncertainty,0.376493,False,0.210667,0.5,0.5,-0.210667,-0.310979,ocds-20h3g7-6824120,Tempat Parkir,2023-06-30 00:00:00+00:00,Pemerintah Daerah Kabupaten Lombok Tengah,CV KEPITING JAYA,500000000.0,478906787.86,1,1,Medium Risk,0.521646,0.189021,0.521646,0.289333,1.013183,Perlu Pantauan,model_only,Diturunkan dari triase model: Medium Risk dengan probabilitas 52.16%.,,,False,f_title_length=-1.9145 | f_is_q4=1.1811 | f_buyer_supplier_repeat_count=0.7787,"Peringkat investigatif paket ini adalah **Perlu Pantauan**.
Diturunkan dari triase model: Medium Risk dengan probabilitas 52.16%.
Model mengklasifikasikan paket ini sebagai **Medium Risk** dengan probabilitas 52.16%.
Catatan penting: ini adalah triase risiko, bukan bukti fraud final. Status kritis hanya boleh dinaikkan bila ada bukti resmi yang terhubung.
Faktor yang paling memengaruhi prediksi adalah:
- Panjang judul tender bernilai 13 dan menurunkan skor risiko dengan kontribusi SHAP sekitar 1.9145.
- Waktu publikasi pada kuartal iv bernilai 0 dan meningkatkan skor risiko dengan kontribusi SHAP sekitar 1.1811.
- Frekuensi hubungan buyer-supplier berulang bernilai 0 dan meningkatkan skor risiko dengan kontribusi SHAP sekitar 0.7787.",,,,,,,
373,test,14159,high_uncertainty,0.364479,False,0.224681,0.5,0.5,-0.224681,-0.302738,ocds-20h3g7-19361170,Pembangunan KUA,2023-04-04 00:00:00+00:00,Kementerian Agama,CV.BUANA PERKASA,1056993337.5,1052039053.01,1,1,Medium Risk,0.527419,0.197262,0.527419,0.275319,1.012735,Perlu Pantauan,model_only,Diturunkan dari triase model: Medium Risk dengan probabilitas 52.74%.,,,False,f_title_length=-2.2702 | f_is_q4=1.0618 | f_buyer_supplier_repeat_count=0.8772,"Peringkat investigatif paket ini adalah **Perlu Pantauan**.
Diturunkan dari triase model: Medium Risk dengan probabilitas 52.74%.
Model mengklasifikasikan paket ini sebagai **Medium Risk** dengan probabilitas 52.74%.
Catatan penting: ini adalah triase risiko, bukan bukti fraud final. Status kritis hanya boleh dinaikkan bila ada bukti resmi yang terhubung.
Faktor yang paling memengaruhi prediksi adalah:
- Panjang judul tender bernilai 15 dan menurunkan skor risiko dengan kontribusi SHAP sekitar 2.2702.
- Waktu publikasi pada kuartal iv bernilai 0 dan meningkatkan skor risiko dengan kontribusi SHAP sekitar 1.0618.
- Frekuensi hubungan buyer-supplier berulang bernilai 0 dan meningkatkan skor risiko dengan kontribusi SHAP sekitar 0.8772.",,,,,,,
374,test,70732,high_uncertainty,0.40963,False,0.171458,0.5,0.5,-0.171458,-0.330649,ocds-20h3g7-7633319,Pengadaan Jasa Kontruksi Pembangunan KIHT Tahap II (Rumah Produksi),2023-08-03 00:00:00+00:00,Pemerintah Daerah Kabupaten Probolinggo,CV. PENGAMES RAYA,5534786195.58,4427828956.47,1,1,Medium Risk,0.502108,0.169351,0.502108,0.328542,1.012349,Perlu Pantauan,model_only,Diturunkan dari triase model: Medium Risk dengan probabilitas 50.21%.,,,False,f_supplier_recent_90d_award_count=-1.1909 | f_title_length=1.0432 | f_buyer_supplier_repeat_count=0.7979,"Peringkat investigatif paket ini adalah **Perlu Pantauan**.
Diturunkan dari triase model: Medium Risk dengan probabilitas 50.21%.
Model mengklasifikasikan paket ini sebagai **Medium Risk** dengan probabilitas 50.21%.
Catatan penting: ini adalah triase risiko, bukan bukti fraud final. Status kritis hanya boleh dinaikkan bila ada bukti resmi yang terhubung.
Faktor yang paling memengaruhi prediksi adalah:
- F supplier recent 90d award count bernilai 3 dan menurunkan skor risiko dengan kontribusi SHAP sekitar 1.1909.
- Panjang judul tender bernilai 67 dan meningkatkan skor risiko dengan kontribusi SHAP sekitar 1.0432.
- Frekuensi hubungan buyer-supplier berulang bernilai 0 dan meningkatkan skor risiko dengan kontribusi SHAP sekitar 0.7979.",,,,,,,
375,test,28684,high_uncertainty,0.380255,False,0.206008,0.5,0.5,-0.206008,-0.314471,ocds-20h3g7-5293511,Rehab.Kantor Kominfo,2023-05-15 00:00:00+00:00,Pemerintah Daerah Kabupaten Toli-Toli,CV. IBRIAND JAYA PRATAMA,449757837.42,447485748.47,1,1,Medium Risk,0.520479,0.185529,0.520479,0.293992,1.012313,Perlu Pantauan,model_only,Diturunkan dari triase model: Medium Risk dengan probabilitas 52.05%.,,,False,f_is_q4=0.8840 | f_title_length=-0.8135 | f_buyer_supplier_repeat_count=0.6785,"Peringkat investigatif paket ini adalah **Perlu Pantauan**.
Diturunkan dari triase model: Medium Risk dengan probabilitas 52.05%.
Model mengklasifikasikan paket ini sebagai **Medium Risk** dengan probabilitas 52.05%.
Catatan penting: ini adalah triase risiko, bukan bukti fraud final. Status kritis hanya boleh dinaikkan bila ada bukti resmi yang terhubung.
Faktor yang paling memengaruhi prediksi adalah:
- Waktu publikasi pada kuartal iv bernilai 0 dan meningkatkan skor risiko dengan kontribusi SHAP sekitar 0.8840.
- Panjang judul tender bernilai 20 dan menurunkan skor risiko dengan kontribusi SHAP sekitar 0.8135.
- Frekuensi hubungan buyer-supplier berulang bernilai 0 dan meningkatkan skor risiko dengan kontribusi SHAP sekitar 0.6785.",,,,,,,
376,test,21495,near_decision_threshold,0.544296,False,0.000878,0.5,0.5,-0.000878,-0.381685,ocds-20h3g7-3758507,Pembangunan trotoar,2023-04-28 00:00:00+00:00,Pemerintah Daerah Kabupaten Timor Tengah Selatan,CV.ANDALAN 66,542972000.0,519251436.1,2,2,High Risk,0.499122,0.118315,0.382562,0.499122,0.966965,Risiko Tinggi,model_only,Diturunkan dari triase model: High Risk dengan probabilitas 49.91%.,,,False,f_title_length=4.1534 | f_buyer_supplier_repeat_count=3.0694 | f_is_q4=-1.8156,"Peringkat investigatif paket ini adalah **Risiko Tinggi**.
Diturunkan dari triase model: High Risk dengan probabilitas 49.91%.
Model mengklasifikasikan paket ini sebagai **High Risk** dengan probabilitas 49.91%.
Catatan penting: ini adalah triase risiko, bukan bukti fraud final. Status kritis hanya boleh dinaikkan bila ada bukti resmi yang terhubung.
Faktor yang paling memengaruhi prediksi adalah:
- Panjang judul tender bernilai 19 dan meningkatkan skor risiko dengan kontribusi SHAP sekitar 4.1534.
- Frekuensi hubungan buyer-supplier berulang bernilai 6 dan meningkatkan skor risiko dengan kontribusi SHAP sekitar 3.0694.
- Waktu publikasi pada kuartal iv bernilai 0 dan menurunkan skor risiko dengan kontribusi SHAP sekitar 1.8156.",,,,,,,
377,test,77190,near_decision_threshold,0.544577,False,0.002739,0.5,0.5,0.002739,-0.383097,ocds-20h3g7-5204306,Rehap Pustu Sekoban,2023-08-25 00:00:00+00:00,Pemerintah Daerah Kabupaten Lamandau,CV. BERKAH AURORA ABADI,300000000.0,296928000.0,2,2,High Risk,0.502739,0.116903,0.380359,0.502739,0.964317,Risiko Tinggi,model_only,Diturunkan dari triase model: High Risk dengan probabilitas 50.27%.,,,False,f_title_length=4.1006 | f_buyer_supplier_repeat_count=3.3391 | f_is_q4=-1.7123,"Peringkat investigatif paket ini adalah **Risiko Tinggi**.
Diturunkan dari triase model: High Risk dengan probabilitas 50.27%.
Model mengklasifikasikan paket ini sebagai **High Risk** dengan probabilitas 50.27%.
Catatan penting: ini adalah triase risiko, bukan bukti fraud final. Status kritis hanya boleh dinaikkan bila ada bukti resmi yang terhubung.
Faktor yang paling memengaruhi prediksi adalah:
- Panjang judul tender bernilai 19 dan meningkatkan skor risiko dengan kontribusi SHAP sekitar 4.1006.
- Frekuensi hubungan buyer-supplier berulang bernilai 3 dan meningkatkan skor risiko dengan kontribusi SHAP sekitar 3.3391.
- Waktu publikasi pada kuartal iv bernilai 0 dan menurunkan skor risiko dengan kontribusi SHAP sekitar 1.7123.",,,,,,,
378,test,55003,near_decision_threshold,0.545644,False,0.003006,0.5,0.5,-0.003006,-0.369738,ocds-20h3g7-19527288,Pembangunan Sarana/Prasarana Belajar dan Sarana Penunjang beserta Perabotnya pada SMA Negeri 61 Maluku Tengah (DAK REGULER SMA),2023-06-23 00:00:00+00:00,Pemerintah Daerah Provinsi Maluku,CV.PASCHA MANDIRI,5015876000.0,4965242450.73,2,2,High Risk,0.496994,0.130262,0.372743,0.496994,0.980836,Risiko Tinggi,model_only,Diturunkan dari triase model: High Risk dengan probabilitas 49.70%.,,,False,f_buyer_supplier_repeat_count=3.4276 | f_title_length=-3.3206 | f_supplier_recent_90d_award_count=3.3093,"Peringkat investigatif paket ini adalah **Risiko Tinggi**.
Diturunkan dari triase model: High Risk dengan probabilitas 49.70%.
Model mengklasifikasikan paket ini sebagai **High Risk** dengan probabilitas 49.70%.
Catatan penting: ini adalah triase risiko, bukan bukti fraud final. Status kritis hanya boleh dinaikkan bila ada bukti resmi yang terhubung.
Faktor yang paling memengaruhi prediksi adalah:
- Frekuensi hubungan buyer-supplier berulang bernilai 9 dan meningkatkan skor risiko dengan kontribusi SHAP sekitar 3.4276.
- Panjang judul tender bernilai 127 dan menurunkan skor risiko dengan kontribusi SHAP sekitar 3.3206.
- F supplier recent 90d award count bernilai 4 dan meningkatkan skor risiko dengan kontribusi SHAP sekitar 3.3093.",,,,,,,
379,test,73330,near_decision_threshold,0.545642,False,0.003412,0.5,0.5,0.003412,-0.379009,ocds-20h3g7-12861318,Jalan Cigiceh (373),2023-08-11 00:00:00+00:00,Pemerintah Daerah Kota Cilegon,jaya kusuma rezeki,2000323822.83,1615417997.31,2,2,High Risk,0.503412,0.120991,0.375597,0.503412,0.968852,Risiko Tinggi,model_only,Diturunkan dari triase model: High Risk dengan probabilitas 50.34%.,,,False,f_title_length=4.1483 | f_buyer_supplier_repeat_count=3.2150 | f_is_q4=-1.6970,"Peringkat investigatif paket ini adalah **Risiko Tinggi**.
Diturunkan dari triase model: High Risk dengan probabilitas 50.34%.
Model mengklasifikasikan paket ini sebagai **High Risk** dengan probabilitas 50.34%.
Catatan penting: ini adalah triase risiko, bukan bukti fraud final. Status kritis hanya boleh dinaikkan bila ada bukti resmi yang terhubung.
Faktor yang paling memengaruhi prediksi adalah:
- Panjang judul tender bernilai 19 dan meningkatkan skor risiko dengan kontribusi SHAP sekitar 4.1483.
- Frekuensi hubungan buyer-supplier berulang bernilai 2 dan meningkatkan skor risiko dengan kontribusi SHAP sekitar 3.2150.
- Waktu publikasi pada kuartal iv bernilai 0 dan menurunkan skor risiko dengan kontribusi SHAP sekitar 1.6970.",,,,,,,
380,test,64304,near_decision_threshold,0.542553,False,0.00362,0.5,0.5,-0.00362,-0.380089,ocds-20h3g7-7077098,Pasirjati - Cibadak,2023-07-14 00:00:00+00:00,Pemerintah Daerah Kabupaten Lebak,CV. MAESA KARYA MAKMUR,1396386000.0,1352266961.13,2,2,High Risk,0.49638,0.119911,0.383708,0.49638,0.969547,Risiko Tinggi,model_only,Diturunkan dari triase model: High Risk dengan probabilitas 49.64%.,,,False,f_title_length=4.1574 | f_buyer_supplier_repeat_count=3.2802 | f_is_q4=-1.6878,"Peringkat investigatif paket ini adalah **Risiko Tinggi**.
Diturunkan dari triase model: High Risk dengan probabilitas 49.64%.
Model mengklasifikasikan paket ini sebagai **High Risk** dengan probabilitas 49.64%.
Catatan penting: ini adalah triase risiko, bukan bukti fraud final. Status kritis hanya boleh dinaikkan bila ada bukti resmi yang terhubung.
Faktor yang paling memengaruhi prediksi adalah:
- Panjang judul tender bernilai 19 dan meningkatkan skor risiko dengan kontribusi SHAP sekitar 4.1574.
- Frekuensi hubungan buyer-supplier berulang bernilai 3 dan meningkatkan skor risiko dengan kontribusi SHAP sekitar 3.2802.
- Waktu publikasi pada kuartal iv bernilai 0 dan menurunkan skor risiko dengan kontribusi SHAP sekitar 1.6878.",,,,,,,
381,test,21521,near_decision_threshold,0.545901,False,0.003745,0.5,0.5,0.003745,-0.377977,ocds-20h3g7-56852127,Rehabilitasi Gedung,2023-04-28 00:00:00+00:00,Pemerintah Daerah Provinsi DKI Jakarta,BANGUN BUMI PERSADA JAYA,15180409634.81,11977015578.24,2,2,High Risk,0.503745,0.122023,0.374232,0.503745,0.969916,Risiko Tinggi,model_only,Diturunkan dari triase model: High Risk dengan probabilitas 50.37%.,,,False,f_title_length=3.7235 | f_tender_value_log=3.6247 | f_is_q4=-1.9388,"Peringkat investigatif paket ini adalah **Risiko Tinggi**.
Diturunkan dari triase model: High Risk dengan probabilitas 50.37%.
Model mengklasifikasikan paket ini sebagai **High Risk** dengan probabilitas 50.37%.
Catatan penting: ini adalah triase risiko, bukan bukti fraud final. Status kritis hanya boleh dinaikkan bila ada bukti resmi yang terhubung.
Faktor yang paling memengaruhi prediksi adalah:
- Panjang judul tender bernilai 19 dan meningkatkan skor risiko dengan kontribusi SHAP sekitar 3.7235.
- Nilai tender bernilai 23.4433 dan meningkatkan skor risiko dengan kontribusi SHAP sekitar 3.6247.
- Waktu publikasi pada kuartal iv bernilai 0 dan menurunkan skor risiko dengan kontribusi SHAP sekitar 1.9388.",,,,,,,
382,test,77108,near_decision_threshold,0.540455,False,0.00431,0.5,0.5,-0.00431,-0.385788,ocds-20h3g7-46487047,Cetakan Rekam Medis,2023-08-25 00:00:00+00:00,Kementerian Kesehatan,PT. DUNIA CETAK,279977797.5,258122730.0,2,2,High Risk,0.49569,0.114212,0.390098,0.49569,0.962905,Risiko Tinggi,model_only,Diturunkan dari triase model: High Risk dengan probabilitas 49.57%.,,,False,f_title_length=4.0511 | f_buyer_supplier_repeat_count=3.4722 | f_is_q4=-1.7000,"Peringkat investigatif paket ini adalah **Risiko Tinggi**.
Diturunkan dari triase model: High Risk dengan probabilitas 49.57%.
Model mengklasifikasikan paket ini sebagai **High Risk** dengan probabilitas 49.57%.
Catatan penting: ini adalah triase risiko, bukan bukti fraud final. Status kritis hanya boleh dinaikkan bila ada bukti resmi yang terhubung.
Faktor yang paling memengaruhi prediksi adalah:
- Panjang judul tender bernilai 19 dan meningkatkan skor risiko dengan kontribusi SHAP sekitar 4.0511.
- Frekuensi hubungan buyer-supplier berulang bernilai 3 dan meningkatkan skor risiko dengan kontribusi SHAP sekitar 3.4722.
- Waktu publikasi pada kuartal iv bernilai 0 dan menurunkan skor risiko dengan kontribusi SHAP sekitar 1.7000.",,,,,,,
383,test,44304,near_decision_threshold,0.544595,False,0.005365,0.5,0.5,-0.005365,-0.366338,ocds-20h3g7-6171243,GESI Specialist,2023-06-09 00:00:00+00:00,Kementerian Desa Pembangunan Daerah Tertinggal dan Transmigrasi RI,KHARIROH,576000000.0,576000000.0,2,2,High Risk,0.494635,0.133662,0.371703,0.494635,0.985038,Risiko Tinggi,model_only,Diturunkan dari triase model: High Risk dengan probabilitas 49.46%.,,,False,f_title_length=4.3957 | f_price_deviation_ratio=4.3408 | f_is_q4=-2.1207,"Peringkat investigatif paket ini adalah **Risiko Tinggi**.
Diturunkan dari triase model: High Risk dengan probabilitas 49.46%.
Model mengklasifikasikan paket ini sebagai **High Risk** dengan probabilitas 49.46%.
Catatan penting: ini adalah triase risiko, bukan bukti fraud final. Status kritis hanya boleh dinaikkan bila ada bukti resmi yang terhubung.
Faktor yang paling memengaruhi prediksi adalah:
- Panjang judul tender bernilai 15 dan meningkatkan skor risiko dengan kontribusi SHAP sekitar 4.3957.
- Rasio deviasi harga terhadap nilai tender bernilai 1 dan meningkatkan skor risiko dengan kontribusi SHAP sekitar 4.3408.
- Waktu publikasi pada kuartal iv bernilai 0 dan menurunkan skor risiko dengan kontribusi SHAP sekitar 2.1207.",,,,,,,
384,test,44321,near_decision_threshold,0.544595,False,0.005365,0.5,0.5,-0.005365,-0.366338,ocds-20h3g7-6172243,M&E Specialist,2023-06-09 00:00:00+00:00,Kementerian Desa Pembangunan Daerah Tertinggal dan Transmigrasi RI,wawan heryawan,576000000.0,576000000.0,2,2,High Risk,0.494635,0.133662,0.371703,0.494635,0.985038,Risiko Tinggi,model_only,Diturunkan dari triase model: High Risk dengan probabilitas 49.46%.,,,False,f_title_length=4.3957 | f_price_deviation_ratio=4.3417 | f_is_q4=-2.1207,"Peringkat investigatif paket ini adalah **Risiko Tinggi**.
Diturunkan dari triase model: High Risk dengan probabilitas 49.46%.
Model mengklasifikasikan paket ini sebagai **High Risk** dengan probabilitas 49.46%.
Catatan penting: ini adalah triase risiko, bukan bukti fraud final. Status kritis hanya boleh dinaikkan bila ada bukti resmi yang terhubung.
Faktor yang paling memengaruhi prediksi adalah:
- Panjang judul tender bernilai 14 dan meningkatkan skor risiko dengan kontribusi SHAP sekitar 4.3957.
- Rasio deviasi harga terhadap nilai tender bernilai 1 dan meningkatkan skor risiko dengan kontribusi SHAP sekitar 4.3417.
- Waktu publikasi pada kuartal iv bernilai 0 dan menurunkan skor risiko dengan kontribusi SHAP sekitar 2.1207.",,,,,,,
385,test,44014,near_decision_threshold,0.544595,False,0.005365,0.5,0.5,-0.005365,-0.366338,ocds-20h3g7-6167243,SECAP Expert,2023-06-09 00:00:00+00:00,Kementerian Desa Pembangunan Daerah Tertinggal dan Transmigrasi RI,MAIZIR AKHMADIN,576000000.0,576000000.0,2,2,High Risk,0.494635,0.133662,0.371703,0.494635,0.985038,Risiko Tinggi,model_only,Diturunkan dari triase model: High Risk dengan probabilitas 49.46%.,,,False,f_title_length=4.3957 | f_price_deviation_ratio=4.3408 | f_is_q4=-2.1207,"Peringkat investigatif paket ini adalah **Risiko Tinggi**.
Diturunkan dari triase model: High Risk dengan probabilitas 49.46%.
Model mengklasifikasikan paket ini sebagai **High Risk** dengan probabilitas 49.46%.
Catatan penting: ini adalah triase risiko, bukan bukti fraud final. Status kritis hanya boleh dinaikkan bila ada bukti resmi yang terhubung.
Faktor yang paling memengaruhi prediksi adalah:
- Panjang judul tender bernilai 12 dan meningkatkan skor risiko dengan kontribusi SHAP sekitar 4.3957.
- Rasio deviasi harga terhadap nilai tender bernilai 1 dan meningkatkan skor risiko dengan kontribusi SHAP sekitar 4.3408.
- Waktu publikasi pada kuartal iv bernilai 0 dan menurunkan skor risiko dengan kontribusi SHAP sekitar 2.1207.",,,,,,,
386,test,80958,near_decision_threshold,0.543631,False,0.00702,0.5,0.5,0.00702,-0.386349,ocds-20h3g7-5570045,PAKET 10 JALAN (BM),2023-09-08 00:00:00+00:00,Pemerintah Daerah Kabupaten Luwu Utara,CV. ALENA JAYA KONSTRUKSI,1831673500.0,1726953407.14,2,2,High Risk,0.50702,0.113651,0.379329,0.50702,0.959221,Risiko Tinggi,model_only,Diturunkan dari triase model: High Risk dengan probabilitas 50.70%.,,,False,f_title_length=4.1547 | f_buyer_supplier_repeat_count=3.3576 | f_is_q4=-1.7093,"Peringkat investigatif paket ini adalah **Risiko Tinggi**.
Diturunkan dari triase model: High Risk dengan probabilitas 50.70%.
Model mengklasifikasikan paket ini sebagai **High Risk** dengan probabilitas 50.70%.
Catatan penting: ini adalah triase risiko, bukan bukti fraud final. Status kritis hanya boleh dinaikkan bila ada bukti resmi yang terhubung.
Faktor yang paling memengaruhi prediksi adalah:
- Panjang judul tender bernilai 19 dan meningkatkan skor risiko dengan kontribusi SHAP sekitar 4.1547.
- Frekuensi hubungan buyer-supplier berulang bernilai 2 dan meningkatkan skor risiko dengan kontribusi SHAP sekitar 3.3576.
- Waktu publikasi pada kuartal iv bernilai 0 dan menurunkan skor risiko dengan kontribusi SHAP sekitar 1.7093.",,,,,,,
387,test,42050,near_decision_threshold,0.540316,False,0.007035,0.5,0.5,-0.007035,-0.378307,ocds-20h3g7-4926434,Belanja Modal Pagar,2023-06-07 00:00:00+00:00,Pemerintah Daerah Kabupaten Lahat,CV. PELITA BUNGSU,699154000.0,692125000.0,2,2,High Risk,0.492965,0.121693,0.385341,0.492965,0.97247,Risiko Tinggi,model_only,Diturunkan dari triase model: High Risk dengan probabilitas 49.30%.,,,False,f_title_length=4.1926 | f_buyer_supplier_repeat_count=3.1636 | f_is_q4=-1.8143,"Peringkat investigatif paket ini adalah **Risiko Tinggi**.
Diturunkan dari triase model: High Risk dengan probabilitas 49.30%.
Model mengklasifikasikan paket ini sebagai **High Risk** dengan probabilitas 49.30%.
Catatan penting: ini adalah triase risiko, bukan bukti fraud final. Status kritis hanya boleh dinaikkan bila ada bukti resmi yang terhubung.
Faktor yang paling memengaruhi prediksi adalah:
- Panjang judul tender bernilai 19 dan meningkatkan skor risiko dengan kontribusi SHAP sekitar 4.1926.
- Frekuensi hubungan buyer-supplier berulang bernilai 7 dan meningkatkan skor risiko dengan kontribusi SHAP sekitar 3.1636.
- Waktu publikasi pada kuartal iv bernilai 0 dan menurunkan skor risiko dengan kontribusi SHAP sekitar 1.8143.",,,,,,,
388,test,35507,near_decision_threshold,0.542452,False,0.008844,0.5,0.5,0.008844,-0.390469,ocds-20h3g7-4521566,Pengawasan Teknis 2,2023-05-26 00:00:00+00:00,Pemerintah Daerah Kabupaten Bone,PT. INOVASI KONSULINDO RAYA,249730020.0,208105020.0,2,2,High Risk,0.508844,0.109531,0.381625,0.508844,0.95364,Risiko Tinggi,model_only,Diturunkan dari triase model: High Risk dengan probabilitas 50.88%.,,,False,f_title_length=4.0780 | f_supplier_recent_90d_award_count=3.2657 | f_buyer_supplier_repeat_count=-1.8552,"Peringkat investigatif paket ini adalah **Risiko Tinggi**.
Diturunkan dari triase model: High Risk dengan probabilitas 50.88%.
Model mengklasifikasikan paket ini sebagai **High Risk** dengan probabilitas 50.88%.
Catatan penting: ini adalah triase risiko, bukan bukti fraud final. Status kritis hanya boleh dinaikkan bila ada bukti resmi yang terhubung.
Faktor yang paling memengaruhi prediksi adalah:
- Panjang judul tender bernilai 19 dan meningkatkan skor risiko dengan kontribusi SHAP sekitar 4.0780.
- F supplier recent 90d award count bernilai 4 dan meningkatkan skor risiko dengan kontribusi SHAP sekitar 3.2657.
- Frekuensi hubungan buyer-supplier berulang bernilai 0 dan menurunkan skor risiko dengan kontribusi SHAP sekitar 1.8552.",,,,,,,
389,test,27696,near_decision_threshold,0.544115,False,0.010059,0.5,0.5,0.010059,-0.384359,ocds-20h3g7-4942249,Peningkatan Jalan Devung Ajau Kampung Tering Lama,2023-05-12 00:00:00+00:00,Pemerintah Daerah Kabupaten Kutai Barat,CV. MUMTAZA JAYA LESTARI,427700000.0,427700000.0,2,2,High Risk,0.510059,0.115641,0.3743,0.510059,0.960678,Risiko Tinggi,model_only,Diturunkan dari triase model: High Risk dengan probabilitas 51.01%.,,,False,f_price_deviation_ratio=4.3121 | f_buyer_supplier_repeat_count=3.3318 | f_is_q4=-2.1964,"Peringkat investigatif paket ini adalah **Risiko Tinggi**.
Diturunkan dari triase model: High Risk dengan probabilitas 51.01%.
Model mengklasifikasikan paket ini sebagai **High Risk** dengan probabilitas 51.01%.
Catatan penting: ini adalah triase risiko, bukan bukti fraud final. Status kritis hanya boleh dinaikkan bila ada bukti resmi yang terhubung.
Faktor yang paling memengaruhi prediksi adalah:
- Rasio deviasi harga terhadap nilai tender bernilai 1 dan meningkatkan skor risiko dengan kontribusi SHAP sekitar 4.3121.
- Frekuensi hubungan buyer-supplier berulang bernilai 5 dan meningkatkan skor risiko dengan kontribusi SHAP sekitar 3.3318.
- Waktu publikasi pada kuartal iv bernilai 0 dan menurunkan skor risiko dengan kontribusi SHAP sekitar 2.1964.",,,,,,,
390,test,62610,near_decision_threshold,0.545577,False,0.010226,0.5,0.5,0.010226,-0.37872,ocds-20h3g7-17265168,Bangunan Gedung RMU,2023-07-11 00:00:00+00:00,Pemerintah Daerah Kabupaten Musi Banyuasin,SATRYA WENDI AL AKBAR,229162000.0,225838112.69,2,2,High Risk,0.510226,0.12128,0.368494,0.510226,0.967069,Risiko Tinggi,model_only,Diturunkan dari triase model: High Risk dengan probabilitas 51.02%.,,,False,f_title_length=4.1755 | f_buyer_supplier_repeat_count=3.2422 | f_is_q4=-1.7511,"Peringkat investigatif paket ini adalah **Risiko Tinggi**.
Diturunkan dari triase model: High Risk dengan probabilitas 51.02%.
Model mengklasifikasikan paket ini sebagai **High Risk** dengan probabilitas 51.02%.
Catatan penting: ini adalah triase risiko, bukan bukti fraud final. Status kritis hanya boleh dinaikkan bila ada bukti resmi yang terhubung.
Faktor yang paling memengaruhi prediksi adalah:
- Panjang judul tender bernilai 19 dan meningkatkan skor risiko dengan kontribusi SHAP sekitar 4.1755.
- Frekuensi hubungan buyer-supplier berulang bernilai 7 dan meningkatkan skor risiko dengan kontribusi SHAP sekitar 3.2422.
- Waktu publikasi pada kuartal iv bernilai 0 dan menurunkan skor risiko dengan kontribusi SHAP sekitar 1.7511.",,,,,,,
391,test,14719,near_decision_threshold,0.544259,False,0.01031,0.5,0.5,0.01031,-0.383799,ocds-20h3g7-3632715,Belanja Pakaian KDH,2023-04-05 00:00:00+00:00,Pemerintah Daerah Kabupaten Kepulauan Sula,CV. PERMATA MEMBANGUN,655679331.0,636696000.0,2,2,High Risk,0.51031,0.116201,0.373488,0.51031,0.961256,Risiko Tinggi,model_only,Diturunkan dari triase model: High Risk dengan probabilitas 51.03%.,,,False,f_title_length=4.1552 | f_buyer_supplier_repeat_count=3.3874 | f_is_q4=-1.7064,"Peringkat investigatif paket ini adalah **Risiko Tinggi**.
Diturunkan dari triase model: High Risk dengan probabilitas 51.03%.
Model mengklasifikasikan paket ini sebagai **High Risk** dengan probabilitas 51.03%.
Catatan penting: ini adalah triase risiko, bukan bukti fraud final. Status kritis hanya boleh dinaikkan bila ada bukti resmi yang terhubung.
Faktor yang paling memengaruhi prediksi adalah:
- Panjang judul tender bernilai 19 dan meningkatkan skor risiko dengan kontribusi SHAP sekitar 4.1552.
- Frekuensi hubungan buyer-supplier berulang bernilai 3 dan meningkatkan skor risiko dengan kontribusi SHAP sekitar 3.3874.
- Waktu publikasi pada kuartal iv bernilai 0 dan menurunkan skor risiko dengan kontribusi SHAP sekitar 1.7064.",,,,,,,
392,test,72222,near_decision_threshold,0.544809,False,0.011172,0.5,0.5,0.011172,-0.38163,ocds-20h3g7-21115044,PAKET 87 KAPOR RUTIN POLRI APBN T.A. 2023,2023-08-08 00:00:00+00:00,Kepolisian Negara Republik Indonesia,PT. STARMAS MAKMUR PERKASA,2381185810.0,2381185810.0,2,2,High Risk,0.511172,0.11837,0.370458,0.511172,0.963487,Risiko Tinggi,model_only,Diturunkan dari triase model: High Risk dengan probabilitas 51.12%.,,,False,f_price_deviation_ratio=4.4916 | f_buyer_supplier_repeat_count=3.3576 | f_is_q4=-2.1000,"Peringkat investigatif paket ini adalah **Risiko Tinggi**.
Diturunkan dari triase model: High Risk dengan probabilitas 51.12%.
Model mengklasifikasikan paket ini sebagai **High Risk** dengan probabilitas 51.12%.
Catatan penting: ini adalah triase risiko, bukan bukti fraud final. Status kritis hanya boleh dinaikkan bila ada bukti resmi yang terhubung.
Faktor yang paling memengaruhi prediksi adalah:
- Rasio deviasi harga terhadap nilai tender bernilai 1 dan meningkatkan skor risiko dengan kontribusi SHAP sekitar 4.4916.
- Frekuensi hubungan buyer-supplier berulang bernilai 11 dan meningkatkan skor risiko dengan kontribusi SHAP sekitar 3.3576.
- Waktu publikasi pada kuartal iv bernilai 0 dan menurunkan skor risiko dengan kontribusi SHAP sekitar 2.1000.",,,,,,,
393,test,7960,near_decision_threshold,0.545126,False,0.01156,0.5,0.5,0.01156,-0.380366,ocds-20h3g7-1481603,Har Gedung Pimpinan,2023-03-27 00:00:00+00:00,Kementerian Pertahanan,PT. Diori Perkasa,487844000.0,487600000.0,2,2,High Risk,0.51156,0.119634,0.368806,0.51156,0.964794,Risiko Tinggi,model_only,Diturunkan dari triase model: High Risk dengan probabilitas 51.16%.,,,False,f_title_length=4.1790 | f_buyer_supplier_repeat_count=3.1806 | f_is_q4=-1.7343,"Peringkat investigatif paket ini adalah **Risiko Tinggi**.
Diturunkan dari triase model: High Risk dengan probabilitas 51.16%.
Model mengklasifikasikan paket ini sebagai **High Risk** dengan probabilitas 51.16%.
Catatan penting: ini adalah triase risiko, bukan bukti fraud final. Status kritis hanya boleh dinaikkan bila ada bukti resmi yang terhubung.
Faktor yang paling memengaruhi prediksi adalah:
- Panjang judul tender bernilai 19 dan meningkatkan skor risiko dengan kontribusi SHAP sekitar 4.1790.
- Frekuensi hubungan buyer-supplier berulang bernilai 14 dan meningkatkan skor risiko dengan kontribusi SHAP sekitar 3.1806.
- Waktu publikasi pada kuartal iv bernilai 0 dan menurunkan skor risiko dengan kontribusi SHAP sekitar 1.7343.",,,,,,,
394,test,6479,near_decision_threshold,0.539255,True,0.01466,0.5,0.5,-0.417485,0.01466,ocds-20h3g7-3634437,Penanganan Long Segmen Peningkatan Jalan Kamarora A - Dusun I,2023-03-24 00:00:00+00:00,Pemerintah Daerah Kabupaten Sigi,CV AGRI MITRA MEMBANGUN,5003281000.0,4981444941.32,1,0,Low Risk,0.51466,0.51466,0.402825,0.082515,0.913989,Aman,model_only,Diturunkan dari triase model: Low Risk dengan probabilitas 51.47%.,,,False,f_tender_value_log=-1.9930 | f_title_length=1.8830 | f_price_deviation_ratio=1.2470,"Peringkat investigatif paket ini adalah **Aman**.
Diturunkan dari triase model: Low Risk dengan probabilitas 51.47%.
Model mengklasifikasikan paket ini sebagai **Low Risk** dengan probabilitas 51.47%.
Catatan penting: ini adalah triase risiko, bukan bukti fraud final. Status kritis hanya boleh dinaikkan bila ada bukti resmi yang terhubung.
Faktor yang paling memengaruhi prediksi adalah:
- Nilai tender bernilai 22.3334 dan menurunkan skor risiko dengan kontribusi SHAP sekitar 1.9930.
- Panjang judul tender bernilai 61 dan meningkatkan skor risiko dengan kontribusi SHAP sekitar 1.8830.
- Rasio deviasi harga terhadap nilai tender bernilai 0.9956 dan meningkatkan skor risiko dengan kontribusi SHAP sekitar 1.2470.",,,,,,,
395,test,29039,near_decision_threshold,0.551526,False,0.014894,0.5,0.5,0.014894,-0.350671,ocds-20h3g7-7733267,Pembangunan Dermaga,2023-05-16 00:00:00+00:00,Pemerintah Daerah Provinsi Bengkulu,PT. KENCANA PRATAMA KONSTRUKSI,8255714000.0,8167353336.08,2,2,High Risk,0.514894,0.149329,0.335777,0.514894,0.992184,Risiko Tinggi,model_only,Diturunkan dari triase model: High Risk dengan probabilitas 51.49%.,,,False,f_title_length=3.6572 | f_tender_value_log=3.3753 | f_is_q4=-1.9027,"Peringkat investigatif paket ini adalah **Risiko Tinggi**.
Diturunkan dari triase model: High Risk dengan probabilitas 51.49%.
Model mengklasifikasikan paket ini sebagai **High Risk** dengan probabilitas 51.49%.
Catatan penting: ini adalah triase risiko, bukan bukti fraud final. Status kritis hanya boleh dinaikkan bila ada bukti resmi yang terhubung.
Faktor yang paling memengaruhi prediksi adalah:
- Panjang judul tender bernilai 19 dan meningkatkan skor risiko dengan kontribusi SHAP sekitar 3.6572.
- Nilai tender bernilai 22.8342 dan meningkatkan skor risiko dengan kontribusi SHAP sekitar 3.3753.
- Waktu publikasi pada kuartal iv bernilai 0 dan menurunkan skor risiko dengan kontribusi SHAP sekitar 1.9027.",,,,,,,
396,test,74324,near_decision_threshold,0.541124,False,0.016086,0.5,0.5,0.016086,-0.394635,ocds-20h3g7-21121044,PAKET 61 KAPOR RUTIN POLRI APBN T.A. 2023,2023-08-15 00:00:00+00:00,Kepolisian Negara Republik Indonesia,PT. STARMAS MAKMUR PERKASA,3779172992.0,3779172992.0,2,2,High Risk,0.516086,0.105365,0.378549,0.516086,0.946213,Risiko Tinggi,model_only,Diturunkan dari triase model: High Risk dengan probabilitas 51.61%.,,,False,f_price_deviation_ratio=4.3836 | f_buyer_supplier_repeat_count=3.4999 | f_is_q4=-2.1014,"Peringkat investigatif paket ini adalah **Risiko Tinggi**.
Diturunkan dari triase model: High Risk dengan probabilitas 51.61%.
Model mengklasifikasikan paket ini sebagai **High Risk** dengan probabilitas 51.61%.
Catatan penting: ini adalah triase risiko, bukan bukti fraud final. Status kritis hanya boleh dinaikkan bila ada bukti resmi yang terhubung.
Faktor yang paling memengaruhi prediksi adalah:
- Rasio deviasi harga terhadap nilai tender bernilai 1 dan meningkatkan skor risiko dengan kontribusi SHAP sekitar 4.3836.
- Frekuensi hubungan buyer-supplier berulang bernilai 12 dan meningkatkan skor risiko dengan kontribusi SHAP sekitar 3.4999.
- Waktu publikasi pada kuartal iv bernilai 0 dan menurunkan skor risiko dengan kontribusi SHAP sekitar 2.1014.",,,,,,,
397,test,35403,near_decision_threshold,0.534196,False,0.016287,0.5,0.5,-0.016287,-0.373449,ocds-20h3g7-4788285,Jembatan Sanggrahan,2023-05-26 00:00:00+00:00,Pemerintah Daerah Kabupaten Bantul,CV. TERA,2729543000.0,2565670000.0,2,2,High Risk,0.483713,0.126551,0.389736,0.483713,0.98014,Risiko Tinggi,model_only,Diturunkan dari triase model: High Risk dengan probabilitas 48.37%.,,,False,f_title_length=4.0754 | f_buyer_supplier_repeat_count=3.1431 | f_is_q4=-1.7206,"Peringkat investigatif paket ini adalah **Risiko Tinggi**.
Diturunkan dari triase model: High Risk dengan probabilitas 48.37%.
Model mengklasifikasikan paket ini sebagai **High Risk** dengan probabilitas 48.37%.
Catatan penting: ini adalah triase risiko, bukan bukti fraud final. Status kritis hanya boleh dinaikkan bila ada bukti resmi yang terhubung.
Faktor yang paling memengaruhi prediksi adalah:
- Panjang judul tender bernilai 19 dan meningkatkan skor risiko dengan kontribusi SHAP sekitar 4.0754.
- Frekuensi hubungan buyer-supplier berulang bernilai 2 dan meningkatkan skor risiko dengan kontribusi SHAP sekitar 3.1431.
- Waktu publikasi pada kuartal iv bernilai 0 dan menurunkan skor risiko dengan kontribusi SHAP sekitar 1.7206.",,,,,,,
398,test,10880,near_decision_threshold,0.538347,True,0.017301,0.5,0.5,-0.417115,0.017301,ocds-20h3g7-4699138,Belanja Modal Bangunan Kesehatan (Renovasi Puskesmas Tretep),2023-03-30 00:00:00+00:00,Pemerintah Daerah Kabupaten Temanggung,CV. CIAGENG SURYA KENCANA,5150748522.13,4200000000.0,1,0,Low Risk,0.517301,0.517301,0.399814,0.082885,0.913909,Aman,model_only,Diturunkan dari triase model: Low Risk dengan probabilitas 51.73%.,,,False,f_tender_value_log=-2.2334 | f_title_length=1.9554 | f_is_q4=0.9062,"Peringkat investigatif paket ini adalah **Aman**.
Diturunkan dari triase model: Low Risk dengan probabilitas 51.73%.
Model mengklasifikasikan paket ini sebagai **Low Risk** dengan probabilitas 51.73%.
Catatan penting: ini adalah triase risiko, bukan bukti fraud final. Status kritis hanya boleh dinaikkan bila ada bukti resmi yang terhubung.
Faktor yang paling memengaruhi prediksi adalah:
- Nilai tender bernilai 22.3624 dan menurunkan skor risiko dengan kontribusi SHAP sekitar 2.2334.
- Panjang judul tender bernilai 60 dan meningkatkan skor risiko dengan kontribusi SHAP sekitar 1.9554.
- Waktu publikasi pada kuartal iv bernilai 0 dan meningkatkan skor risiko dengan kontribusi SHAP sekitar 0.9062.",,,,,,,
399,test,47415,near_decision_threshold,0.545245,False,0.017446,0.5,0.5,0.017446,-0.379246,ocds-20h3g7-3631347,Rehab Gudang Alokon,2023-06-14 00:00:00+00:00,Pemerintah Daerah Kota Palopo,CV. KARYA SUKSES,379990000.0,378786000.0,2,2,High Risk,0.517446,0.120754,0.3618,0.517446,0.964022,Risiko Tinggi,model_only,Diturunkan dari triase model: High Risk dengan probabilitas 51.74%.,,,False,f_title_length=4.1624 | f_buyer_supplier_repeat_count=3.4116 | f_is_q4=-1.7528,"Peringkat investigatif paket ini adalah **Risiko Tinggi**.
Diturunkan dari triase model: High Risk dengan probabilitas 51.74%.
Model mengklasifikasikan paket ini sebagai **High Risk** dengan probabilitas 51.74%.
Catatan penting: ini adalah triase risiko, bukan bukti fraud final. Status kritis hanya boleh dinaikkan bila ada bukti resmi yang terhubung.
Faktor yang paling memengaruhi prediksi adalah:
- Panjang judul tender bernilai 19 dan meningkatkan skor risiko dengan kontribusi SHAP sekitar 4.1624.
- Frekuensi hubungan buyer-supplier berulang bernilai 2 dan meningkatkan skor risiko dengan kontribusi SHAP sekitar 3.4116.
- Waktu publikasi pada kuartal iv bernilai 0 dan menurunkan skor risiko dengan kontribusi SHAP sekitar 1.7528.",,,,,,,
400,test,72791,near_decision_threshold,0.529314,False,0.017869,0.5,0.5,-0.017869,-0.386686,ocds-20h3g7-2764670,Senjata Api Perlindungan Jaksa,2023-08-09 00:00:00+00:00,Kejaksaan Republik Indonesia,Dwimitra Pasifik Internasional,11205760800.0,11205760800.0,2,2,High Risk,0.482131,0.113314,0.404555,0.482131,0.964595,Risiko Tinggi,model_only,Diturunkan dari triase model: High Risk dengan probabilitas 48.21%.,,,False,f_tender_value_log=4.0070 | f_price_deviation_ratio=3.9745 | f_is_q4=-2.1260,"Peringkat investigatif paket ini adalah **Risiko Tinggi**.
Diturunkan dari triase model: High Risk dengan probabilitas 48.21%.
Model mengklasifikasikan paket ini sebagai **High Risk** dengan probabilitas 48.21%.
Catatan penting: ini adalah triase risiko, bukan bukti fraud final. Status kritis hanya boleh dinaikkan bila ada bukti resmi yang terhubung.
Faktor yang paling memengaruhi prediksi adalah:
- Nilai tender bernilai 23.1397 dan meningkatkan skor risiko dengan kontribusi SHAP sekitar 4.0070.
- Rasio deviasi harga terhadap nilai tender bernilai 1 dan meningkatkan skor risiko dengan kontribusi SHAP sekitar 3.9745.
- Waktu publikasi pada kuartal iv bernilai 0 dan menurunkan skor risiko dengan kontribusi SHAP sekitar 2.1260.",,,,,,,
401,test,6579,near_decision_threshold,0.530611,True,0.018965,0.5,0.5,-0.4256,0.018965,ocds-20h3g7-3780633,"Peningkatan Kapasitas Struktur Jalan Ketang - Gelong- Bts. Kabupaten, HRS, Kec. Lelak",2023-03-24 00:00:00+00:00,Pemerintah Daerah Kabupaten Manggarai,PT. Flores Konstruksindo Utama,4999996906.4,4989605726.02,1,0,Low Risk,0.518965,0.518965,0.406635,0.0744,0.899619,Aman,model_only,Diturunkan dari triase model: Low Risk dengan probabilitas 51.90%.,,,False,f_tender_value_log=-2.0331 | f_title_length=1.9129 | f_price_deviation_ratio=1.1914,"Peringkat investigatif paket ini adalah **Aman**.
Diturunkan dari triase model: Low Risk dengan probabilitas 51.90%.
Model mengklasifikasikan paket ini sebagai **Low Risk** dengan probabilitas 51.90%.
Catatan penting: ini adalah triase risiko, bukan bukti fraud final. Status kritis hanya boleh dinaikkan bila ada bukti resmi yang terhubung.
Faktor yang paling memengaruhi prediksi adalah:
- Nilai tender bernilai 22.3327 dan menurunkan skor risiko dengan kontribusi SHAP sekitar 2.0331.
- Panjang judul tender bernilai 85 dan meningkatkan skor risiko dengan kontribusi SHAP sekitar 1.9129.
- Rasio deviasi harga terhadap nilai tender bernilai 0.9979 dan meningkatkan skor risiko dengan kontribusi SHAP sekitar 1.1914.",,,,,,,
402,test,41065,near_decision_threshold,0.531083,True,0.019146,0.5,0.5,-0.424936,0.019146,ocds-20h3g7-3524444,",Pembangunan dan Peningkatan Jalan Desa Strategis Kapot-Batu Ampar (KecamatanSiding)",2023-06-06 00:00:00+00:00,Pemerintah Daerah Kabupaten Bengkayang,CV. DUA CAHAYA,5109557000.0,4922558198.93,1,0,Low Risk,0.519146,0.519146,0.40579,0.075064,0.900698,Aman,model_only,Diturunkan dari triase model: Low Risk dengan probabilitas 51.91%.,,,False,f_tender_value_log=-2.4951 | f_title_length=2.0782 | f_is_q4=0.9644,"Peringkat investigatif paket ini adalah **Aman**.
Diturunkan dari triase model: Low Risk dengan probabilitas 51.91%.
Model mengklasifikasikan paket ini sebagai **Low Risk** dengan probabilitas 51.91%.
Catatan penting: ini adalah triase risiko, bukan bukti fraud final. Status kritis hanya boleh dinaikkan bila ada bukti resmi yang terhubung.
Faktor yang paling memengaruhi prediksi adalah:
- Nilai tender bernilai 22.3544 dan menurunkan skor risiko dengan kontribusi SHAP sekitar 2.4951.
- Panjang judul tender bernilai 84 dan meningkatkan skor risiko dengan kontribusi SHAP sekitar 2.0782.
- Waktu publikasi pada kuartal iv bernilai 0 dan meningkatkan skor risiko dengan kontribusi SHAP sekitar 0.9644.",,,,,,,
403,test,74185,near_decision_threshold,0.5297,False,0.019524,0.5,0.5,-0.019524,-0.380573,ocds-20h3g7-3441578,PENGADAAN MEUBELAIR,2023-08-14 00:00:00+00:00,Kepolisian Negara Republik Indonesia,PT. BAHTERA CIPTA ARTISTIKA,2005056000.0,2004118542.0,2,2,High Risk,0.480476,0.119427,0.400097,0.480476,0.972475,Risiko Tinggi,model_only,Diturunkan dari triase model: High Risk dengan probabilitas 48.05%.,,,False,f_title_length=4.0237 | f_buyer_supplier_repeat_count=3.2176 | f_is_q4=-1.7367,"Peringkat investigatif paket ini adalah **Risiko Tinggi**.
Diturunkan dari triase model: High Risk dengan probabilitas 48.05%.
Model mengklasifikasikan paket ini sebagai **High Risk** dengan probabilitas 48.05%.
Catatan penting: ini adalah triase risiko, bukan bukti fraud final. Status kritis hanya boleh dinaikkan bila ada bukti resmi yang terhubung.
Faktor yang paling memengaruhi prediksi adalah:
- Panjang judul tender bernilai 19 dan meningkatkan skor risiko dengan kontribusi SHAP sekitar 4.0237.
- Frekuensi hubungan buyer-supplier berulang bernilai 13 dan meningkatkan skor risiko dengan kontribusi SHAP sekitar 3.2176.
- Waktu publikasi pada kuartal iv bernilai 0 dan menurunkan skor risiko dengan kontribusi SHAP sekitar 1.7367.",,,,,,,
404,test,43939,near_decision_threshold,0.529193,True,0.019527,0.5,0.5,-0.426986,0.019527,ocds-20h3g7-2013399,Sewa Helikopter Untuk Mendukung Pelaksanaan Kegiatan Pemasangan dan Pengukuran Pilar OBP RI - Malaysia,2023-06-09 00:00:00+00:00,Badan Informasi Geospasial,PT. SMART CAKRAWALA AVIATION,5085465000.0,5077450800.0,1,0,Low Risk,0.519527,0.519527,0.407458,0.073014,0.897114,Aman,model_only,Diturunkan dari triase model: Low Risk dengan probabilitas 51.95%.,,,False,f_tender_value_log=-2.2770 | f_title_length=2.0216 | f_price_deviation_ratio=1.1966,"Peringkat investigatif paket ini adalah **Aman**.
Diturunkan dari triase model: Low Risk dengan probabilitas 51.95%.
Model mengklasifikasikan paket ini sebagai **Low Risk** dengan probabilitas 51.95%.
Catatan penting: ini adalah triase risiko, bukan bukti fraud final. Status kritis hanya boleh dinaikkan bila ada bukti resmi yang terhubung.
Faktor yang paling memengaruhi prediksi adalah:
- Nilai tender bernilai 22.3497 dan menurunkan skor risiko dengan kontribusi SHAP sekitar 2.2770.
- Panjang judul tender bernilai 102 dan meningkatkan skor risiko dengan kontribusi SHAP sekitar 2.0216.
- Rasio deviasi harga terhadap nilai tender bernilai 0.9984 dan meningkatkan skor risiko dengan kontribusi SHAP sekitar 1.1966.",,,,,,,
405,test,61888,near_decision_threshold,0.542513,False,0.019674,0.5,0.5,0.019674,-0.389423,ocds-20h3g7-25191638,Belanja Barang Penggantian/Rehabilitasi Jembatan Gantung,2023-07-09 00:00:00+00:00,Pemerintah Daerah Kabupaten Bogor,PT. SAEKA UTAMA PERKASA,1678578150.0,1678578150.0,2,2,High Risk,0.519674,0.110577,0.369749,0.519674,0.951525,Risiko Tinggi,model_only,Diturunkan dari triase model: High Risk dengan probabilitas 51.97%.,,,False,f_price_deviation_ratio=4.2663 | f_buyer_supplier_repeat_count=3.4774 | f_is_q4=-2.1086,"Peringkat investigatif paket ini adalah **Risiko Tinggi**.
Diturunkan dari triase model: High Risk dengan probabilitas 51.97%.
Model mengklasifikasikan paket ini sebagai **High Risk** dengan probabilitas 51.97%.
Catatan penting: ini adalah triase risiko, bukan bukti fraud final. Status kritis hanya boleh dinaikkan bila ada bukti resmi yang terhubung.
Faktor yang paling memengaruhi prediksi adalah:
- Rasio deviasi harga terhadap nilai tender bernilai 1 dan meningkatkan skor risiko dengan kontribusi SHAP sekitar 4.2663.
- Frekuensi hubungan buyer-supplier berulang bernilai 2 dan meningkatkan skor risiko dengan kontribusi SHAP sekitar 3.4774.
- Waktu publikasi pada kuartal iv bernilai 0 dan menurunkan skor risiko dengan kontribusi SHAP sekitar 2.1086.",,,,,,,
406,test,65194,near_decision_threshold,0.529193,False,0.021091,0.5,0.5,-0.021091,-0.377782,ocds-20h3g7-19972170,Pengadaan Jaket KKN,2023-07-18 00:00:00+00:00,Kementerian Agama,CV ELFA'S,319170341.28,299966400.0,2,2,High Risk,0.478909,0.122218,0.398874,0.478909,0.976099,Risiko Tinggi,model_only,Diturunkan dari triase model: High Risk dengan probabilitas 47.89%.,,,False,f_title_length=4.0906 | f_buyer_supplier_repeat_count=3.4420 | f_is_q4=-1.7540,"Peringkat investigatif paket ini adalah **Risiko Tinggi**.
Diturunkan dari triase model: High Risk dengan probabilitas 47.89%.
Model mengklasifikasikan paket ini sebagai **High Risk** dengan probabilitas 47.89%.
Catatan penting: ini adalah triase risiko, bukan bukti fraud final. Status kritis hanya boleh dinaikkan bila ada bukti resmi yang terhubung.
Faktor yang paling memengaruhi prediksi adalah:
- Panjang judul tender bernilai 19 dan meningkatkan skor risiko dengan kontribusi SHAP sekitar 4.0906.
- Frekuensi hubungan buyer-supplier berulang bernilai 3 dan meningkatkan skor risiko dengan kontribusi SHAP sekitar 3.4420.
- Waktu publikasi pada kuartal iv bernilai 0 dan menurunkan skor risiko dengan kontribusi SHAP sekitar 1.7540.",,,,,,,
407,test,22660,near_decision_threshold,0.527461,False,0.021487,0.5,0.5,-0.021487,-0.382905,ocds-20h3g7-3398483,Fisik Pembangunan Gedung Manajemen,2023-05-03 00:00:00+00:00,Pemerintah Daerah Kabupaten Pulang Pisau,CV. BINTANG KATATAU,5000000000.0,4961499169.93,2,2,High Risk,0.478513,0.117095,0.404392,0.478513,0.969965,Risiko Tinggi,model_only,Diturunkan dari triase model: High Risk dengan probabilitas 47.85%.,,,False,f_buyer_supplier_repeat_count=4.1712 | f_is_q4=-1.9070 | f_supplier_recent_90d_award_count=-1.5250,"Peringkat investigatif paket ini adalah **Risiko Tinggi**.
Diturunkan dari triase model: High Risk dengan probabilitas 47.85%.
Model mengklasifikasikan paket ini sebagai **High Risk** dengan probabilitas 47.85%.
Catatan penting: ini adalah triase risiko, bukan bukti fraud final. Status kritis hanya boleh dinaikkan bila ada bukti resmi yang terhubung.
Faktor yang paling memengaruhi prediksi adalah:
- Frekuensi hubungan buyer-supplier berulang bernilai 7 dan meningkatkan skor risiko dengan kontribusi SHAP sekitar 4.1712.
- Waktu publikasi pada kuartal iv bernilai 0 dan menurunkan skor risiko dengan kontribusi SHAP sekitar 1.9070.
- F supplier recent 90d award count bernilai 1 dan menurunkan skor risiko dengan kontribusi SHAP sekitar 1.5250.",,,,,,,
408,test,68065,near_decision_threshold,0.548871,False,0.021881,0.5,0.5,0.021881,-0.362573,ocds-20h3g7-4406678,Rehab Kantor Bupati,2023-07-26 00:00:00+00:00,Pemerintah Daerah Kabupaten Morowali Utara,cv.putra maleo,6000000000.0,5898300571.85,2,2,High Risk,0.521881,0.137427,0.340692,0.521881,0.978983,Risiko Tinggi,model_only,Diturunkan dari triase model: High Risk dengan probabilitas 52.19%.,,,False,f_title_length=3.7069 | f_tender_value_log=3.1521 | f_buyer_supplier_repeat_count=-1.8532,"Peringkat investigatif paket ini adalah **Risiko Tinggi**.
Diturunkan dari triase model: High Risk dengan probabilitas 52.19%.
Model mengklasifikasikan paket ini sebagai **High Risk** dengan probabilitas 52.19%.
Catatan penting: ini adalah triase risiko, bukan bukti fraud final. Status kritis hanya boleh dinaikkan bila ada bukti resmi yang terhubung.
Faktor yang paling memengaruhi prediksi adalah:
- Panjang judul tender bernilai 19 dan meningkatkan skor risiko dengan kontribusi SHAP sekitar 3.7069.
- Nilai tender bernilai 22.515 dan meningkatkan skor risiko dengan kontribusi SHAP sekitar 3.1521.
- Frekuensi hubungan buyer-supplier berulang bernilai 0 dan menurunkan skor risiko dengan kontribusi SHAP sekitar 1.8532.",,,,,,,
409,test,56010,near_decision_threshold,0.545163,False,0.023456,0.5,0.5,0.023456,-0.378731,ocds-20h3g7-2066680,Belanja Modal Pagar,2023-06-26 00:00:00+00:00,Pemerintah Daerah Kabupaten Lembata,CV. Dwi Karya Abadi,350000000.0,330112610.0,2,2,High Risk,0.523456,0.121269,0.355276,0.523456,0.962342,Risiko Tinggi,model_only,Diturunkan dari triase model: High Risk dengan probabilitas 52.35%.,,,False,f_title_length=4.1556 | f_buyer_supplier_repeat_count=3.1549 | f_is_q4=-1.7703,"Peringkat investigatif paket ini adalah **Risiko Tinggi**.
Diturunkan dari triase model: High Risk dengan probabilitas 52.35%.
Model mengklasifikasikan paket ini sebagai **High Risk** dengan probabilitas 52.35%.
Catatan penting: ini adalah triase risiko, bukan bukti fraud final. Status kritis hanya boleh dinaikkan bila ada bukti resmi yang terhubung.
Faktor yang paling memengaruhi prediksi adalah:
- Panjang judul tender bernilai 19 dan meningkatkan skor risiko dengan kontribusi SHAP sekitar 4.1556.
- Frekuensi hubungan buyer-supplier berulang bernilai 6 dan meningkatkan skor risiko dengan kontribusi SHAP sekitar 3.1549.
- Waktu publikasi pada kuartal iv bernilai 0 dan menurunkan skor risiko dengan kontribusi SHAP sekitar 1.7703.",,,,,,,
410,test,5502,near_decision_threshold,0.529915,True,0.024378,0.5,0.5,-0.423449,0.024378,ocds-20h3g7-4600254,Paket 1 (Satu) Peningkatan Jalan Kecamatan Bandar Petalangan,2023-03-21 00:00:00+00:00,Pemerintah Daerah Kabupaten Pelalawan,ANDI BINA CITRA,5015605578.01,4714553924.7,1,0,Low Risk,0.524378,0.524378,0.399071,0.076551,0.901822,Aman,model_only,Diturunkan dari triase model: Low Risk dengan probabilitas 52.44%.,,,False,f_tender_value_log=-2.2069 | f_title_length=1.9379 | f_is_q4=0.9465,"Peringkat investigatif paket ini adalah **Aman**.
Diturunkan dari triase model: Low Risk dengan probabilitas 52.44%.
Model mengklasifikasikan paket ini sebagai **Low Risk** dengan probabilitas 52.44%.
Catatan penting: ini adalah triase risiko, bukan bukti fraud final. Status kritis hanya boleh dinaikkan bila ada bukti resmi yang terhubung.
Faktor yang paling memengaruhi prediksi adalah:
- Nilai tender bernilai 22.3358 dan menurunkan skor risiko dengan kontribusi SHAP sekitar 2.2069.
- Panjang judul tender bernilai 60 dan meningkatkan skor risiko dengan kontribusi SHAP sekitar 1.9379.
- Waktu publikasi pada kuartal iv bernilai 0 dan meningkatkan skor risiko dengan kontribusi SHAP sekitar 0.9465.",,,,,,,
411,test,76550,near_decision_threshold,0.525635,False,0.024467,0.5,0.5,-0.024467,-0.380779,ocds-20h3g7-3580295,Perencanaan Stadion,2023-08-23 00:00:00+00:00,Pemerintah Daerah Kabupaten Morowali,CV. STB 64,800000000.0,786844173.75,2,2,High Risk,0.475533,0.119221,0.405246,0.475533,0.973072,Risiko Tinggi,model_only,Diturunkan dari triase model: High Risk dengan probabilitas 47.55%.,,,False,f_title_length=4.0872 | f_buyer_supplier_repeat_count=3.2488 | f_is_q4=-1.7668,"Peringkat investigatif paket ini adalah **Risiko Tinggi**.
Diturunkan dari triase model: High Risk dengan probabilitas 47.55%.
Model mengklasifikasikan paket ini sebagai **High Risk** dengan probabilitas 47.55%.
Catatan penting: ini adalah triase risiko, bukan bukti fraud final. Status kritis hanya boleh dinaikkan bila ada bukti resmi yang terhubung.
Faktor yang paling memengaruhi prediksi adalah:
- Panjang judul tender bernilai 19 dan meningkatkan skor risiko dengan kontribusi SHAP sekitar 4.0872.
- Frekuensi hubungan buyer-supplier berulang bernilai 8 dan meningkatkan skor risiko dengan kontribusi SHAP sekitar 3.2488.
- Waktu publikasi pada kuartal iv bernilai 0 dan menurunkan skor risiko dengan kontribusi SHAP sekitar 1.7668.",,,,,,,
412,test,23119,near_decision_threshold,0.550742,False,0.024595,0.5,0.5,0.024595,-0.352187,ocds-20h3g7-2419605,Har Ranmor,2023-05-04 00:00:00+00:00,Kementerian Pertahanan,PT. MATANAURA PERKASA,6403260480.0,6372955000.0,2,2,High Risk,0.524595,0.147813,0.327593,0.524595,0.986609,Risiko Tinggi,model_only,Diturunkan dari triase model: High Risk dengan probabilitas 52.46%.,,,False,f_title_length=4.6001 | f_tender_value_log=3.4961 | f_is_q4=-2.0658,"Peringkat investigatif paket ini adalah **Risiko Tinggi**.
Diturunkan dari triase model: High Risk dengan probabilitas 52.46%.
Model mengklasifikasikan paket ini sebagai **High Risk** dengan probabilitas 52.46%.
Catatan penting: ini adalah triase risiko, bukan bukti fraud final. Status kritis hanya boleh dinaikkan bila ada bukti resmi yang terhubung.
Faktor yang paling memengaruhi prediksi adalah:
- Panjang judul tender bernilai 10 dan meningkatkan skor risiko dengan kontribusi SHAP sekitar 4.6001.
- Nilai tender bernilai 22.5801 dan meningkatkan skor risiko dengan kontribusi SHAP sekitar 3.4961.
- Waktu publikasi pada kuartal iv bernilai 0 dan menurunkan skor risiko dengan kontribusi SHAP sekitar 2.0658.",,,,,,,
413,test,70517,near_decision_threshold,0.523266,False,0.024703,0.5,0.5,-0.024703,-0.388336,ocds-20h3g7-5521191,KONSULTAN PERENCANA,2023-08-02 00:00:00+00:00,Badan Pengawas Obat Dan Makanan,CV.SMARTSEVEN CONSULTANT,649964351.7,591504736.5,2,2,High Risk,0.475297,0.111664,0.413039,0.475297,0.963545,Risiko Tinggi,model_only,Diturunkan dari triase model: High Risk dengan probabilitas 47.53%.,,,False,f_title_length=3.9078 | f_supplier_recent_90d_award_count=3.4963 | f_buyer_supplier_repeat_count=-1.8529,"Peringkat investigatif paket ini adalah **Risiko Tinggi**.
Diturunkan dari triase model: High Risk dengan probabilitas 47.53%.
Model mengklasifikasikan paket ini sebagai **High Risk** dengan probabilitas 47.53%.
Catatan penting: ini adalah triase risiko, bukan bukti fraud final. Status kritis hanya boleh dinaikkan bila ada bukti resmi yang terhubung.
Faktor yang paling memengaruhi prediksi adalah:
- Panjang judul tender bernilai 19 dan meningkatkan skor risiko dengan kontribusi SHAP sekitar 3.9078.
- F supplier recent 90d award count bernilai 4 dan meningkatkan skor risiko dengan kontribusi SHAP sekitar 3.4963.
- Frekuensi hubungan buyer-supplier berulang bernilai 0 dan menurunkan skor risiko dengan kontribusi SHAP sekitar 1.8529.",,,,,,,
414,test,84971,near_decision_threshold,0.544199,False,0.025408,0.5,0.5,0.025408,-0.382311,ocds-20h3g7-8346259,Jl. Berebah I (DID),2023-09-22 00:00:00+00:00,Pemerintah Daerah Kota Jambi,CV. Mulia Vision,274880646.78,273981629.72,2,2,High Risk,0.525408,0.117689,0.356902,0.525408,0.957677,Risiko Tinggi,model_only,Diturunkan dari triase model: High Risk dengan probabilitas 52.54%.,,,False,f_title_length=4.1624 | f_buyer_supplier_repeat_count=3.3477 | f_is_q4=-1.7513,"Peringkat investigatif paket ini adalah **Risiko Tinggi**.
Diturunkan dari triase model: High Risk dengan probabilitas 52.54%.
Model mengklasifikasikan paket ini sebagai **High Risk** dengan probabilitas 52.54%.
Catatan penting: ini adalah triase risiko, bukan bukti fraud final. Status kritis hanya boleh dinaikkan bila ada bukti resmi yang terhubung.
Faktor yang paling memengaruhi prediksi adalah:
- Panjang judul tender bernilai 19 dan meningkatkan skor risiko dengan kontribusi SHAP sekitar 4.1624.
- Frekuensi hubungan buyer-supplier berulang bernilai 3 dan meningkatkan skor risiko dengan kontribusi SHAP sekitar 3.3477.
- Waktu publikasi pada kuartal iv bernilai 0 dan menurunkan skor risiko dengan kontribusi SHAP sekitar 1.7513.",,,,,,,
415,test,86265,near_decision_threshold,0.526531,False,0.02586,0.5,0.5,-0.02586,-0.373263,ocds-20h3g7-5789588,Perbaikan Posal Nipah Berserta Sarpras,2023-09-29 00:00:00+00:00,Kementerian Pertahanan,PT DWI SAHABAT INDONESIA,908091000.0,908091000.0,2,2,High Risk,0.47414,0.126737,0.399123,0.47414,0.98221,Risiko Tinggi,model_only,Diturunkan dari triase model: High Risk dengan probabilitas 47.41%.,,,False,f_price_deviation_ratio=4.1616 | f_buyer_supplier_repeat_count=3.2310 | f_is_q4=-2.1860,"Peringkat investigatif paket ini adalah **Risiko Tinggi**.
Diturunkan dari triase model: High Risk dengan probabilitas 47.41%.
Model mengklasifikasikan paket ini sebagai **High Risk** dengan probabilitas 47.41%.
Catatan penting: ini adalah triase risiko, bukan bukti fraud final. Status kritis hanya boleh dinaikkan bila ada bukti resmi yang terhubung.
Faktor yang paling memengaruhi prediksi adalah:
- Rasio deviasi harga terhadap nilai tender bernilai 1 dan meningkatkan skor risiko dengan kontribusi SHAP sekitar 4.1616.
- Frekuensi hubungan buyer-supplier berulang bernilai 14 dan meningkatkan skor risiko dengan kontribusi SHAP sekitar 3.2310.
- Waktu publikasi pada kuartal iv bernilai 0 dan menurunkan skor risiko dengan kontribusi SHAP sekitar 2.1860.",,,,,,,
416,test,36146,near_decision_threshold,0.530392,True,0.028313,0.5,0.5,-0.420635,0.028313,ocds-20h3g7-8523113,"Belanja Modal Bangunan Gedung Tempat Pendidikan,Pembangunan Sarana, Prasarana dan Utilitas Sekolah SD No. 2 Kekeran",2023-05-29 00:00:00+00:00,Pemerintah Daerah Kabupaten Badung,PT. KARYA NIRMALA UTAMA,4534336405.0,3237075456.0,1,0,Low Risk,0.528313,0.528313,0.392322,0.079365,0.90527,Aman,model_only,Diturunkan dari triase model: Low Risk dengan probabilitas 52.83%.,,,False,f_title_length=2.1223 | f_price_deviation_ratio=-1.9520 | f_is_q4=0.9435,"Peringkat investigatif paket ini adalah **Aman**.
Diturunkan dari triase model: Low Risk dengan probabilitas 52.83%.
Model mengklasifikasikan paket ini sebagai **Low Risk** dengan probabilitas 52.83%.
Catatan penting: ini adalah triase risiko, bukan bukti fraud final. Status kritis hanya boleh dinaikkan bila ada bukti resmi yang terhubung.
Faktor yang paling memengaruhi prediksi adalah:
- Panjang judul tender bernilai 115 dan meningkatkan skor risiko dengan kontribusi SHAP sekitar 2.1223.
- Rasio deviasi harga terhadap nilai tender bernilai 0.7139 dan menurunkan skor risiko dengan kontribusi SHAP sekitar 1.9520.
- Waktu publikasi pada kuartal iv bernilai 0 dan meningkatkan skor risiko dengan kontribusi SHAP sekitar 0.9435.",,,,,,,
417,test,14138,near_decision_threshold,0.522927,False,0.028995,0.5,0.5,-0.028995,-0.377212,ocds-20h3g7-4577592,DED Pembangunan TPA,2023-04-04 00:00:00+00:00,Pemerintah Daerah Kabupaten Bener Meriah,PT. KIMCIPTA PERSADA SEJAHTERA,399930000.0,392511806.4,2,2,High Risk,0.471005,0.122788,0.406208,0.471005,0.978084,Risiko Tinggi,model_only,Diturunkan dari triase model: High Risk dengan probabilitas 47.10%.,,,False,f_title_length=4.1155 | f_buyer_supplier_repeat_count=3.3457 | f_is_q4=-1.8522,"Peringkat investigatif paket ini adalah **Risiko Tinggi**.
Diturunkan dari triase model: High Risk dengan probabilitas 47.10%.
Model mengklasifikasikan paket ini sebagai **High Risk** dengan probabilitas 47.10%.
Catatan penting: ini adalah triase risiko, bukan bukti fraud final. Status kritis hanya boleh dinaikkan bila ada bukti resmi yang terhubung.
Faktor yang paling memengaruhi prediksi adalah:
- Panjang judul tender bernilai 19 dan meningkatkan skor risiko dengan kontribusi SHAP sekitar 4.1155.
- Frekuensi hubungan buyer-supplier berulang bernilai 2 dan meningkatkan skor risiko dengan kontribusi SHAP sekitar 3.3457.
- Waktu publikasi pada kuartal iv bernilai 0 dan menurunkan skor risiko dengan kontribusi SHAP sekitar 1.8522.",,,,,,,
418,test,89595,near_decision_threshold,0.519865,False,0.029109,0.5,0.5,-0.029109,-0.387626,ocds-20h3g7-10298555,Renovasi Ruang Aula,2023-10-16 00:00:00+00:00,Mahkamah Agung,CV.PUTRA TANJUNG PRATAMA,500000000.53,400000000.42,2,2,High Risk,0.470891,0.112374,0.416735,0.470891,0.965052,Risiko Tinggi,model_only,Diturunkan dari triase model: High Risk dengan probabilitas 47.09%.,,,False,f_title_length=3.9588 | f_is_q4=2.9275 | f_buyer_supplier_repeat_count=-1.9376,"Peringkat investigatif paket ini adalah **Risiko Tinggi**.
Diturunkan dari triase model: High Risk dengan probabilitas 47.09%.
Model mengklasifikasikan paket ini sebagai **High Risk** dengan probabilitas 47.09%.
Catatan penting: ini adalah triase risiko, bukan bukti fraud final. Status kritis hanya boleh dinaikkan bila ada bukti resmi yang terhubung.
Faktor yang paling memengaruhi prediksi adalah:
- Panjang judul tender bernilai 19 dan meningkatkan skor risiko dengan kontribusi SHAP sekitar 3.9588.
- Waktu publikasi pada kuartal iv bernilai 1 dan meningkatkan skor risiko dengan kontribusi SHAP sekitar 2.9275.
- Frekuensi hubungan buyer-supplier berulang bernilai 0 dan menurunkan skor risiko dengan kontribusi SHAP sekitar 1.9376.",,,,,,,
419,test,32987,near_decision_threshold,0.534701,True,0.029728,0.5,0.5,-0.414439,0.029728,ocds-20h3g7-5710062,",Belanja Modal Saluran Pembuang Pasang Surut - Pembangunan Turap Lokasi Parit Jl. Sultan Muhammad (Akses Waterfront)",2023-05-23 00:00:00+00:00,Pemerintah Daerah Kota Pontianak,CV.Virta Permata Jaya,4999770000.0,4863388710.3,1,0,Low Risk,0.529728,0.529728,0.384711,0.085561,0.91444,Aman,model_only,Diturunkan dari triase model: Low Risk dengan probabilitas 52.97%.,,,False,f_tender_value_log=-2.5080 | f_title_length=2.0856 | f_is_q4=0.9636,"Peringkat investigatif paket ini adalah **Aman**.
Diturunkan dari triase model: Low Risk dengan probabilitas 52.97%.
Model mengklasifikasikan paket ini sebagai **Low Risk** dengan probabilitas 52.97%.
Catatan penting: ini adalah triase risiko, bukan bukti fraud final. Status kritis hanya boleh dinaikkan bila ada bukti resmi yang terhubung.
Faktor yang paling memengaruhi prediksi adalah:
- Nilai tender bernilai 22.3327 dan menurunkan skor risiko dengan kontribusi SHAP sekitar 2.5080.
- Panjang judul tender bernilai 116 dan meningkatkan skor risiko dengan kontribusi SHAP sekitar 2.0856.
- Waktu publikasi pada kuartal iv bernilai 0 dan meningkatkan skor risiko dengan kontribusi SHAP sekitar 0.9636.",,,,,,,
420,test,88610,near_decision_threshold,0.518429,False,0.029901,0.5,0.5,-0.029901,-0.390222,ocds-20h3g7-RUP-5258434-44570659,Belanja Modal Pagar,2023-10-08 20:14:15+00:00,Pemerintah Daerah Kabupaten Lahat,,,,2,2,High Risk,0.470099,0.109778,0.420123,0.470099,0.961702,Risiko Tinggi,model_only,Diturunkan dari triase model: High Risk dengan probabilitas 47.01%.,,,False,f_title_length=4.0061 | f_is_q4=3.1739 | f_buyer_supplier_repeat_count=-1.9299,"Peringkat investigatif paket ini adalah **Risiko Tinggi**.
Diturunkan dari triase model: High Risk dengan probabilitas 47.01%.
Model mengklasifikasikan paket ini sebagai **High Risk** dengan probabilitas 47.01%.
Catatan penting: ini adalah triase risiko, bukan bukti fraud final. Status kritis hanya boleh dinaikkan bila ada bukti resmi yang terhubung.
Faktor yang paling memengaruhi prediksi adalah:
- Panjang judul tender bernilai 19 dan meningkatkan skor risiko dengan kontribusi SHAP sekitar 4.0061.
- Waktu publikasi pada kuartal iv bernilai 1 dan meningkatkan skor risiko dengan kontribusi SHAP sekitar 3.1739.
- Frekuensi hubungan buyer-supplier berulang bernilai 0 dan menurunkan skor risiko dengan kontribusi SHAP sekitar 1.9299.",,,,,,,
421,test,32926,near_decision_threshold,0.519769,False,0.030118,0.5,0.5,-0.030118,-0.385141,ocds-20h3g7-2849155,DI. Talang Kemuning,2023-05-23 00:00:00+00:00,Pemerintah Daerah Kabupaten Kerinci,CV. TIGA PUTRI,400000000.0,390120020.32,2,2,High Risk,0.469882,0.114859,0.415259,0.469882,0.968401,Risiko Tinggi,model_only,Diturunkan dari triase model: High Risk dengan probabilitas 46.99%.,,,False,f_title_length=4.1217 | f_buyer_supplier_repeat_count=3.3104 | f_is_q4=-1.7224,"Peringkat investigatif paket ini adalah **Risiko Tinggi**.
Diturunkan dari triase model: High Risk dengan probabilitas 46.99%.
Model mengklasifikasikan paket ini sebagai **High Risk** dengan probabilitas 46.99%.
Catatan penting: ini adalah triase risiko, bukan bukti fraud final. Status kritis hanya boleh dinaikkan bila ada bukti resmi yang terhubung.
Faktor yang paling memengaruhi prediksi adalah:
- Panjang judul tender bernilai 19 dan meningkatkan skor risiko dengan kontribusi SHAP sekitar 4.1217.
- Frekuensi hubungan buyer-supplier berulang bernilai 2 dan meningkatkan skor risiko dengan kontribusi SHAP sekitar 3.3104.
- Waktu publikasi pada kuartal iv bernilai 0 dan menurunkan skor risiko dengan kontribusi SHAP sekitar 1.7224.",,,,,,,
422,test,71452,near_decision_threshold,0.520868,False,0.030789,0.5,0.5,-0.030789,-0.37936,ocds-20h3g7-5157306,Rehap Pustu Nuangan,2023-08-04 00:00:00+00:00,Pemerintah Daerah Kabupaten Lamandau,CV. PUTRA TUNGGAL,300000000.0,297400000.0,2,2,High Risk,0.469211,0.12064,0.41015,0.469211,0.975739,Risiko Tinggi,model_only,Diturunkan dari triase model: High Risk dengan probabilitas 46.92%.,,,False,f_title_length=4.0056 | f_buyer_supplier_repeat_count=3.2265 | f_is_q4=-1.7527,"Peringkat investigatif paket ini adalah **Risiko Tinggi**.
Diturunkan dari triase model: High Risk dengan probabilitas 46.92%.
Model mengklasifikasikan paket ini sebagai **High Risk** dengan probabilitas 46.92%.
Catatan penting: ini adalah triase risiko, bukan bukti fraud final. Status kritis hanya boleh dinaikkan bila ada bukti resmi yang terhubung.
Faktor yang paling memengaruhi prediksi adalah:
- Panjang judul tender bernilai 19 dan meningkatkan skor risiko dengan kontribusi SHAP sekitar 4.0056.
- Frekuensi hubungan buyer-supplier berulang bernilai 4 dan meningkatkan skor risiko dengan kontribusi SHAP sekitar 3.2265.
- Waktu publikasi pada kuartal iv bernilai 0 dan menurunkan skor risiko dengan kontribusi SHAP sekitar 1.7527.",,,,,,,
423,test,61946,near_decision_threshold,0.546458,False,0.031111,0.5,0.5,0.031111,-0.37172,ocds-20h3g7-14596286,Revitalisasi Pasar Ikan PPC Tahap II Kab. Cilacap (Bankeu),2023-07-10 00:00:00+00:00,Pemerintah Daerah Kabupaten Cilacap,CV. JAKASUTRA JAYA,4097363508.05,3568379941.09,2,2,High Risk,0.531111,0.12828,0.340608,0.531111,0.96635,Risiko Tinggi,model_only,Diturunkan dari triase model: High Risk dengan probabilitas 53.11%.,,,False,f_tender_value_zscore_buyer=4.1395 | f_buyer_supplier_repeat_count=3.5279 | f_is_q4=-2.0109,"Peringkat investigatif paket ini adalah **Risiko Tinggi**.
Diturunkan dari triase model: High Risk dengan probabilitas 53.11%.
Model mengklasifikasikan paket ini sebagai **High Risk** dengan probabilitas 53.11%.
Catatan penting: ini adalah triase risiko, bukan bukti fraud final. Status kritis hanya boleh dinaikkan bila ada bukti resmi yang terhubung.
Faktor yang paling memengaruhi prediksi adalah:
- F tender value zscore buyer bernilai 2.0683 dan meningkatkan skor risiko dengan kontribusi SHAP sekitar 4.1395.
- Frekuensi hubungan buyer-supplier berulang bernilai 2 dan meningkatkan skor risiko dengan kontribusi SHAP sekitar 3.5279.
- Waktu publikasi pada kuartal iv bernilai 0 dan menurunkan skor risiko dengan kontribusi SHAP sekitar 2.0109.",,,,,,,
424,test,24428,near_decision_threshold,0.543841,False,0.032154,0.5,0.5,0.032154,-0.382623,ocds-20h3g7-24655638,UM Jaga Militer Yonif Raider 754/ENK,2023-05-06 00:00:00+00:00,Kementerian Pertahanan,PT. Graha Boga Mandiri,293204000.0,293204000.0,2,2,High Risk,0.532154,0.117377,0.350469,0.532154,0.95462,Risiko Tinggi,model_only,Diturunkan dari triase model: High Risk dengan probabilitas 53.22%.,,,False,f_price_deviation_ratio=4.4660 | f_buyer_supplier_repeat_count=3.3447 | f_is_q4=-2.1234,"Peringkat investigatif paket ini adalah **Risiko Tinggi**.
Diturunkan dari triase model: High Risk dengan probabilitas 53.22%.
Model mengklasifikasikan paket ini sebagai **High Risk** dengan probabilitas 53.22%.
Catatan penting: ini adalah triase risiko, bukan bukti fraud final. Status kritis hanya boleh dinaikkan bila ada bukti resmi yang terhubung.
Faktor yang paling memengaruhi prediksi adalah:
- Rasio deviasi harga terhadap nilai tender bernilai 1 dan meningkatkan skor risiko dengan kontribusi SHAP sekitar 4.4660.
- Frekuensi hubungan buyer-supplier berulang bernilai 6 dan meningkatkan skor risiko dengan kontribusi SHAP sekitar 3.3447.
- Waktu publikasi pada kuartal iv bernilai 0 dan menurunkan skor risiko dengan kontribusi SHAP sekitar 2.1234.",,,,,,,
425,test,46065,near_decision_threshold,0.527409,True,0.032404,0.5,0.5,-0.421939,0.032404,ocds-20h3g7-22955252,Pekerjaan Fisik Konstruksi Rehabilitasi Kantor Imigrasi Kelas II TPI Atambua Provinsi Nusa Tenggara Timur Tahun Anggaran 2023,2023-06-13 00:00:00+00:00,Kementerian Hukum Dan Hak Asasi Manusia RI,JAYA ADI PRAMANA,5097681000.0,4965878446.09,1,0,Low Risk,0.532404,0.532404,0.389535,0.078061,0.901933,Aman,model_only,Diturunkan dari triase model: Low Risk dengan probabilitas 53.24%.,,,False,f_title_length=2.0403 | f_tender_value_log=-1.9777 | f_award_value_log=-1.1553,"Peringkat investigatif paket ini adalah **Aman**.
Diturunkan dari triase model: Low Risk dengan probabilitas 53.24%.
Model mengklasifikasikan paket ini sebagai **Low Risk** dengan probabilitas 53.24%.
Catatan penting: ini adalah triase risiko, bukan bukti fraud final. Status kritis hanya boleh dinaikkan bila ada bukti resmi yang terhubung.
Faktor yang paling memengaruhi prediksi adalah:
- Panjang judul tender bernilai 125 dan meningkatkan skor risiko dengan kontribusi SHAP sekitar 2.0403.
- Nilai tender bernilai 22.3521 dan menurunkan skor risiko dengan kontribusi SHAP sekitar 1.9777.
- Nilai pemenang bernilai 22.3259 dan menurunkan skor risiko dengan kontribusi SHAP sekitar 1.1553.",,,,,,,
426,test,44995,near_decision_threshold,0.519461,False,0.032769,0.5,0.5,-0.032769,-0.378583,ocds-20h3g7-6316460,Belanja Modal Pagar,2023-06-10 00:00:00+00:00,Pemerintah Daerah Kabupaten Aceh Selatan,CV. B.S.A SUKSES MANDIRI,389143000.0,383187004.17,2,2,High Risk,0.467231,0.121417,0.411351,0.467231,0.976948,Risiko Tinggi,model_only,Diturunkan dari triase model: High Risk dengan probabilitas 46.72%.,,,False,f_title_length=4.0992 | f_buyer_supplier_repeat_count=3.3313 | f_is_q4=-1.7711,"Peringkat investigatif paket ini adalah **Risiko Tinggi**.
Diturunkan dari triase model: High Risk dengan probabilitas 46.72%.
Model mengklasifikasikan paket ini sebagai **High Risk** dengan probabilitas 46.72%.
Catatan penting: ini adalah triase risiko, bukan bukti fraud final. Status kritis hanya boleh dinaikkan bila ada bukti resmi yang terhubung.
Faktor yang paling memengaruhi prediksi adalah:
- Panjang judul tender bernilai 19 dan meningkatkan skor risiko dengan kontribusi SHAP sekitar 4.0992.
- Frekuensi hubungan buyer-supplier berulang bernilai 3 dan meningkatkan skor risiko dengan kontribusi SHAP sekitar 3.3313.
- Waktu publikasi pada kuartal iv bernilai 0 dan menurunkan skor risiko dengan kontribusi SHAP sekitar 1.7711.",,,,,,,
427,test,51839,near_decision_threshold,0.518316,False,0.032843,0.5,0.5,-0.032843,-0.38242,ocds-20h3g7-3746683,RF Signal Generator,2023-06-20 00:00:00+00:00,Kementerian Komunikasi Dan Informatika,PT. Unitronic Jaya,519480000.0,487956000.0,2,2,High Risk,0.467157,0.11758,0.415263,0.467157,0.972195,Risiko Tinggi,model_only,Diturunkan dari triase model: High Risk dengan probabilitas 46.72%.,,,False,f_title_length=3.9813 | f_buyer_supplier_repeat_count=3.2963 | f_is_q4=-1.7104,"Peringkat investigatif paket ini adalah **Risiko Tinggi**.
Diturunkan dari triase model: High Risk dengan probabilitas 46.72%.
Model mengklasifikasikan paket ini sebagai **High Risk** dengan probabilitas 46.72%.
Catatan penting: ini adalah triase risiko, bukan bukti fraud final. Status kritis hanya boleh dinaikkan bila ada bukti resmi yang terhubung.
Faktor yang paling memengaruhi prediksi adalah:
- Panjang judul tender bernilai 19 dan meningkatkan skor risiko dengan kontribusi SHAP sekitar 3.9813.
- Frekuensi hubungan buyer-supplier berulang bernilai 10 dan meningkatkan skor risiko dengan kontribusi SHAP sekitar 3.2963.
- Waktu publikasi pada kuartal iv bernilai 0 dan menurunkan skor risiko dengan kontribusi SHAP sekitar 1.7104.",,,,,,,
428,test,63845,near_decision_threshold,0.516954,False,0.032871,0.5,0.5,-0.032871,-0.386991,ocds-20h3g7-7686093,Rehab Jembatan BEKO,2023-07-14 00:00:00+00:00,Pemerintah Daerah Kabupaten Bandung,CV. SOUTHGATE MAKMUR SENTOSA,498303700.0,398642960.11,2,2,High Risk,0.467129,0.113009,0.419862,0.467129,0.966316,Risiko Tinggi,model_only,Diturunkan dari triase model: High Risk dengan probabilitas 46.71%.,,,False,f_title_length=3.9891 | f_supplier_recent_90d_award_count=3.1909 | f_buyer_supplier_repeat_count=-1.8614,"Peringkat investigatif paket ini adalah **Risiko Tinggi**.
Diturunkan dari triase model: High Risk dengan probabilitas 46.71%.
Model mengklasifikasikan paket ini sebagai **High Risk** dengan probabilitas 46.71%.
Catatan penting: ini adalah triase risiko, bukan bukti fraud final. Status kritis hanya boleh dinaikkan bila ada bukti resmi yang terhubung.
Faktor yang paling memengaruhi prediksi adalah:
- Panjang judul tender bernilai 19 dan meningkatkan skor risiko dengan kontribusi SHAP sekitar 3.9891.
- F supplier recent 90d award count bernilai 4 dan meningkatkan skor risiko dengan kontribusi SHAP sekitar 3.1909.
- Frekuensi hubungan buyer-supplier berulang bernilai 0 dan menurunkan skor risiko dengan kontribusi SHAP sekitar 1.8614.",,,,,,,
429,test,72828,near_decision_threshold,0.547154,False,0.033314,0.5,0.5,0.033314,-0.367969,ocds-20h3g7-7178398,Revitalisasi Pasar Jamblang Kab. Cirebon (Bagian Barat) (BKK JABAR),2023-08-09 00:00:00+00:00,Pemerintah Daerah Kabupaten Cirebon,cv.gunung parang,4436000000.0,4332788239.65,2,2,High Risk,0.533314,0.132031,0.334655,0.533314,0.968922,Risiko Tinggi,model_only,Diturunkan dari triase model: High Risk dengan probabilitas 53.33%.,,,False,f_tender_value_zscore_buyer=4.0944 | f_title_length=-3.5181 | f_supplier_recent_90d_award_count=3.4933,"Peringkat investigatif paket ini adalah **Risiko Tinggi**.
Diturunkan dari triase model: High Risk dengan probabilitas 53.33%.
Model mengklasifikasikan paket ini sebagai **High Risk** dengan probabilitas 53.33%.
Catatan penting: ini adalah triase risiko, bukan bukti fraud final. Status kritis hanya boleh dinaikkan bila ada bukti resmi yang terhubung.
Faktor yang paling memengaruhi prediksi adalah:
- F tender value zscore buyer bernilai 2.0755 dan meningkatkan skor risiko dengan kontribusi SHAP sekitar 4.0944.
- Panjang judul tender bernilai 67 dan menurunkan skor risiko dengan kontribusi SHAP sekitar 3.5181.
- F supplier recent 90d award count bernilai 3 dan meningkatkan skor risiko dengan kontribusi SHAP sekitar 3.4933.",,,,,,,
430,test,52990,near_decision_threshold,0.52248,True,0.033597,0.5,0.5,-0.427235,0.033597,ocds-20h3g7-5325549,Peningkatan Jaringan Distribusi SPAM Regional Mebidang Kec. Sunggal,2023-06-21 00:00:00+00:00,LPSE Kabupaten Deli Serdang,CV MITRA PERKASA,5003043786.54,4752891597.65,1,0,Low Risk,0.533597,0.533597,0.393638,0.072765,0.892841,Aman,model_only,Diturunkan dari triase model: Low Risk dengan probabilitas 53.36%.,,,False,f_tender_value_log=-2.0487 | f_title_length=2.0204 | f_is_q4=0.9562,"Peringkat investigatif paket ini adalah **Aman**.
Diturunkan dari triase model: Low Risk dengan probabilitas 53.36%.
Model mengklasifikasikan paket ini sebagai **Low Risk** dengan probabilitas 53.36%.
Catatan penting: ini adalah triase risiko, bukan bukti fraud final. Status kritis hanya boleh dinaikkan bila ada bukti resmi yang terhubung.
Faktor yang paling memengaruhi prediksi adalah:
- Nilai tender bernilai 22.3333 dan menurunkan skor risiko dengan kontribusi SHAP sekitar 2.0487.
- Panjang judul tender bernilai 67 dan meningkatkan skor risiko dengan kontribusi SHAP sekitar 2.0204.
- Waktu publikasi pada kuartal iv bernilai 0 dan meningkatkan skor risiko dengan kontribusi SHAP sekitar 0.9562.",,,,,,,
431,test,64197,near_decision_threshold,0.518824,False,0.03467,0.5,0.5,-0.03467,-0.375211,ocds-20h3g7-7076098,Pasirkacapi - Cokel,2023-07-14 00:00:00+00:00,Pemerintah Daerah Kabupaten Lebak,CV. BINTANG WIFAR,2604476000.0,2531385365.1,2,2,High Risk,0.46533,0.124789,0.409882,0.46533,0.981251,Risiko Tinggi,model_only,Diturunkan dari triase model: High Risk dengan probabilitas 46.53%.,,,False,f_title_length=4.1239 | f_buyer_supplier_repeat_count=3.1180 | f_is_q4=-1.7714,"Peringkat investigatif paket ini adalah **Risiko Tinggi**.
Diturunkan dari triase model: High Risk dengan probabilitas 46.53%.
Model mengklasifikasikan paket ini sebagai **High Risk** dengan probabilitas 46.53%.
Catatan penting: ini adalah triase risiko, bukan bukti fraud final. Status kritis hanya boleh dinaikkan bila ada bukti resmi yang terhubung.
Faktor yang paling memengaruhi prediksi adalah:
- Panjang judul tender bernilai 19 dan meningkatkan skor risiko dengan kontribusi SHAP sekitar 4.1239.
- Frekuensi hubungan buyer-supplier berulang bernilai 6 dan meningkatkan skor risiko dengan kontribusi SHAP sekitar 3.1180.
- Waktu publikasi pada kuartal iv bernilai 0 dan menurunkan skor risiko dengan kontribusi SHAP sekitar 1.7714.",,,,,,,
432,test,18112,near_decision_threshold,0.517023,False,0.034699,0.5,0.5,-0.034699,-0.381596,ocds-20h3g7-1849650,Peningkatan Jalan Kayumoyondi - Perkebunan (DAK),2023-04-12 00:00:00+00:00,Pemerintah Daerah Kabupaten Bolaang Mongondow Timur,CV. BERKAT ANUGERAH BERSAMA,4999999956.39,4974500320.77,2,2,High Risk,0.465301,0.118404,0.416296,0.465301,0.973445,Risiko Tinggi,model_only,Diturunkan dari triase model: High Risk dengan probabilitas 46.53%.,,,False,f_buyer_supplier_repeat_count=4.3336 | f_is_q4=-1.8466 | f_supplier_recent_90d_award_count=-1.4927,"Peringkat investigatif paket ini adalah **Risiko Tinggi**.
Diturunkan dari triase model: High Risk dengan probabilitas 46.53%.
Model mengklasifikasikan paket ini sebagai **High Risk** dengan probabilitas 46.53%.
Catatan penting: ini adalah triase risiko, bukan bukti fraud final. Status kritis hanya boleh dinaikkan bila ada bukti resmi yang terhubung.
Faktor yang paling memengaruhi prediksi adalah:
- Frekuensi hubungan buyer-supplier berulang bernilai 3 dan meningkatkan skor risiko dengan kontribusi SHAP sekitar 4.3336.
- Waktu publikasi pada kuartal iv bernilai 0 dan menurunkan skor risiko dengan kontribusi SHAP sekitar 1.8466.
- F supplier recent 90d award count bernilai 1 dan menurunkan skor risiko dengan kontribusi SHAP sekitar 1.4927.",,,,,,,
433,test,61198,near_decision_threshold,0.51476,False,0.035657,0.5,0.5,-0.035657,-0.386622,ocds-20h3g7-57197127,Pengadaan Bahan Material Pemeliharaan Saluran,2023-07-07 00:00:00+00:00,Pemerintah Daerah Provinsi DKI Jakarta,PT. TRANS CILEGON JAYA,5002394154.0,4876070826.0,2,2,High Risk,0.464343,0.113378,0.422279,0.464343,0.967081,Risiko Tinggi,model_only,Diturunkan dari triase model: High Risk dengan probabilitas 46.43%.,,,False,f_buyer_supplier_repeat_count=4.0048 | f_is_q4=-1.9584 | f_supplier_recent_90d_award_count=-1.5968,"Peringkat investigatif paket ini adalah **Risiko Tinggi**.
Diturunkan dari triase model: High Risk dengan probabilitas 46.43%.
Model mengklasifikasikan paket ini sebagai **High Risk** dengan probabilitas 46.43%.
Catatan penting: ini adalah triase risiko, bukan bukti fraud final. Status kritis hanya boleh dinaikkan bila ada bukti resmi yang terhubung.
Faktor yang paling memengaruhi prediksi adalah:
- Frekuensi hubungan buyer-supplier berulang bernilai 2 dan meningkatkan skor risiko dengan kontribusi SHAP sekitar 4.0048.
- Waktu publikasi pada kuartal iv bernilai 0 dan menurunkan skor risiko dengan kontribusi SHAP sekitar 1.9584.
- F supplier recent 90d award count bernilai 1 dan menurunkan skor risiko dengan kontribusi SHAP sekitar 1.5968.",,,,,,,
434,test,42382,near_decision_threshold,0.522766,True,0.036245,0.5,0.5,-0.425388,0.036245,ocds-20h3g7-4551448,PEMBANGUNAN FASILITAS REKREASI PENUNJANG KAWASAN DAYA TARIK WISATA BUKIT MAGDALENA,2023-06-07 00:00:00+00:00,Pemerintah Daerah Kabupaten Wakatobi,CV. NOVAL PRATAMA,5074130858.14,4703850000.0,1,0,Low Risk,0.536245,0.536245,0.389143,0.074612,0.895097,Aman,model_only,Diturunkan dari triase model: Low Risk dengan probabilitas 53.62%.,,,False,f_tender_value_log=-2.0321 | f_title_length=1.9712 | f_is_q4=0.9467,"Peringkat investigatif paket ini adalah **Aman**.
Diturunkan dari triase model: Low Risk dengan probabilitas 53.62%.
Model mengklasifikasikan paket ini sebagai **Low Risk** dengan probabilitas 53.62%.
Catatan penting: ini adalah triase risiko, bukan bukti fraud final. Status kritis hanya boleh dinaikkan bila ada bukti resmi yang terhubung.
Faktor yang paling memengaruhi prediksi adalah:
- Nilai tender bernilai 22.3474 dan menurunkan skor risiko dengan kontribusi SHAP sekitar 2.0321.
- Panjang judul tender bernilai 82 dan meningkatkan skor risiko dengan kontribusi SHAP sekitar 1.9712.
- Waktu publikasi pada kuartal iv bernilai 0 dan meningkatkan skor risiko dengan kontribusi SHAP sekitar 0.9467.",,,,,,,
435,test,61395,near_decision_threshold,0.54177,False,0.036352,0.5,0.5,0.036352,-0.38994,ocds-20h3g7-25190638,Belanja Barang Pembangunan Jembatan Gantung,2023-07-07 00:00:00+00:00,Pemerintah Daerah Kabupaten Bogor,PT. SAEKA UTAMA PERKASA,10642469999.04,10642470000.0,2,2,High Risk,0.536352,0.11006,0.353588,0.536352,0.944599,Risiko Tinggi,model_only,Diturunkan dari triase model: High Risk dengan probabilitas 53.64%.,,,False,f_price_deviation_ratio=4.2191 | f_tender_value_log=3.8902 | f_buyer_supplier_repeat_count=-2.1597,"Peringkat investigatif paket ini adalah **Risiko Tinggi**.
Diturunkan dari triase model: High Risk dengan probabilitas 53.64%.
Model mengklasifikasikan paket ini sebagai **High Risk** dengan probabilitas 53.64%.
Catatan penting: ini adalah triase risiko, bukan bukti fraud final. Status kritis hanya boleh dinaikkan bila ada bukti resmi yang terhubung.
Faktor yang paling memengaruhi prediksi adalah:
- Rasio deviasi harga terhadap nilai tender bernilai 1 dan meningkatkan skor risiko dengan kontribusi SHAP sekitar 4.2191.
- Nilai tender bernilai 23.0881 dan meningkatkan skor risiko dengan kontribusi SHAP sekitar 3.8902.
- Frekuensi hubungan buyer-supplier berulang bernilai 1 dan menurunkan skor risiko dengan kontribusi SHAP sekitar 2.1597.",,,,,,,
436,test,66426,near_decision_threshold,0.525404,True,0.036606,0.5,0.5,-0.42196,0.036606,ocds-20h3g7-6239282,Penggantian Jembatan Niih Kec. Loksado (Jembatan Wilayah Pegunungan),2023-07-21 00:00:00+00:00,Pemerintah Daerah Kabupaten Hulu Sungai Selatan,CV. PUTERA PANGESTU,5006722000.0,4959500066.36,1,0,Low Risk,0.536606,0.536606,0.385354,0.07804,0.900548,Aman,model_only,Diturunkan dari triase model: Low Risk dengan probabilitas 53.66%.,,,False,f_tender_value_log=-2.0265 | f_title_length=2.0225 | f_is_q4=0.9597,"Peringkat investigatif paket ini adalah **Aman**.
Diturunkan dari triase model: Low Risk dengan probabilitas 53.66%.
Model mengklasifikasikan paket ini sebagai **Low Risk** dengan probabilitas 53.66%.
Catatan penting: ini adalah triase risiko, bukan bukti fraud final. Status kritis hanya boleh dinaikkan bila ada bukti resmi yang terhubung.
Faktor yang paling memengaruhi prediksi adalah:
- Nilai tender bernilai 22.334 dan menurunkan skor risiko dengan kontribusi SHAP sekitar 2.0265.
- Panjang judul tender bernilai 68 dan meningkatkan skor risiko dengan kontribusi SHAP sekitar 2.0225.
- Waktu publikasi pada kuartal iv bernilai 0 dan meningkatkan skor risiko dengan kontribusi SHAP sekitar 0.9597.",,,,,,,
437,test,39494,near_decision_threshold,0.543956,False,0.037664,0.5,0.5,0.037664,-0.38106,ocds-20h3g7-2005680,Belanja Modal Pagar,2023-06-02 00:00:00+00:00,Pemerintah Daerah Kabupaten Lembata,CV. Dwi Karya Abadi,309997023.64,306459739.82,2,2,High Risk,0.537664,0.11894,0.343396,0.537664,0.953917,Risiko Tinggi,model_only,Diturunkan dari triase model: High Risk dengan probabilitas 53.77%.,,,False,f_title_length=4.1883 | f_buyer_supplier_repeat_count=3.1872 | f_is_q4=-1.7391,"Peringkat investigatif paket ini adalah **Risiko Tinggi**.
Diturunkan dari triase model: High Risk dengan probabilitas 53.77%.
Model mengklasifikasikan paket ini sebagai **High Risk** dengan probabilitas 53.77%.
Catatan penting: ini adalah triase risiko, bukan bukti fraud final. Status kritis hanya boleh dinaikkan bila ada bukti resmi yang terhubung.
Faktor yang paling memengaruhi prediksi adalah:
- Panjang judul tender bernilai 19 dan meningkatkan skor risiko dengan kontribusi SHAP sekitar 4.1883.
- Frekuensi hubungan buyer-supplier berulang bernilai 4 dan meningkatkan skor risiko dengan kontribusi SHAP sekitar 3.1872.
- Waktu publikasi pada kuartal iv bernilai 0 dan menurunkan skor risiko dengan kontribusi SHAP sekitar 1.7391.",,,,,,,
438,test,89985,near_decision_threshold,0.544933,False,0.038466,0.5,0.5,0.038466,-0.376731,ocds-20h3g7-2846670,"Pembangunan Gedung Kantor, Rumah Dinas Kasi dan Staff Kejaksaan Negeri Samosir",2023-10-18 00:00:00+00:00,Kejaksaan Republik Indonesia,CV. Bina Persada,9734048000.0,9490660293.72,2,2,High Risk,0.538466,0.123269,0.338265,0.538466,0.95803,Risiko Tinggi,model_only,Diturunkan dari triase model: High Risk dengan probabilitas 53.85%.,,,False,f_title_length=-3.9396 | f_tender_value_log=3.8932 | f_supplier_recent_90d_award_count=3.8077,"Peringkat investigatif paket ini adalah **Risiko Tinggi**.
Diturunkan dari triase model: High Risk dengan probabilitas 53.85%.
Model mengklasifikasikan paket ini sebagai **High Risk** dengan probabilitas 53.85%.
Catatan penting: ini adalah triase risiko, bukan bukti fraud final. Status kritis hanya boleh dinaikkan bila ada bukti resmi yang terhubung.
Faktor yang paling memengaruhi prediksi adalah:
- Panjang judul tender bernilai 78 dan menurunkan skor risiko dengan kontribusi SHAP sekitar 3.9396.
- Nilai tender bernilai 22.9989 dan meningkatkan skor risiko dengan kontribusi SHAP sekitar 3.8932.
- F supplier recent 90d award count bernilai 3 dan meningkatkan skor risiko dengan kontribusi SHAP sekitar 3.8077.",,,,,,,
439,test,88084,near_decision_threshold,0.510061,False,0.039082,0.5,0.5,-0.039082,-0.392632,ocds-20h3g7-12944318,Jalan Manggis (416),2023-10-06 00:00:00+00:00,Pemerintah Daerah Kota Cilegon,PT. ALINA UTAMA KARYA,312532900.0,272395246.58,2,2,High Risk,0.460918,0.107368,0.431715,0.460918,0.959224,Risiko Tinggi,model_only,Diturunkan dari triase model: High Risk dengan probabilitas 46.09%.,,,False,f_title_length=4.0261 | f_is_q4=2.9479 | f_buyer_supplier_repeat_count=-1.8720,"Peringkat investigatif paket ini adalah **Risiko Tinggi**.
Diturunkan dari triase model: High Risk dengan probabilitas 46.09%.
Model mengklasifikasikan paket ini sebagai **High Risk** dengan probabilitas 46.09%.
Catatan penting: ini adalah triase risiko, bukan bukti fraud final. Status kritis hanya boleh dinaikkan bila ada bukti resmi yang terhubung.
Faktor yang paling memengaruhi prediksi adalah:
- Panjang judul tender bernilai 19 dan meningkatkan skor risiko dengan kontribusi SHAP sekitar 4.0261.
- Waktu publikasi pada kuartal iv bernilai 1 dan meningkatkan skor risiko dengan kontribusi SHAP sekitar 2.9479.
- Frekuensi hubungan buyer-supplier berulang bernilai 0 dan menurunkan skor risiko dengan kontribusi SHAP sekitar 1.8720.",,,,,,,
440,test,34659,near_decision_threshold,0.326178,False,0.03938,0.5,0.5,-0.419363,0.03938,ocds-20h3g7-7589058,Pembangunan Jalur Pejalan Kaki (Pedestrian) Pantai Pancer Door,2023-05-25 00:00:00+00:00,Pemerintah Daerah Kabupaten Pacitan,CV.HASILJASA,1347394000.0,945494288.65,0,0,Low Risk,0.53938,0.53938,0.379982,0.080637,0.903688,Aman,model_only,Diturunkan dari triase model: Low Risk dengan probabilitas 53.94%.,,,False,f_price_deviation_ratio=-2.3501 | f_title_length=2.1212 | f_is_q4=0.9403,"Peringkat investigatif paket ini adalah **Aman**.
Diturunkan dari triase model: Low Risk dengan probabilitas 53.94%.
Model mengklasifikasikan paket ini sebagai **Low Risk** dengan probabilitas 53.94%.
Catatan penting: ini adalah triase risiko, bukan bukti fraud final. Status kritis hanya boleh dinaikkan bila ada bukti resmi yang terhubung.
Faktor yang paling memengaruhi prediksi adalah:
- Rasio deviasi harga terhadap nilai tender bernilai 0.7017 dan menurunkan skor risiko dengan kontribusi SHAP sekitar 2.3501.
- Panjang judul tender bernilai 62 dan meningkatkan skor risiko dengan kontribusi SHAP sekitar 2.1212.
- Waktu publikasi pada kuartal iv bernilai 0 dan meningkatkan skor risiko dengan kontribusi SHAP sekitar 0.9403.",,,,,,,
441,test,16930,near_decision_threshold,0.520137,True,0.039578,0.5,0.5,-0.426654,0.039578,ocds-20h3g7-6115438,Rehabilitasi/Pemeliharaan Berkala  Jalan Hampalit Petak Bahandang - Kereng Pakahi (Long Segment),2023-04-11 00:00:00+00:00,Pemerintah Daerah Kabupaten Katingan,CV. LINIER CONTRACTOR,5000000000.0,4873890008.89,1,0,Low Risk,0.539578,0.539578,0.387076,0.073346,0.891911,Aman,model_only,Diturunkan dari triase model: Low Risk dengan probabilitas 53.96%.,,,False,f_tender_value_log=-1.9664 | f_title_length=1.9570 | f_is_q4=0.9499,"Peringkat investigatif paket ini adalah **Aman**.
Diturunkan dari triase model: Low Risk dengan probabilitas 53.96%.
Model mengklasifikasikan paket ini sebagai **Low Risk** dengan probabilitas 53.96%.
Catatan penting: ini adalah triase risiko, bukan bukti fraud final. Status kritis hanya boleh dinaikkan bila ada bukti resmi yang terhubung.
Faktor yang paling memengaruhi prediksi adalah:
- Nilai tender bernilai 22.3327 dan menurunkan skor risiko dengan kontribusi SHAP sekitar 1.9664.
- Panjang judul tender bernilai 96 dan meningkatkan skor risiko dengan kontribusi SHAP sekitar 1.9570.
- Waktu publikasi pada kuartal iv bernilai 0 dan meningkatkan skor risiko dengan kontribusi SHAP sekitar 0.9499.",,,,,,,
442,test,69898,near_decision_threshold,0.511255,False,0.039872,0.5,0.5,-0.039872,-0.386637,ocds-20h3g7-4457450,FS Embung Koto Baru,2023-08-01 00:00:00+00:00,Pemerintah Daerah Kota Sungai Penuh,PT.  PANCA MANDIRI ENGINEERING,249916500.0,249805500.0,2,2,High Risk,0.460128,0.113363,0.426509,0.460128,0.967421,Risiko Tinggi,model_only,Diturunkan dari triase model: High Risk dengan probabilitas 46.01%.,,,False,f_title_length=3.9426 | f_supplier_recent_90d_award_count=3.2251 | f_buyer_supplier_repeat_count=-1.9088,"Peringkat investigatif paket ini adalah **Risiko Tinggi**.
Diturunkan dari triase model: High Risk dengan probabilitas 46.01%.
Model mengklasifikasikan paket ini sebagai **High Risk** dengan probabilitas 46.01%.
Catatan penting: ini adalah triase risiko, bukan bukti fraud final. Status kritis hanya boleh dinaikkan bila ada bukti resmi yang terhubung.
Faktor yang paling memengaruhi prediksi adalah:
- Panjang judul tender bernilai 19 dan meningkatkan skor risiko dengan kontribusi SHAP sekitar 3.9426.
- F supplier recent 90d award count bernilai 3 dan meningkatkan skor risiko dengan kontribusi SHAP sekitar 3.2251.
- Frekuensi hubungan buyer-supplier berulang bernilai 0 dan menurunkan skor risiko dengan kontribusi SHAP sekitar 1.9088.",,,,,,,
443,test,86457,near_decision_threshold,0.510693,False,0.039929,0.5,0.5,-0.039929,-0.388333,ocds-20h3g7-24536198,Optimalisasi SPAM Perdesaan di Kec. Anggana,2023-09-30 00:00:00+00:00,Pemerintah Daerah Kabupaten Kutai Kartanegara,CV. TITANIUM INDONESIA,5144912000.0,5041501950.35,2,2,High Risk,0.460071,0.111666,0.428262,0.460071,0.965162,Risiko Tinggi,model_only,Diturunkan dari triase model: High Risk dengan probabilitas 46.01%.,,,False,f_buyer_supplier_repeat_count=4.0184 | f_is_q4=-2.0075 | f_supplier_recent_90d_award_count=-1.4631,"Peringkat investigatif paket ini adalah **Risiko Tinggi**.
Diturunkan dari triase model: High Risk dengan probabilitas 46.01%.
Model mengklasifikasikan paket ini sebagai **High Risk** dengan probabilitas 46.01%.
Catatan penting: ini adalah triase risiko, bukan bukti fraud final. Status kritis hanya boleh dinaikkan bila ada bukti resmi yang terhubung.
Faktor yang paling memengaruhi prediksi adalah:
- Frekuensi hubungan buyer-supplier berulang bernilai 11 dan meningkatkan skor risiko dengan kontribusi SHAP sekitar 4.0184.
- Waktu publikasi pada kuartal iv bernilai 0 dan menurunkan skor risiko dengan kontribusi SHAP sekitar 2.0075.
- F supplier recent 90d award count bernilai 2 dan menurunkan skor risiko dengan kontribusi SHAP sekitar 1.4631.",,,,,,,
444,test,71213,near_decision_threshold,0.548257,False,0.04114,0.5,0.5,0.04114,-0.359956,ocds-20h3g7-3089412,Pengaspalan Jalan Protokol Dusun Beringin Jaya menuju Perbatasan Riau Kecamatan Torgamba,2023-08-04 00:00:00+00:00,Pemerintah Daerah Kabupaten Labuhan Batu Selatan,CV.Hendy Nasri,3840469000.0,3801520000.0,2,2,High Risk,0.54114,0.140044,0.318816,0.54114,0.972052,Risiko Tinggi,model_only,Diturunkan dari triase model: High Risk dengan probabilitas 54.11%.,,,False,f_tender_value_zscore_buyer=4.2464 | f_title_length=-3.6025 | f_supplier_recent_90d_award_count=3.3871,"Peringkat investigatif paket ini adalah **Risiko Tinggi**.
Diturunkan dari triase model: High Risk dengan probabilitas 54.11%.
Model mengklasifikasikan paket ini sebagai **High Risk** dengan probabilitas 54.11%.
Catatan penting: ini adalah triase risiko, bukan bukti fraud final. Status kritis hanya boleh dinaikkan bila ada bukti resmi yang terhubung.
Faktor yang paling memengaruhi prediksi adalah:
- F tender value zscore buyer bernilai 2.0655 dan meningkatkan skor risiko dengan kontribusi SHAP sekitar 4.2464.
- Panjang judul tender bernilai 88 dan menurunkan skor risiko dengan kontribusi SHAP sekitar 3.6025.
- F supplier recent 90d award count bernilai 3 dan meningkatkan skor risiko dengan kontribusi SHAP sekitar 3.3871.",,,,,,,
445,test,40257,near_decision_threshold,0.547669,False,0.041253,0.5,0.5,0.041253,-0.362997,ocds-20h3g7-24954638,Har KM ADRI XLIX,2023-06-05 00:00:00+00:00,Kementerian Pertahanan,pt prajna moda indonesia,1199776283.0,1198516000.0,2,2,High Risk,0.541253,0.137003,0.321744,0.541253,0.969444,Risiko Tinggi,model_only,Diturunkan dari triase model: High Risk dengan probabilitas 54.13%.,,,False,f_title_length=5.2346 | f_buyer_supplier_repeat_count=3.4049 | f_is_q4=-1.8614,"Peringkat investigatif paket ini adalah **Risiko Tinggi**.
Diturunkan dari triase model: High Risk dengan probabilitas 54.13%.
Model mengklasifikasikan paket ini sebagai **High Risk** dengan probabilitas 54.13%.
Catatan penting: ini adalah triase risiko, bukan bukti fraud final. Status kritis hanya boleh dinaikkan bila ada bukti resmi yang terhubung.
Faktor yang paling memengaruhi prediksi adalah:
- Panjang judul tender bernilai 16 dan meningkatkan skor risiko dengan kontribusi SHAP sekitar 5.2346.
- Frekuensi hubungan buyer-supplier berulang bernilai 3 dan meningkatkan skor risiko dengan kontribusi SHAP sekitar 3.4049.
- Waktu publikasi pada kuartal iv bernilai 0 dan menurunkan skor risiko dengan kontribusi SHAP sekitar 1.8614.",,,,,,,
446,test,26720,near_decision_threshold,0.511306,False,0.041593,0.5,0.5,-0.041593,-0.381618,ocds-20h3g7-6076509,Pembangunan Gedung & Sarana Sentra IKM Pengolahan Ikan,2023-05-11 00:00:00+00:00,Pemerintah Daerah Kabupaten Pangkajene dan Kepulauan,cv. raja siang,5139901000.0,5086174302.44,2,2,High Risk,0.458407,0.118382,0.423212,0.458407,0.974077,Risiko Tinggi,model_only,Diturunkan dari triase model: High Risk dengan probabilitas 45.84%.,,,False,f_buyer_supplier_repeat_count=4.0647 | f_is_q4=-1.8922 | f_supplier_recent_90d_award_count=-1.5262,"Peringkat investigatif paket ini adalah **Risiko Tinggi**.
Diturunkan dari triase model: High Risk dengan probabilitas 45.84%.
Model mengklasifikasikan paket ini sebagai **High Risk** dengan probabilitas 45.84%.
Catatan penting: ini adalah triase risiko, bukan bukti fraud final. Status kritis hanya boleh dinaikkan bila ada bukti resmi yang terhubung.
Faktor yang paling memengaruhi prediksi adalah:
- Frekuensi hubungan buyer-supplier berulang bernilai 2 dan meningkatkan skor risiko dengan kontribusi SHAP sekitar 4.0647.
- Waktu publikasi pada kuartal iv bernilai 0 dan menurunkan skor risiko dengan kontribusi SHAP sekitar 1.8922.
- F supplier recent 90d award count bernilai 0 dan menurunkan skor risiko dengan kontribusi SHAP sekitar 1.5262.",,,,,,,
447,test,51712,near_decision_threshold,0.541549,False,0.041761,0.5,0.5,0.041761,-0.389799,ocds-20h3g7-1185546,Pengadaan Makan dan xtra Fooding Siswa Diktuk BA RA Gel.II SPN Polda Sumut T.A. 2023,2023-06-20 00:00:00+00:00,Kepolisian Negara Republik Indonesia,CV. RAMLY BROTHER'S,6440805000.0,6440805000.0,2,2,High Risk,0.541761,0.110201,0.348037,0.541761,0.942439,Risiko Tinggi,model_only,Diturunkan dari triase model: High Risk dengan probabilitas 54.18%.,,,False,f_price_deviation_ratio=4.3375 | f_title_length=-3.6206 | f_tender_value_log=3.3131,"Peringkat investigatif paket ini adalah **Risiko Tinggi**.
Diturunkan dari triase model: High Risk dengan probabilitas 54.18%.
Model mengklasifikasikan paket ini sebagai **High Risk** dengan probabilitas 54.18%.
Catatan penting: ini adalah triase risiko, bukan bukti fraud final. Status kritis hanya boleh dinaikkan bila ada bukti resmi yang terhubung.
Faktor yang paling memengaruhi prediksi adalah:
- Rasio deviasi harga terhadap nilai tender bernilai 1 dan meningkatkan skor risiko dengan kontribusi SHAP sekitar 4.3375.
- Panjang judul tender bernilai 84 dan menurunkan skor risiko dengan kontribusi SHAP sekitar 3.6206.
- Nilai tender bernilai 22.5859 dan meningkatkan skor risiko dengan kontribusi SHAP sekitar 3.3131.",,,,,,,
448,test,78567,near_decision_threshold,0.544021,False,0.041778,0.5,0.5,0.041778,-0.379847,ocds-20h3g7-5520304,Pembangunan Mall Pelayanan Publik Kabupaten Langkat Tahap I,2023-08-30 00:00:00+00:00,Pemerintah Daerah Kabupaten Langkat,PT. BATARA MONANG MADANI,2982480000.0,2952655200.0,2,2,High Risk,0.541778,0.120153,0.338069,0.541778,0.953296,Risiko Tinggi,model_only,Diturunkan dari triase model: High Risk dengan probabilitas 54.18%.,,,False,f_tender_value_zscore_buyer=4.2787 | f_buyer_supplier_repeat_count=3.4152 | f_is_q4=-2.0782,"Peringkat investigatif paket ini adalah **Risiko Tinggi**.
Diturunkan dari triase model: High Risk dengan probabilitas 54.18%.
Model mengklasifikasikan paket ini sebagai **High Risk** dengan probabilitas 54.18%.
Catatan penting: ini adalah triase risiko, bukan bukti fraud final. Status kritis hanya boleh dinaikkan bila ada bukti resmi yang terhubung.
Faktor yang paling memengaruhi prediksi adalah:
- F tender value zscore buyer bernilai 3.4892 dan meningkatkan skor risiko dengan kontribusi SHAP sekitar 4.2787.
- Frekuensi hubungan buyer-supplier berulang bernilai 7 dan meningkatkan skor risiko dengan kontribusi SHAP sekitar 3.4152.
- Waktu publikasi pada kuartal iv bernilai 0 dan menurunkan skor risiko dengan kontribusi SHAP sekitar 2.0782.",,,,,,,
449,test,76774,near_decision_threshold,0.519415,True,0.042195,0.5,0.5,-0.426018,0.042195,ocds-20h3g7-46480047,PENGADAAN PEKERJAAN RENOVASI GEDUNG PAVILIUN DI RSUP. H. ADAM MALIK,2023-08-24 00:00:00+00:00,Kementerian Kesehatan,Pt Nara Tunas Karya,5039715500.0,4896437789.94,1,0,Low Risk,0.542195,0.542195,0.383822,0.073982,0.892077,Aman,model_only,Diturunkan dari triase model: Low Risk dengan probabilitas 54.22%.,,,False,f_tender_value_log=-2.2301 | f_title_length=2.0824 | f_is_q4=0.9628,"Peringkat investigatif paket ini adalah **Aman**.
Diturunkan dari triase model: Low Risk dengan probabilitas 54.22%.
Model mengklasifikasikan paket ini sebagai **Low Risk** dengan probabilitas 54.22%.
Catatan penting: ini adalah triase risiko, bukan bukti fraud final. Status kritis hanya boleh dinaikkan bila ada bukti resmi yang terhubung.
Faktor yang paling memengaruhi prediksi adalah:
- Nilai tender bernilai 22.3406 dan menurunkan skor risiko dengan kontribusi SHAP sekitar 2.2301.
- Panjang judul tender bernilai 67 dan meningkatkan skor risiko dengan kontribusi SHAP sekitar 2.0824.
- Waktu publikasi pada kuartal iv bernilai 0 dan meningkatkan skor risiko dengan kontribusi SHAP sekitar 0.9628.",,,,,,,
450,test,12164,near_decision_threshold,0.52419,True,0.043091,0.5,0.5,-0.419613,0.043091,ocds-20h3g7-7325250,Pekerjaan Hotmix Poros Ladange - Mallawa + Abbalu - Takkehatu Kecamatan Mallawa,2023-03-31 00:00:00+00:00,Pemerintah Daerah Kabupaten Maros,TIMUR PUTRA CELEBES,4911836000.0,4744655116.62,1,0,Low Risk,0.543091,0.543091,0.376522,0.080387,0.901972,Aman,model_only,Diturunkan dari triase model: Low Risk dengan probabilitas 54.31%.,,,False,f_tender_value_zscore_buyer=-2.0283 | f_title_length=1.8793 | f_price_deviation_ratio=0.9309,"Peringkat investigatif paket ini adalah **Aman**.
Diturunkan dari triase model: Low Risk dengan probabilitas 54.31%.
Model mengklasifikasikan paket ini sebagai **Low Risk** dengan probabilitas 54.31%.
Catatan penting: ini adalah triase risiko, bukan bukti fraud final. Status kritis hanya boleh dinaikkan bila ada bukti resmi yang terhubung.
Faktor yang paling memengaruhi prediksi adalah:
- F tender value zscore buyer bernilai 1.9872 dan menurunkan skor risiko dengan kontribusi SHAP sekitar 2.0283.
- Panjang judul tender bernilai 79 dan meningkatkan skor risiko dengan kontribusi SHAP sekitar 1.8793.
- Rasio deviasi harga terhadap nilai tender bernilai 0.966 dan meningkatkan skor risiko dengan kontribusi SHAP sekitar 0.9309.",,,,,,,
451,test,43650,stratified_predicted_high_risk,0.548188,False,0.051801,0.5,0.5,0.051801,-0.35568,ocds-20h3g7-4304194,Rehabilitasi Gedung Asrama Menjadi Ruang Kelas Baru,2023-06-09 00:00:00+00:00,Kementerian Ketenagakerjaan,CV. GRAHA PRATAMA,5268912698.14,3684212080.71,2,2,High Risk,0.551801,0.14432,0.303879,0.551801,0.969405,Risiko Tinggi,model_only,Diturunkan dari triase model: High Risk dengan probabilitas 55.18%.,,,False,f_price_deviation_ratio=4.7060 | f_tender_value_log=3.8033 | f_is_q4=-1.9952,"Peringkat investigatif paket ini adalah **Risiko Tinggi**.
Diturunkan dari triase model: High Risk dengan probabilitas 55.18%.
Model mengklasifikasikan paket ini sebagai **High Risk** dengan probabilitas 55.18%.
Catatan penting: ini adalah triase risiko, bukan bukti fraud final. Status kritis hanya boleh dinaikkan bila ada bukti resmi yang terhubung.
Faktor yang paling memengaruhi prediksi adalah:
- Rasio deviasi harga terhadap nilai tender bernilai 0.6992 dan meningkatkan skor risiko dengan kontribusi SHAP sekitar 4.7060.
- Nilai tender bernilai 22.3851 dan meningkatkan skor risiko dengan kontribusi SHAP sekitar 3.8033.
- Waktu publikasi pada kuartal iv bernilai 0 dan menurunkan skor risiko dengan kontribusi SHAP sekitar 1.9952.",,,,,,,
452,test,45694,stratified_predicted_high_risk,0.548037,False,0.069946,0.5,0.5,0.069946,-0.344443,ocds-20h3g7-4738329,Pembangunan PTSP,2023-06-12 00:00:00+00:00,Pemerintah Daerah Kota Bitung,CV. NAFA KARYA,8999098847.14,8951861330.3,2,2,High Risk,0.569946,0.155557,0.274497,0.569946,0.964757,Risiko Tinggi,model_only,Diturunkan dari triase model: High Risk dengan probabilitas 56.99%.,,,False,f_title_length=4.4240 | f_tender_value_log=3.4702 | f_is_q4=-2.1001,"Peringkat investigatif paket ini adalah **Risiko Tinggi**.
Diturunkan dari triase model: High Risk dengan probabilitas 56.99%.
Model mengklasifikasikan paket ini sebagai **High Risk** dengan probabilitas 56.99%.
Catatan penting: ini adalah triase risiko, bukan bukti fraud final. Status kritis hanya boleh dinaikkan bila ada bukti resmi yang terhubung.
Faktor yang paling memengaruhi prediksi adalah:
- Panjang judul tender bernilai 16 dan meningkatkan skor risiko dengan kontribusi SHAP sekitar 4.4240.
- Nilai tender bernilai 22.9204 dan meningkatkan skor risiko dengan kontribusi SHAP sekitar 3.4702.
- Waktu publikasi pada kuartal iv bernilai 0 dan menurunkan skor risiko dengan kontribusi SHAP sekitar 2.1001.",,,,,,,
453,test,6269,stratified_predicted_high_risk,0.546636,False,0.075389,0.5,0.5,0.075389,-0.350154,ocds-20h3g7-4705405,Jalan Cendana,2023-03-23 00:00:00+00:00,Pemerintah Daerah Kota Bau-Bau,PESUT CV,5351717000.0,5317013986.52,2,2,High Risk,0.575389,0.149846,0.274764,0.575389,0.957404,Risiko Tinggi,model_only,Diturunkan dari triase model: High Risk dengan probabilitas 57.54%.,,,False,f_title_length=4.4432 | f_tender_value_log=3.2433 | f_is_q4=-2.0613,"Peringkat investigatif paket ini adalah **Risiko Tinggi**.
Diturunkan dari triase model: High Risk dengan probabilitas 57.54%.
Model mengklasifikasikan paket ini sebagai **High Risk** dengan probabilitas 57.54%.
Catatan penting: ini adalah triase risiko, bukan bukti fraud final. Status kritis hanya boleh dinaikkan bila ada bukti resmi yang terhubung.
Faktor yang paling memengaruhi prediksi adalah:
- Panjang judul tender bernilai 13 dan meningkatkan skor risiko dengan kontribusi SHAP sekitar 4.4432.
- Nilai tender bernilai 22.4007 dan meningkatkan skor risiko dengan kontribusi SHAP sekitar 3.2433.
- Waktu publikasi pada kuartal iv bernilai 0 dan menurunkan skor risiko dengan kontribusi SHAP sekitar 2.0613.",,,,,,,
454,test,90989,stratified_predicted_high_risk,0.545982,False,0.047252,0.5,0.5,0.047252,-0.369353,ocds-20h3g7-8606427,Peningkatan Elevasi Area Landing Paralayang dan Gantole (Fisik),2023-10-24 00:00:00+00:00,Pemerintah Daerah Kabupaten Kotabaru,cv.desyam sejahtera mandiri,5999999999.75,5819944802.95,2,2,High Risk,0.547252,0.130647,0.322101,0.547252,0.960714,Risiko Tinggi,model_only,Diturunkan dari triase model: High Risk dengan probabilitas 54.73%.,,,False,f_title_length=-4.1852 | f_supplier_recent_90d_award_count=3.7680 | f_tender_value_log=3.5835,"Peringkat investigatif paket ini adalah **Risiko Tinggi**.
Diturunkan dari triase model: High Risk dengan probabilitas 54.73%.
Model mengklasifikasikan paket ini sebagai **High Risk** dengan probabilitas 54.73%.
Catatan penting: ini adalah triase risiko, bukan bukti fraud final. Status kritis hanya boleh dinaikkan bila ada bukti resmi yang terhubung.
Faktor yang paling memengaruhi prediksi adalah:
- Panjang judul tender bernilai 63 dan menurunkan skor risiko dengan kontribusi SHAP sekitar 4.1852.
- F supplier recent 90d award count bernilai 3 dan meningkatkan skor risiko dengan kontribusi SHAP sekitar 3.7680.
- Nilai tender bernilai 22.515 dan meningkatkan skor risiko dengan kontribusi SHAP sekitar 3.5835.",,,,,,,
455,test,52051,stratified_predicted_high_risk,0.545917,False,0.054695,0.5,0.5,0.054695,-0.36686,ocds-20h3g7-2458579,HAR RANMOR RODA 2,2023-06-20 00:00:00+00:00,Kepolisian Negara Republik Indonesia,PT.SUKSES BERDIKARI NUSANTARA,481956500.0,461966600.0,2,2,High Risk,0.554695,0.13314,0.312165,0.554695,0.958789,Risiko Tinggi,model_only,Diturunkan dari triase model: High Risk dengan probabilitas 55.47%.,,,False,f_title_length=5.0988 | f_buyer_supplier_repeat_count=3.5495 | f_is_q4=-1.8583,"Peringkat investigatif paket ini adalah **Risiko Tinggi**.
Diturunkan dari triase model: High Risk dengan probabilitas 55.47%.
Model mengklasifikasikan paket ini sebagai **High Risk** dengan probabilitas 55.47%.
Catatan penting: ini adalah triase risiko, bukan bukti fraud final. Status kritis hanya boleh dinaikkan bila ada bukti resmi yang terhubung.
Faktor yang paling memengaruhi prediksi adalah:
- Panjang judul tender bernilai 17 dan meningkatkan skor risiko dengan kontribusi SHAP sekitar 5.0988.
- Frekuensi hubungan buyer-supplier berulang bernilai 4 dan meningkatkan skor risiko dengan kontribusi SHAP sekitar 3.5495.
- Waktu publikasi pada kuartal iv bernilai 0 dan menurunkan skor risiko dengan kontribusi SHAP sekitar 1.8583.",,,,,,,
456,test,37086,stratified_predicted_high_risk,0.545719,False,0.04935,0.5,0.5,0.04935,-0.369905,ocds-20h3g7-2229585,Patching,2023-05-29 00:00:00+00:00,Pemerintah Daerah Kabupaten Empat Lawang,CV. BINA BANGUN PERKASA,399993718.27,398849769.05,2,2,High Risk,0.54935,0.130095,0.320555,0.54935,0.959095,Risiko Tinggi,model_only,Diturunkan dari triase model: High Risk dengan probabilitas 54.94%.,,,False,f_title_length=5.0580 | f_buyer_supplier_repeat_count=3.4568 | f_is_q4=-1.8632,"Peringkat investigatif paket ini adalah **Risiko Tinggi**.
Diturunkan dari triase model: High Risk dengan probabilitas 54.94%.
Model mengklasifikasikan paket ini sebagai **High Risk** dengan probabilitas 54.94%.
Catatan penting: ini adalah triase risiko, bukan bukti fraud final. Status kritis hanya boleh dinaikkan bila ada bukti resmi yang terhubung.
Faktor yang paling memengaruhi prediksi adalah:
- Panjang judul tender bernilai 8 dan meningkatkan skor risiko dengan kontribusi SHAP sekitar 5.0580.
- Frekuensi hubungan buyer-supplier berulang bernilai 2 dan meningkatkan skor risiko dengan kontribusi SHAP sekitar 3.4568.
- Waktu publikasi pada kuartal iv bernilai 0 dan menurunkan skor risiko dengan kontribusi SHAP sekitar 1.8632.",,,,,,,
457,test,86080,stratified_predicted_high_risk,0.545534,False,0.071433,0.5,0.5,0.071433,-0.360334,ocds-20h3g7-2734313,LANDSCAPE MPP,2023-09-29 00:00:00+00:00,Pemerintah Daerah Kota Dumai,PT. ABIM SUKSES BERSAMA,2400000000.0,2381814174.04,2,2,High Risk,0.571433,0.139666,0.2889,0.571433,0.953432,Risiko Tinggi,model_only,Diturunkan dari triase model: High Risk dengan probabilitas 57.14%.,,,False,f_title_length=5.1820 | f_buyer_supplier_repeat_count=3.3638 | f_is_q4=-1.8217,"Peringkat investigatif paket ini adalah **Risiko Tinggi**.
Diturunkan dari triase model: High Risk dengan probabilitas 57.14%.
Model mengklasifikasikan paket ini sebagai **High Risk** dengan probabilitas 57.14%.
Catatan penting: ini adalah triase risiko, bukan bukti fraud final. Status kritis hanya boleh dinaikkan bila ada bukti resmi yang terhubung.
Faktor yang paling memengaruhi prediksi adalah:
- Panjang judul tender bernilai 13 dan meningkatkan skor risiko dengan kontribusi SHAP sekitar 5.1820.
- Frekuensi hubungan buyer-supplier berulang bernilai 3 dan meningkatkan skor risiko dengan kontribusi SHAP sekitar 3.3638.
- Waktu publikasi pada kuartal iv bernilai 0 dan menurunkan skor risiko dengan kontribusi SHAP sekitar 1.8217.",,,,,,,
458,test,23620,stratified_predicted_high_risk,0.545531,False,0.050431,0.5,0.5,0.050431,-0.370433,ocds-20h3g7-14436286,Pembangunan Gedung Rutan Sat Tahti (Lanjutan),2023-05-05 00:00:00+00:00,Pemerintah Daerah Kabupaten Cilacap,CV. SUMBER MAS,4355835750.63,4296002137.74,2,2,High Risk,0.550431,0.129567,0.320002,0.550431,0.958033,Risiko Tinggi,model_only,Diturunkan dari triase model: High Risk dengan probabilitas 55.04%.,,,False,f_tender_value_zscore_buyer=4.1772 | f_buyer_supplier_repeat_count=3.6529 | f_is_q4=-1.9202,"Peringkat investigatif paket ini adalah **Risiko Tinggi**.
Diturunkan dari triase model: High Risk dengan probabilitas 55.04%.
Model mengklasifikasikan paket ini sebagai **High Risk** dengan probabilitas 55.04%.
Catatan penting: ini adalah triase risiko, bukan bukti fraud final. Status kritis hanya boleh dinaikkan bila ada bukti resmi yang terhubung.
Faktor yang paling memengaruhi prediksi adalah:
- F tender value zscore buyer bernilai 2.0462 dan meningkatkan skor risiko dengan kontribusi SHAP sekitar 4.1772.
- Frekuensi hubungan buyer-supplier berulang bernilai 3 dan meningkatkan skor risiko dengan kontribusi SHAP sekitar 3.6529.
- Waktu publikasi pada kuartal iv bernilai 0 dan menurunkan skor risiko dengan kontribusi SHAP sekitar 1.9202.",,,,,,,
459,test,89107,stratified_predicted_high_risk,0.545448,False,0.056521,0.5,0.5,0.056521,-0.368501,ocds-20h3g7-9627156,Rehabilitasi sedang/berat gedung instalasi gawat darurat (IGD) Rumah Sakit Umum Daerah Kayuagung,2023-10-11 00:00:00+00:00,Pemerintah Daerah Kabupaten Ogan Komering Ilir,CV.PUTRA WIJAYA KONTRAKTOR,4986482400.0,4961456166.99,2,2,High Risk,0.556521,0.131499,0.31198,0.556521,0.956328,Risiko Tinggi,model_only,Diturunkan dari triase model: High Risk dengan probabilitas 55.65%.,,,False,f_tender_value_zscore_buyer=3.6720 | f_title_length=-3.5835 | f_buyer_supplier_repeat_count=3.5687,"Peringkat investigatif paket ini adalah **Risiko Tinggi**.
Diturunkan dari triase model: High Risk dengan probabilitas 55.65%.
Model mengklasifikasikan paket ini sebagai **High Risk** dengan probabilitas 55.65%.
Catatan penting: ini adalah triase risiko, bukan bukti fraud final. Status kritis hanya boleh dinaikkan bila ada bukti resmi yang terhubung.
Faktor yang paling memengaruhi prediksi adalah:
- F tender value zscore buyer bernilai 2.2283 dan meningkatkan skor risiko dengan kontribusi SHAP sekitar 3.6720.
- Panjang judul tender bernilai 96 dan menurunkan skor risiko dengan kontribusi SHAP sekitar 3.5835.
- Frekuensi hubungan buyer-supplier berulang bernilai 9 dan meningkatkan skor risiko dengan kontribusi SHAP sekitar 3.5687.",,,,,,,
460,test,5278,stratified_predicted_high_risk,0.545318,False,0.06408,0.5,0.5,0.06408,-0.365729,ocds-20h3g7-19424170,Pembangunan KUA,2023-03-21 00:00:00+00:00,Kementerian Agama,CV. SARANA KONSTRUKSI,1075000000.0,994477000.0,2,2,High Risk,0.56408,0.134271,0.301649,0.56408,0.954095,Risiko Tinggi,model_only,Diturunkan dari triase model: High Risk dengan probabilitas 56.41%.,,,False,f_title_length=5.1341 | f_buyer_supplier_repeat_count=3.4326 | f_is_q4=-1.8990,"Peringkat investigatif paket ini adalah **Risiko Tinggi**.
Diturunkan dari triase model: High Risk dengan probabilitas 56.41%.
Model mengklasifikasikan paket ini sebagai **High Risk** dengan probabilitas 56.41%.
Catatan penting: ini adalah triase risiko, bukan bukti fraud final. Status kritis hanya boleh dinaikkan bila ada bukti resmi yang terhubung.
Faktor yang paling memengaruhi prediksi adalah:
- Panjang judul tender bernilai 15 dan meningkatkan skor risiko dengan kontribusi SHAP sekitar 5.1341.
- Frekuensi hubungan buyer-supplier berulang bernilai 3 dan meningkatkan skor risiko dengan kontribusi SHAP sekitar 3.4326.
- Waktu publikasi pada kuartal iv bernilai 0 dan menurunkan skor risiko dengan kontribusi SHAP sekitar 1.8990.",,,,,,,
461,test,67181,stratified_predicted_high_risk,0.545303,False,0.074243,0.5,0.5,0.074243,-0.359912,ocds-20h3g7-1672603,Pengadaan Ranmin,2023-07-24 00:00:00+00:00,Kementerian Pertahanan,Dimas Jaya,24333100000.0,24329102500.0,2,2,High Risk,0.574243,0.140088,0.285669,0.574243,0.951795,Risiko Tinggi,model_only,Diturunkan dari triase model: High Risk dengan probabilitas 57.42%.,,,False,f_title_length=4.2776 | f_tender_value_log=3.3681 | f_is_q4=-1.9191,"Peringkat investigatif paket ini adalah **Risiko Tinggi**.
Diturunkan dari triase model: High Risk dengan probabilitas 57.42%.
Model mengklasifikasikan paket ini sebagai **High Risk** dengan probabilitas 57.42%.
Catatan penting: ini adalah triase risiko, bukan bukti fraud final. Status kritis hanya boleh dinaikkan bila ada bukti resmi yang terhubung.
Faktor yang paling memengaruhi prediksi adalah:
- Panjang judul tender bernilai 16 dan meningkatkan skor risiko dengan kontribusi SHAP sekitar 4.2776.
- Nilai tender bernilai 23.9151 dan meningkatkan skor risiko dengan kontribusi SHAP sekitar 3.3681.
- Waktu publikasi pada kuartal iv bernilai 0 dan menurunkan skor risiko dengan kontribusi SHAP sekitar 1.9191.",,,,,,,
462,test,87531,stratified_predicted_high_risk,0.545248,False,0.052483,0.5,0.5,0.052483,-0.371068,ocds-20h3g7-6677018,Pembangunan Jalan Akses Kel. Tenilo Kec. Limboto Kab. Gorontalo,2023-10-04 00:00:00+00:00,Pemerintah Daerah Provinsi Gorontalo,CV. SUNGAI BONE GORONTALO,299987000.0,194595221.42,2,2,High Risk,0.552483,0.128932,0.318585,0.552483,0.956338,Risiko Tinggi,model_only,Diturunkan dari triase model: High Risk dengan probabilitas 55.25%.,,,False,f_price_deviation_ratio=4.9675 | f_title_length=-3.9626 | f_buyer_supplier_repeat_count=3.3930,"Peringkat investigatif paket ini adalah **Risiko Tinggi**.
Diturunkan dari triase model: High Risk dengan probabilitas 55.25%.
Model mengklasifikasikan paket ini sebagai **High Risk** dengan probabilitas 55.25%.
Catatan penting: ini adalah triase risiko, bukan bukti fraud final. Status kritis hanya boleh dinaikkan bila ada bukti resmi yang terhubung.
Faktor yang paling memengaruhi prediksi adalah:
- Rasio deviasi harga terhadap nilai tender bernilai 0.6487 dan meningkatkan skor risiko dengan kontribusi SHAP sekitar 4.9675.
- Panjang judul tender bernilai 63 dan menurunkan skor risiko dengan kontribusi SHAP sekitar 3.9626.
- Frekuensi hubungan buyer-supplier berulang bernilai 2 dan meningkatkan skor risiko dengan kontribusi SHAP sekitar 3.3930.",,,,,,,
463,test,70783,stratified_predicted_high_risk,0.545001,False,0.043934,0.5,0.5,0.043934,-0.374989,ocds-20h3g7-86047064,Clearing Genangan Bendungan Margatiga,2023-08-03 00:00:00+00:00,Kementerian Pekerjaan Umum dan Perumahan Rakyat,CV. TUNAS PATAKA,10000000000.0,6986630198.4,2,2,High Risk,0.543934,0.125011,0.331055,0.543934,0.95713,Risiko Tinggi,model_only,Diturunkan dari triase model: High Risk dengan probabilitas 54.39%.,,,False,f_price_deviation_ratio=4.3366 | f_tender_value_log=3.9791 | f_buyer_supplier_repeat_count=-2.0589,"Peringkat investigatif paket ini adalah **Risiko Tinggi**.
Diturunkan dari triase model: High Risk dengan probabilitas 54.39%.
Model mengklasifikasikan paket ini sebagai **High Risk** dengan probabilitas 54.39%.
Catatan penting: ini adalah triase risiko, bukan bukti fraud final. Status kritis hanya boleh dinaikkan bila ada bukti resmi yang terhubung.
Faktor yang paling memengaruhi prediksi adalah:
- Rasio deviasi harga terhadap nilai tender bernilai 0.6987 dan meningkatkan skor risiko dengan kontribusi SHAP sekitar 4.3366.
- Nilai tender bernilai 23.0259 dan meningkatkan skor risiko dengan kontribusi SHAP sekitar 3.9791.
- Frekuensi hubungan buyer-supplier berulang bernilai 1 dan menurunkan skor risiko dengan kontribusi SHAP sekitar 2.0589.",,,,,,,
464,test,37967,stratified_predicted_high_risk,0.54486,False,0.054271,0.5,0.5,0.054271,-0.37229,ocds-20h3g7-2840238,Pembangunan Puskesmas Kerkap;,2023-05-31 00:00:00+00:00,Pemerintah Daerah Kabupaten Bengkulu Utara,CV.ANTARIKSA,4349990758.23,4304375781.33,2,2,High Risk,0.554271,0.12771,0.318019,0.554271,0.954239,Risiko Tinggi,model_only,Diturunkan dari triase model: High Risk dengan probabilitas 55.43%.,,,False,f_tender_value_zscore_buyer=4.1831 | f_buyer_supplier_repeat_count=3.5755 | f_is_q4=-1.9710,"Peringkat investigatif paket ini adalah **Risiko Tinggi**.
Diturunkan dari triase model: High Risk dengan probabilitas 55.43%.
Model mengklasifikasikan paket ini sebagai **High Risk** dengan probabilitas 55.43%.
Catatan penting: ini adalah triase risiko, bukan bukti fraud final. Status kritis hanya boleh dinaikkan bila ada bukti resmi yang terhubung.
Faktor yang paling memengaruhi prediksi adalah:
- F tender value zscore buyer bernilai 2.1697 dan meningkatkan skor risiko dengan kontribusi SHAP sekitar 4.1831.
- Frekuensi hubungan buyer-supplier berulang bernilai 4 dan meningkatkan skor risiko dengan kontribusi SHAP sekitar 3.5755.
- Waktu publikasi pada kuartal iv bernilai 0 dan menurunkan skor risiko dengan kontribusi SHAP sekitar 1.9710.",,,,,,,
465,test,8729,stratified_predicted_high_risk,0.544834,False,0.075484,0.5,0.5,0.075484,-0.361944,ocds-20h3g7-14399286,Belanja Modal Bangunan Kesehatan - Konstruksi Pembangunan UPTD Puskesmas Majenang II Tahap I (Dana Bankeu Provinsi),2023-03-28 00:00:00+00:00,Pemerintah Daerah Kabupaten Cilacap,CV. ADI MULIA,5499539499.28,4575822156.24,2,2,High Risk,0.575484,0.138056,0.286461,0.575484,0.949464,Risiko Tinggi,model_only,Diturunkan dari triase model: High Risk dengan probabilitas 57.55%.,,,False,f_tender_value_zscore_buyer=4.1396 | f_buyer_supplier_repeat_count=3.4249 | f_tender_value_log=3.4060,"Peringkat investigatif paket ini adalah **Risiko Tinggi**.
Diturunkan dari triase model: High Risk dengan probabilitas 57.55%.
Model mengklasifikasikan paket ini sebagai **High Risk** dengan probabilitas 57.55%.
Catatan penting: ini adalah triase risiko, bukan bukti fraud final. Status kritis hanya boleh dinaikkan bila ada bukti resmi yang terhubung.
Faktor yang paling memengaruhi prediksi adalah:
- F tender value zscore buyer bernilai 2.7711 dan meningkatkan skor risiko dengan kontribusi SHAP sekitar 4.1396.
- Frekuensi hubungan buyer-supplier berulang bernilai 5 dan meningkatkan skor risiko dengan kontribusi SHAP sekitar 3.4249.
- Nilai tender bernilai 22.4279 dan meningkatkan skor risiko dengan kontribusi SHAP sekitar 3.4060.",,,,,,,
466,test,63723,stratified_predicted_high_risk,0.544834,False,0.053616,0.5,0.5,0.053616,-0.372656,ocds-20h3g7-5277249,Rehab BPU Damai,2023-07-14 00:00:00+00:00,Pemerintah Daerah Kabupaten Kutai Barat,CV. BANGUN BUMITAMA,599988300.0,596934137.22,2,2,High Risk,0.553616,0.127344,0.31904,0.553616,0.954267,Risiko Tinggi,model_only,Diturunkan dari triase model: High Risk dengan probabilitas 55.36%.,,,False,f_title_length=5.1415 | f_buyer_supplier_repeat_count=3.5819 | f_is_q4=-1.8998,"Peringkat investigatif paket ini adalah **Risiko Tinggi**.
Diturunkan dari triase model: High Risk dengan probabilitas 55.36%.
Model mengklasifikasikan paket ini sebagai **High Risk** dengan probabilitas 55.36%.
Catatan penting: ini adalah triase risiko, bukan bukti fraud final. Status kritis hanya boleh dinaikkan bila ada bukti resmi yang terhubung.
Faktor yang paling memengaruhi prediksi adalah:
- Panjang judul tender bernilai 15 dan meningkatkan skor risiko dengan kontribusi SHAP sekitar 5.1415.
- Frekuensi hubungan buyer-supplier berulang bernilai 3 dan meningkatkan skor risiko dengan kontribusi SHAP sekitar 3.5819.
- Waktu publikasi pada kuartal iv bernilai 0 dan menurunkan skor risiko dengan kontribusi SHAP sekitar 1.8998.",,,,,,,
467,test,90582,stratified_predicted_medium_risk,0.561671,True,0.21059,0.5,0.5,-0.21059,-0.364548,ocds-20h3g7-7321052,Peningkatan Jalan Lingkungan RT. 08 Menuju RT. 01 Desa Sungai Tuak,2023-10-20 00:00:00+00:00,Pemerintah Daerah Kabupaten Paser,PT. TRIYANDA TAKA PERKASA,4787134314.0,4757664817.29,2,1,Medium Risk,0.575139,0.135452,0.575139,0.28941,0.947764,Perlu Pantauan,model_only,Diturunkan dari triase model: Medium Risk dengan probabilitas 57.51%.,,,False,f_title_length=1.5453 | f_supplier_recent_90d_award_count=1.2002 | f_buyer_supplier_repeat_count=-1.1081,"Peringkat investigatif paket ini adalah **Perlu Pantauan**.
Diturunkan dari triase model: Medium Risk dengan probabilitas 57.51%.
Model mengklasifikasikan paket ini sebagai **Medium Risk** dengan probabilitas 57.51%.
Catatan penting: ini adalah triase risiko, bukan bukti fraud final. Status kritis hanya boleh dinaikkan bila ada bukti resmi yang terhubung.
Faktor yang paling memengaruhi prediksi adalah:
- Panjang judul tender bernilai 66 dan meningkatkan skor risiko dengan kontribusi SHAP sekitar 1.5453.
- F supplier recent 90d award count bernilai 2 dan meningkatkan skor risiko dengan kontribusi SHAP sekitar 1.2002.
- Frekuensi hubungan buyer-supplier berulang bernilai 10 dan menurunkan skor risiko dengan kontribusi SHAP sekitar 1.1081.",,,,,,,
468,test,3610,stratified_predicted_medium_risk,0.561176,True,0.213339,0.5,0.5,-0.213339,-0.357503,ocds-20h3g7-3150426,Peningkatan Jalan Gp. Blang - Perumahan IOM (DAK PENUGASAN),2023-03-17 00:00:00+00:00,Pemerintah Daerah Kabupaten Aceh Besar,CV. LAMPOH SAYANG,4676271820.86,4498500600.14,2,1,Medium Risk,0.570842,0.142497,0.570842,0.286661,0.955854,Perlu Pantauan,model_only,Diturunkan dari triase model: Medium Risk dengan probabilitas 57.08%.,,,False,f_tender_value_zscore_buyer=-2.0824 | f_buyer_supplier_repeat_count=0.9511 | f_supplier_recent_90d_award_count=0.8817,"Peringkat investigatif paket ini adalah **Perlu Pantauan**.
Diturunkan dari triase model: Medium Risk dengan probabilitas 57.08%.
Model mengklasifikasikan paket ini sebagai **Medium Risk** dengan probabilitas 57.08%.
Catatan penting: ini adalah triase risiko, bukan bukti fraud final. Status kritis hanya boleh dinaikkan bila ada bukti resmi yang terhubung.
Faktor yang paling memengaruhi prediksi adalah:
- F tender value zscore buyer bernilai 2.8736 dan menurunkan skor risiko dengan kontribusi SHAP sekitar 2.0824.
- Frekuensi hubungan buyer-supplier berulang bernilai 1 dan meningkatkan skor risiko dengan kontribusi SHAP sekitar 0.9511.
- F supplier recent 90d award count bernilai 0 dan meningkatkan skor risiko dengan kontribusi SHAP sekitar 0.8817.",,,,,,,
469,test,8903,stratified_predicted_medium_risk,0.560867,True,0.218352,0.5,0.5,-0.218352,-0.341795,ocds-20h3g7-7566058,Pemeliharaan Berkala Jalan Gondosari - Ploso - Batas Jateng,2023-03-28 00:00:00+00:00,Pemerintah Daerah Kabupaten Pacitan,cv.tuji barokah jaya,4576981180.67,3701578871.71,2,1,Medium Risk,0.560147,0.158205,0.560147,0.281648,0.973221,Perlu Pantauan,model_only,Diturunkan dari triase model: Medium Risk dengan probabilitas 56.01%.,,,False,f_tender_value_zscore_buyer=-2.0764 | f_tender_value_log=0.8385 | f_buyer_supplier_repeat_count=0.7915,"Peringkat investigatif paket ini adalah **Perlu Pantauan**.
Diturunkan dari triase model: Medium Risk dengan probabilitas 56.01%.
Model mengklasifikasikan paket ini sebagai **Medium Risk** dengan probabilitas 56.01%.
Catatan penting: ini adalah triase risiko, bukan bukti fraud final. Status kritis hanya boleh dinaikkan bila ada bukti resmi yang terhubung.
Faktor yang paling memengaruhi prediksi adalah:
- F tender value zscore buyer bernilai 2.1034 dan menurunkan skor risiko dengan kontribusi SHAP sekitar 2.0764.
- Nilai tender bernilai 22.2443 dan meningkatkan skor risiko dengan kontribusi SHAP sekitar 0.8385.
- Frekuensi hubungan buyer-supplier berulang bernilai 1 dan meningkatkan skor risiko dengan kontribusi SHAP sekitar 0.7915.",,,,,,,
470,test,27419,stratified_predicted_medium_risk,0.560856,True,0.212505,0.5,0.5,-0.212505,-0.361134,ocds-20h3g7-4918249,Peningkatan Jalan Sp. Mancong - Mancong - Tanjung Isuy,2023-05-12 00:00:00+00:00,Pemerintah Daerah Kabupaten Kutai Barat,CV. BENUA KARYA,4771662000.0,4765404670.6,2,1,Medium Risk,0.57364,0.138866,0.57364,0.287495,0.951334,Perlu Pantauan,model_only,Diturunkan dari triase model: Medium Risk dengan probabilitas 57.36%.,,,False,f_supplier_recent_90d_award_count=-2.0590 | f_buyer_supplier_repeat_count=1.2288 | f_is_q4=0.8951,"Peringkat investigatif paket ini adalah **Perlu Pantauan**.
Diturunkan dari triase model: Medium Risk dengan probabilitas 57.36%.
Model mengklasifikasikan paket ini sebagai **Medium Risk** dengan probabilitas 57.36%.
Catatan penting: ini adalah triase risiko, bukan bukti fraud final. Status kritis hanya boleh dinaikkan bila ada bukti resmi yang terhubung.
Faktor yang paling memengaruhi prediksi adalah:
- F supplier recent 90d award count bernilai 3 dan menurunkan skor risiko dengan kontribusi SHAP sekitar 2.0590.
- Frekuensi hubungan buyer-supplier berulang bernilai 1 dan meningkatkan skor risiko dengan kontribusi SHAP sekitar 1.2288.
- Waktu publikasi pada kuartal iv bernilai 0 dan meningkatkan skor risiko dengan kontribusi SHAP sekitar 0.8951.",,,,,,,
471,test,92966,stratified_predicted_medium_risk,0.560822,True,0.208466,0.5,0.5,-0.208466,-0.37339,ocds-20h3g7-39006011,Jasa Pengelolaan Konsumsi Rapat Kantor Pusat SKK Migas,2023-12-04 17:00:00+00:00,Satuan Kerja Khusus Pelaksana Kegiatan Hulu Minyak dan Gas Bumi,Koperasi Bina Petro Mandiri,4951120657.0,4871537520.0,2,1,Medium Risk,0.581856,0.12661,0.581856,0.291534,0.936095,Perlu Pantauan,model_only,Diturunkan dari triase model: Medium Risk dengan probabilitas 58.19%.,,,False,f_is_q4=-1.4149 | f_buyer_supplier_repeat_count=1.0283 | f_supplier_recent_90d_award_count=0.7966,"Peringkat investigatif paket ini adalah **Perlu Pantauan**.
Diturunkan dari triase model: Medium Risk dengan probabilitas 58.19%.
Model mengklasifikasikan paket ini sebagai **Medium Risk** dengan probabilitas 58.19%.
Catatan penting: ini adalah triase risiko, bukan bukti fraud final. Status kritis hanya boleh dinaikkan bila ada bukti resmi yang terhubung.
Faktor yang paling memengaruhi prediksi adalah:
- Waktu publikasi pada kuartal iv bernilai 1 dan menurunkan skor risiko dengan kontribusi SHAP sekitar 1.4149.
- Frekuensi hubungan buyer-supplier berulang bernilai 1 dan meningkatkan skor risiko dengan kontribusi SHAP sekitar 1.0283.
- F supplier recent 90d award count bernilai 1 dan meningkatkan skor risiko dengan kontribusi SHAP sekitar 0.7966.",,,,,,,
472,test,2048,stratified_predicted_medium_risk,0.560741,True,0.211282,0.5,0.5,-0.211282,-0.365257,ocds-20h3g7-3264317,Peningkatan Jalan Purwodadi Kec. Angasana,2023-03-15 00:00:00+00:00,Pemerintah Daerah Kabupaten Tanah Bumbu,CV. LUMINTU ABADI JAYA,4800000000.0,4665757192.2,2,1,Medium Risk,0.576539,0.134743,0.576539,0.288718,0.946259,Perlu Pantauan,model_only,Diturunkan dari triase model: Medium Risk dengan probabilitas 57.65%.,,,False,f_buyer_supplier_repeat_count=-1.5983 | f_supplier_recent_90d_award_count=1.2750 | f_is_q4=1.1273,"Peringkat investigatif paket ini adalah **Perlu Pantauan**.
Diturunkan dari triase model: Medium Risk dengan probabilitas 57.65%.
Model mengklasifikasikan paket ini sebagai **Medium Risk** dengan probabilitas 57.65%.
Catatan penting: ini adalah triase risiko, bukan bukti fraud final. Status kritis hanya boleh dinaikkan bila ada bukti resmi yang terhubung.
Faktor yang paling memengaruhi prediksi adalah:
- Frekuensi hubungan buyer-supplier berulang bernilai 9 dan menurunkan skor risiko dengan kontribusi SHAP sekitar 1.5983.
- F supplier recent 90d award count bernilai 0 dan meningkatkan skor risiko dengan kontribusi SHAP sekitar 1.2750.
- Waktu publikasi pada kuartal iv bernilai 0 dan meningkatkan skor risiko dengan kontribusi SHAP sekitar 1.1273.",,,,,,,
473,test,45521,stratified_predicted_medium_risk,0.560614,True,0.212285,0.5,0.5,-0.212285,-0.362566,ocds-20h3g7-13601361,"Pembangunan Rumah Dinas Esslon II,Pembangunan Rumah Dinas Esslon III",2023-06-12 00:00:00+00:00,Pemerintah Daerah Provinsi Maluku Utara,CV. MITRA UTAMA,4705517447.66,4640132453.85,2,1,Medium Risk,0.57485,0.137434,0.57485,0.287715,0.949448,Perlu Pantauan,model_only,Diturunkan dari triase model: Medium Risk dengan probabilitas 57.48%.,,,False,f_title_length=1.6180 | f_supplier_recent_90d_award_count=-1.4771 | f_is_q4=0.9588,"Peringkat investigatif paket ini adalah **Perlu Pantauan**.
Diturunkan dari triase model: Medium Risk dengan probabilitas 57.48%.
Model mengklasifikasikan paket ini sebagai **Medium Risk** dengan probabilitas 57.48%.
Catatan penting: ini adalah triase risiko, bukan bukti fraud final. Status kritis hanya boleh dinaikkan bila ada bukti resmi yang terhubung.
Faktor yang paling memengaruhi prediksi adalah:
- Panjang judul tender bernilai 68 dan meningkatkan skor risiko dengan kontribusi SHAP sekitar 1.6180.
- F supplier recent 90d award count bernilai 3 dan menurunkan skor risiko dengan kontribusi SHAP sekitar 1.4771.
- Waktu publikasi pada kuartal iv bernilai 0 dan meningkatkan skor risiko dengan kontribusi SHAP sekitar 0.9588.",,,,,,,
474,test,43803,stratified_predicted_medium_risk,0.560195,True,0.211682,0.5,0.5,-0.211682,-0.365687,ocds-20h3g7-5416021,Pembangunan SAH Kecamatan Gedongtengan,2023-06-09 00:00:00+00:00,Pemerintah Daerah Kota Yogyakarta,CV. BINTANG PRATAMA,4499232938.0,3435313810.06,2,1,Medium Risk,0.57737,0.134313,0.57737,0.288318,0.945356,Perlu Pantauan,model_only,Diturunkan dari triase model: Medium Risk dengan probabilitas 57.74%.,,,False,f_buyer_supplier_repeat_count=-1.5604 | f_supplier_recent_90d_award_count=1.3055 | f_is_q4=1.1697,"Peringkat investigatif paket ini adalah **Perlu Pantauan**.
Diturunkan dari triase model: Medium Risk dengan probabilitas 57.74%.
Model mengklasifikasikan paket ini sebagai **Medium Risk** dengan probabilitas 57.74%.
Catatan penting: ini adalah triase risiko, bukan bukti fraud final. Status kritis hanya boleh dinaikkan bila ada bukti resmi yang terhubung.
Faktor yang paling memengaruhi prediksi adalah:
- Frekuensi hubungan buyer-supplier berulang bernilai 4 dan menurunkan skor risiko dengan kontribusi SHAP sekitar 1.5604.
- F supplier recent 90d award count bernilai 0 dan meningkatkan skor risiko dengan kontribusi SHAP sekitar 1.3055.
- Waktu publikasi pada kuartal iv bernilai 0 dan meningkatkan skor risiko dengan kontribusi SHAP sekitar 1.1697.",,,,,,,
475,test,64397,stratified_predicted_medium_risk,0.560149,True,0.212728,0.5,0.5,-0.212728,-0.362625,ocds-20h3g7-5839639,Belanja Modal Pembangunan Fisik Puskesmas Amar,2023-07-15 00:00:00+00:00,Pemerintah Daerah Kabupaten Mimika,cv.baratajayamandiri,4513398554.0,4013339703.75,2,1,Medium Risk,0.575352,0.137375,0.575352,0.287272,0.949056,Perlu Pantauan,model_only,Diturunkan dari triase model: Medium Risk dengan probabilitas 57.54%.,,,False,f_buyer_supplier_repeat_count=-1.7028 | f_supplier_recent_90d_award_count=1.2577 | f_is_q4=1.1352,"Peringkat investigatif paket ini adalah **Perlu Pantauan**.
Diturunkan dari triase model: Medium Risk dengan probabilitas 57.54%.
Model mengklasifikasikan paket ini sebagai **Medium Risk** dengan probabilitas 57.54%.
Catatan penting: ini adalah triase risiko, bukan bukti fraud final. Status kritis hanya boleh dinaikkan bila ada bukti resmi yang terhubung.
Faktor yang paling memengaruhi prediksi adalah:
- Frekuensi hubungan buyer-supplier berulang bernilai 7 dan menurunkan skor risiko dengan kontribusi SHAP sekitar 1.7028.
- F supplier recent 90d award count bernilai 0 dan meningkatkan skor risiko dengan kontribusi SHAP sekitar 1.2577.
- Waktu publikasi pada kuartal iv bernilai 0 dan meningkatkan skor risiko dengan kontribusi SHAP sekitar 1.1352.",,,,,,,
476,test,27510,stratified_predicted_medium_risk,0.559985,True,0.213784,0.5,0.5,-0.213784,-0.359836,ocds-20h3g7-4870298,Peningkatan Jalan Kedukul - Balai Sebut,2023-05-12 00:00:00+00:00,Pemerintah Daerah Kabupaten Sanggau,CV. Gemilang,3999930031.8,3980057533.44,2,1,Medium Risk,0.57362,0.140164,0.57362,0.286216,0.952284,Perlu Pantauan,model_only,Diturunkan dari triase model: Medium Risk dengan probabilitas 57.36%.,,,False,f_buyer_supplier_repeat_count=-1.6933 | f_supplier_recent_90d_award_count=1.2723 | f_is_q4=1.1981,"Peringkat investigatif paket ini adalah **Perlu Pantauan**.
Diturunkan dari triase model: Medium Risk dengan probabilitas 57.36%.
Model mengklasifikasikan paket ini sebagai **Medium Risk** dengan probabilitas 57.36%.
Catatan penting: ini adalah triase risiko, bukan bukti fraud final. Status kritis hanya boleh dinaikkan bila ada bukti resmi yang terhubung.
Faktor yang paling memengaruhi prediksi adalah:
- Frekuensi hubungan buyer-supplier berulang bernilai 7 dan menurunkan skor risiko dengan kontribusi SHAP sekitar 1.6933.
- F supplier recent 90d award count bernilai 0 dan meningkatkan skor risiko dengan kontribusi SHAP sekitar 1.2723.
- Waktu publikasi pada kuartal iv bernilai 0 dan meningkatkan skor risiko dengan kontribusi SHAP sekitar 1.1981.",,,,,,,
477,test,24481,stratified_predicted_medium_risk,0.55978,True,0.211739,0.5,0.5,-0.211739,-0.366763,ocds-20h3g7-1717699,PEMBANGUNAN GEDUNG LOUNDRY RUMAH SAKIT,2023-05-07 00:00:00+00:00,Pemerintah Daerah Kota Tual,CV Farisa,4000000000.0,3979453000.0,2,1,Medium Risk,0.578502,0.133237,0.578502,0.288261,0.943742,Perlu Pantauan,model_only,Diturunkan dari triase model: Medium Risk dengan probabilitas 57.85%.,,,False,f_buyer_supplier_repeat_count=-1.5890 | f_supplier_recent_90d_award_count=1.2840 | f_is_q4=1.1968,"Peringkat investigatif paket ini adalah **Perlu Pantauan**.
Diturunkan dari triase model: Medium Risk dengan probabilitas 57.85%.
Model mengklasifikasikan paket ini sebagai **Medium Risk** dengan probabilitas 57.85%.
Catatan penting: ini adalah triase risiko, bukan bukti fraud final. Status kritis hanya boleh dinaikkan bila ada bukti resmi yang terhubung.
Faktor yang paling memengaruhi prediksi adalah:
- Frekuensi hubungan buyer-supplier berulang bernilai 16 dan menurunkan skor risiko dengan kontribusi SHAP sekitar 1.5890.
- F supplier recent 90d award count bernilai 2 dan meningkatkan skor risiko dengan kontribusi SHAP sekitar 1.2840.
- Waktu publikasi pada kuartal iv bernilai 0 dan meningkatkan skor risiko dengan kontribusi SHAP sekitar 1.1968.",,,,,,,
478,test,85259,stratified_predicted_medium_risk,0.55976,True,0.214447,0.5,0.5,-0.214447,-0.358447,ocds-20h3g7-14010043,Lanjutan Pembangunan Saluran Irigasi D.I Labanan Jaya,2023-09-25 00:00:00+00:00,Pemerintah Daerah Kabupaten Berau,"stevano jaya,cv",4728000000.0,4694921629.04,2,1,Medium Risk,0.572894,0.141553,0.572894,0.285553,0.953772,Perlu Pantauan,model_only,Diturunkan dari triase model: Medium Risk dengan probabilitas 57.29%.,,,False,f_buyer_supplier_repeat_count=-1.6184 | f_supplier_recent_90d_award_count=1.2480 | f_is_q4=1.1119,"Peringkat investigatif paket ini adalah **Perlu Pantauan**.
Diturunkan dari triase model: Medium Risk dengan probabilitas 57.29%.
Model mengklasifikasikan paket ini sebagai **Medium Risk** dengan probabilitas 57.29%.
Catatan penting: ini adalah triase risiko, bukan bukti fraud final. Status kritis hanya boleh dinaikkan bila ada bukti resmi yang terhubung.
Faktor yang paling memengaruhi prediksi adalah:
- Frekuensi hubungan buyer-supplier berulang bernilai 3 dan menurunkan skor risiko dengan kontribusi SHAP sekitar 1.6184.
- F supplier recent 90d award count bernilai 1 dan meningkatkan skor risiko dengan kontribusi SHAP sekitar 1.2480.
- Waktu publikasi pada kuartal iv bernilai 0 dan meningkatkan skor risiko dengan kontribusi SHAP sekitar 1.1119.",,,,,,,
479,test,17277,stratified_predicted_medium_risk,0.559725,True,0.211774,0.5,0.5,-0.211774,-0.366822,ocds-20h3g7-20806044,PAKET 25 KAPOR DIKTUK BINTARA DAN TAMTAMA POLRI GELOMBANG 2 TA. 2023,2023-04-11 00:00:00+00:00,Kepolisian Negara Republik Indonesia,PT. STARMAS MAKMUR PERKASA,4517515450.0,4517207545.0,2,1,Medium Risk,0.578596,0.133178,0.578596,0.288226,0.943632,Perlu Pantauan,model_only,Diturunkan dari triase model: Medium Risk dengan probabilitas 57.86%.,,,False,f_supplier_recent_90d_award_count=-1.7255 | f_title_length=1.5333 | f_buyer_supplier_repeat_count=-1.0886,"Peringkat investigatif paket ini adalah **Perlu Pantauan**.
Diturunkan dari triase model: Medium Risk dengan probabilitas 57.86%.
Model mengklasifikasikan paket ini sebagai **Medium Risk** dengan probabilitas 57.86%.
Catatan penting: ini adalah triase risiko, bukan bukti fraud final. Status kritis hanya boleh dinaikkan bila ada bukti resmi yang terhubung.
Faktor yang paling memengaruhi prediksi adalah:
- F supplier recent 90d award count bernilai 3 dan menurunkan skor risiko dengan kontribusi SHAP sekitar 1.7255.
- Panjang judul tender bernilai 68 dan meningkatkan skor risiko dengan kontribusi SHAP sekitar 1.5333.
- Frekuensi hubungan buyer-supplier berulang bernilai 10 dan menurunkan skor risiko dengan kontribusi SHAP sekitar 1.0886.",,,,,,,
480,test,38551,stratified_predicted_medium_risk,0.559604,True,0.211773,0.5,0.5,-0.211773,-0.367185,ocds-20h3g7-5057249,Lanjutan Peningkatan Jalan Beloan,2023-05-31 00:00:00+00:00,Pemerintah Daerah Kabupaten Kutai Barat,CV. SINAR TELEN,4773768000.0,4490016690.45,2,1,Medium Risk,0.578958,0.132815,0.578958,0.288227,0.943098,Perlu Pantauan,model_only,Diturunkan dari triase model: Medium Risk dengan probabilitas 57.90%.,,,False,f_supplier_recent_90d_award_count=-2.2366 | f_buyer_supplier_repeat_count=1.2864 | f_is_q4=0.8994,"Peringkat investigatif paket ini adalah **Perlu Pantauan**.
Diturunkan dari triase model: Medium Risk dengan probabilitas 57.90%.
Model mengklasifikasikan paket ini sebagai **Medium Risk** dengan probabilitas 57.90%.
Catatan penting: ini adalah triase risiko, bukan bukti fraud final. Status kritis hanya boleh dinaikkan bila ada bukti resmi yang terhubung.
Faktor yang paling memengaruhi prediksi adalah:
- F supplier recent 90d award count bernilai 3 dan menurunkan skor risiko dengan kontribusi SHAP sekitar 2.2366.
- Frekuensi hubungan buyer-supplier berulang bernilai 1 dan meningkatkan skor risiko dengan kontribusi SHAP sekitar 1.2864.
- Waktu publikasi pada kuartal iv bernilai 0 dan meningkatkan skor risiko dengan kontribusi SHAP sekitar 0.8994.",,,,,,,
481,test,49456,stratified_predicted_medium_risk,0.559561,True,0.211651,0.5,0.5,-0.211651,-0.367681,ocds-20h3g7-13914043,Pembangunan Gedung Lab. PUPR,2023-06-16 00:00:00+00:00,Pemerintah Daerah Kabupaten Berau,CV.MAHADEWI,4550930721.86,4414400000.0,2,1,Medium Risk,0.579332,0.132319,0.579332,0.288349,0.942452,Perlu Pantauan,model_only,Diturunkan dari triase model: Medium Risk dengan probabilitas 57.93%.,,,False,f_buyer_supplier_repeat_count=-1.6876 | f_supplier_recent_90d_award_count=1.2798 | f_is_q4=1.1385,"Peringkat investigatif paket ini adalah **Perlu Pantauan**.
Diturunkan dari triase model: Medium Risk dengan probabilitas 57.93%.
Model mengklasifikasikan paket ini sebagai **Medium Risk** dengan probabilitas 57.93%.
Catatan penting: ini adalah triase risiko, bukan bukti fraud final. Status kritis hanya boleh dinaikkan bila ada bukti resmi yang terhubung.
Faktor yang paling memengaruhi prediksi adalah:
- Frekuensi hubungan buyer-supplier berulang bernilai 7 dan menurunkan skor risiko dengan kontribusi SHAP sekitar 1.6876.
- F supplier recent 90d award count bernilai 2 dan meningkatkan skor risiko dengan kontribusi SHAP sekitar 1.2798.
- Waktu publikasi pada kuartal iv bernilai 0 dan meningkatkan skor risiko dengan kontribusi SHAP sekitar 1.1385.",,,,,,,
482,test,24920,stratified_predicted_medium_risk,0.559533,True,0.214774,0.5,0.5,-0.214774,-0.358125,ocds-20h3g7-20962121,Rehabilitasi Jaringan Irigasi D.I Way Negara Ratu (DAK),2023-05-08 00:00:00+00:00,Pemerintah Daerah Provinsi Lampung,CV. Tama Group,4538622056.59,4425073458.15,2,1,Medium Risk,0.572899,0.141875,0.572899,0.285226,0.953994,Perlu Pantauan,model_only,Diturunkan dari triase model: Medium Risk dengan probabilitas 57.29%.,,,False,f_buyer_supplier_repeat_count=-1.6427 | f_supplier_recent_90d_award_count=1.2322 | f_is_q4=1.0870,"Peringkat investigatif paket ini adalah **Perlu Pantauan**.
Diturunkan dari triase model: Medium Risk dengan probabilitas 57.29%.
Model mengklasifikasikan paket ini sebagai **Medium Risk** dengan probabilitas 57.29%.
Catatan penting: ini adalah triase risiko, bukan bukti fraud final. Status kritis hanya boleh dinaikkan bila ada bukti resmi yang terhubung.
Faktor yang paling memengaruhi prediksi adalah:
- Frekuensi hubungan buyer-supplier berulang bernilai 3 dan menurunkan skor risiko dengan kontribusi SHAP sekitar 1.6427.
- F supplier recent 90d award count bernilai 1 dan meningkatkan skor risiko dengan kontribusi SHAP sekitar 1.2322.
- Waktu publikasi pada kuartal iv bernilai 0 dan meningkatkan skor risiko dengan kontribusi SHAP sekitar 1.0870.",,,,,,,
483,test,51743,stratified_predicted_low_risk,0.546299,True,0.048496,0.5,0.5,-0.393918,-0.048496,ocds-20h3g7-3414483,Pembuatan Taman Wisata Rohani Desa Tangkahen Kec. Banama Tingang,2023-06-20 00:00:00+00:00,Pemerintah Daerah Kabupaten Pulang Pisau,CV GATRA MEGA,4999997232.29,4949997287.94,1,0,Low Risk,0.451504,0.451504,0.442414,0.106082,0.957815,Aman,model_only,Diturunkan dari triase model: Low Risk dengan probabilitas 45.15%.,,,False,f_tender_value_zscore_buyer=-2.1399 | f_tender_value_log=-1.8382 | f_title_length=1.8119,"Peringkat investigatif paket ini adalah **Aman**.
Diturunkan dari triase model: Low Risk dengan probabilitas 45.15%.
Model mengklasifikasikan paket ini sebagai **Low Risk** dengan probabilitas 45.15%.
Catatan penting: ini adalah triase risiko, bukan bukti fraud final. Status kritis hanya boleh dinaikkan bila ada bukti resmi yang terhubung.
Faktor yang paling memengaruhi prediksi adalah:
- F tender value zscore buyer bernilai 1.9659 dan menurunkan skor risiko dengan kontribusi SHAP sekitar 2.1399.
- Nilai tender bernilai 22.3327 dan menurunkan skor risiko dengan kontribusi SHAP sekitar 1.8382.
- Panjang judul tender bernilai 64 dan meningkatkan skor risiko dengan kontribusi SHAP sekitar 1.8119.",,,,,,,
484,test,17920,stratified_predicted_low_risk,0.535397,True,0.044873,0.5,0.5,-0.409433,-0.044873,ocds-20h3g7-11947251,Belanja Modal Bangunan Gedung Kantor (Pembangunan Gedung Pos Pemadam Kertapati),2023-04-12 00:00:00+00:00,Pemerintah Daerah Kota Palembang,CV. ANDIKA SEJAHTERA,4999900076.17,4997810734.68,1,0,Low Risk,0.455127,0.455127,0.454306,0.090567,0.934219,Aman,model_only,Diturunkan dari triase model: Low Risk dengan probabilitas 45.51%.,,,False,f_tender_value_zscore_buyer=-2.1661 | f_title_length=1.7940 | f_tender_value_log=-1.5883,"Peringkat investigatif paket ini adalah **Aman**.
Diturunkan dari triase model: Low Risk dengan probabilitas 45.51%.
Model mengklasifikasikan paket ini sebagai **Low Risk** dengan probabilitas 45.51%.
Catatan penting: ini adalah triase risiko, bukan bukti fraud final. Status kritis hanya boleh dinaikkan bila ada bukti resmi yang terhubung.
Faktor yang paling memengaruhi prediksi adalah:
- F tender value zscore buyer bernilai 1.97 dan menurunkan skor risiko dengan kontribusi SHAP sekitar 2.1661.
- Panjang judul tender bernilai 79 dan meningkatkan skor risiko dengan kontribusi SHAP sekitar 1.7940.
- Nilai tender bernilai 22.3327 dan menurunkan skor risiko dengan kontribusi SHAP sekitar 1.5883.",,,,,,,
485,test,9763,stratified_predicted_low_risk,0.518836,True,0.045532,0.5,0.5,-0.42477,0.045532,ocds-20h3g7-6204300,Belanja Modal Jalan Kabupaten - PELEBARAN JALAN MENUJU STANDAR RUAS KINTELAN - PADANGASRI,2023-03-29 00:00:00+00:00,Pemerintah Daerah Kabupaten Mojokerto,CV. MAHA PUTRA MULIA,5044690000.0,4030158000.0,1,0,Low Risk,0.545532,0.545532,0.379238,0.07523,0.89293,Aman,model_only,Diturunkan dari triase model: Low Risk dengan probabilitas 54.55%.,,,False,f_tender_value_log=-2.3488 | f_title_length=2.0594 | f_is_q4=0.9605,"Peringkat investigatif paket ini adalah **Aman**.
Diturunkan dari triase model: Low Risk dengan probabilitas 54.55%.
Model mengklasifikasikan paket ini sebagai **Low Risk** dengan probabilitas 54.55%.
Catatan penting: ini adalah triase risiko, bukan bukti fraud final. Status kritis hanya boleh dinaikkan bila ada bukti resmi yang terhubung.
Faktor yang paling memengaruhi prediksi adalah:
- Nilai tender bernilai 22.3416 dan menurunkan skor risiko dengan kontribusi SHAP sekitar 2.3488.
- Panjang judul tender bernilai 89 dan meningkatkan skor risiko dengan kontribusi SHAP sekitar 2.0594.
- Waktu publikasi pada kuartal iv bernilai 0 dan meningkatkan skor risiko dengan kontribusi SHAP sekitar 0.9605.",,,,,,,
486,test,74775,stratified_predicted_low_risk,0.517669,True,0.051266,0.5,0.5,-0.422775,0.051266,ocds-20h3g7-6060639,Belanja Modal Bangunan Gedung Kantor - Pembangunan Gedung Kantor Distrik Wania,2023-08-16 00:00:00+00:00,Pemerintah Daerah Kabupaten Mimika,CV. INAMON NALE ANTOBAR,4999995000.0,4979640611.5,1,0,Low Risk,0.551266,0.551266,0.371509,0.077225,0.893937,Aman,model_only,Diturunkan dari triase model: Low Risk dengan probabilitas 55.13%.,,,False,f_title_length=2.0520 | f_tender_value_log=-2.0332 | f_price_deviation_ratio=1.0750,"Peringkat investigatif paket ini adalah **Aman**.
Diturunkan dari triase model: Low Risk dengan probabilitas 55.13%.
Model mengklasifikasikan paket ini sebagai **Low Risk** dengan probabilitas 55.13%.
Catatan penting: ini adalah triase risiko, bukan bukti fraud final. Status kritis hanya boleh dinaikkan bila ada bukti resmi yang terhubung.
Faktor yang paling memengaruhi prediksi adalah:
- Panjang judul tender bernilai 78 dan meningkatkan skor risiko dengan kontribusi SHAP sekitar 2.0520.
- Nilai tender bernilai 22.3327 dan menurunkan skor risiko dengan kontribusi SHAP sekitar 2.0332.
- Rasio deviasi harga terhadap nilai tender bernilai 0.9959 dan meningkatkan skor risiko dengan kontribusi SHAP sekitar 1.0750.",,,,,,,
487,test,67389,stratified_predicted_low_risk,0.517323,True,0.056241,0.5,0.5,-0.420144,0.056241,ocds-20h3g7-4701091,Rehabilitasi Saluran Drainase dan Bangunan Pengendali Banjir Sub Sistem Banger Hilir (Bankeu),2023-07-25 00:00:00+00:00,Pemerintah Daerah Kota Pekalongan,KALIMOSODO,4997032000.0,4908288108.4,1,0,Low Risk,0.556241,0.556241,0.363903,0.079856,0.895961,Aman,model_only,Diturunkan dari triase model: Low Risk dengan probabilitas 55.62%.,,,False,f_tender_value_zscore_buyer=-2.1088 | f_title_length=1.9052 | f_is_q4=0.9073,"Peringkat investigatif paket ini adalah **Aman**.
Diturunkan dari triase model: Low Risk dengan probabilitas 55.62%.
Model mengklasifikasikan paket ini sebagai **Low Risk** dengan probabilitas 55.62%.
Catatan penting: ini adalah triase risiko, bukan bukti fraud final. Status kritis hanya boleh dinaikkan bila ada bukti resmi yang terhubung.
Faktor yang paling memengaruhi prediksi adalah:
- F tender value zscore buyer bernilai 1.8922 dan menurunkan skor risiko dengan kontribusi SHAP sekitar 2.1088.
- Panjang judul tender bernilai 93 dan meningkatkan skor risiko dengan kontribusi SHAP sekitar 1.9052.
- Waktu publikasi pada kuartal iv bernilai 0 dan meningkatkan skor risiko dengan kontribusi SHAP sekitar 0.9073.",,,,,,,
488,test,17191,stratified_predicted_low_risk,0.516218,True,0.059202,0.5,0.5,-0.419678,0.059202,ocds-20h3g7-7226331,Pembangunan Jembatan Penghubung RT. 2 Dusun Karya Baru Desa Lambur - RT.12 Dusun Harapan Baru Desa Kota Harapan Kec. Muara Sabak Timur,2023-04-11 00:00:00+00:00,Pemerintah Daerah Kabupaten Tanjung Jabung Timur,cv. abdi karya semenjana,4949900000.0,4919812730.87,1,0,Low Risk,0.559202,0.559202,0.360475,0.080322,0.895387,Aman,model_only,Diturunkan dari triase model: Low Risk dengan probabilitas 55.92%.,,,False,f_tender_value_zscore_buyer=-2.1280 | f_title_length=1.8993 | f_is_q4=0.9074,"Peringkat investigatif paket ini adalah **Aman**.
Diturunkan dari triase model: Low Risk dengan probabilitas 55.92%.
Model mengklasifikasikan paket ini sebagai **Low Risk** dengan probabilitas 55.92%.
Catatan penting: ini adalah triase risiko, bukan bukti fraud final. Status kritis hanya boleh dinaikkan bila ada bukti resmi yang terhubung.
Faktor yang paling memengaruhi prediksi adalah:
- F tender value zscore buyer bernilai 2.0081 dan menurunkan skor risiko dengan kontribusi SHAP sekitar 2.1280.
- Panjang judul tender bernilai 134 dan meningkatkan skor risiko dengan kontribusi SHAP sekitar 1.8993.
- Waktu publikasi pada kuartal iv bernilai 0 dan meningkatkan skor risiko dengan kontribusi SHAP sekitar 0.9074.",,,,,,,
489,test,72658,stratified_predicted_low_risk,0.514461,True,0.055871,0.5,0.5,-0.423942,0.055871,ocds-20h3g7-5825639,Belanja Modal Bangunan Gedung Kantor - Pembangunan Gedung Kantor Distrik Kuala Kencana,2023-08-09 00:00:00+00:00,Pemerintah Daerah Kabupaten Mimika,CV. MAHIKAI JAYA,4999995000.0,4975077032.92,1,0,Low Risk,0.555871,0.555871,0.368071,0.076058,0.890243,Aman,model_only,Diturunkan dari triase model: Low Risk dengan probabilitas 55.59%.,,,False,f_title_length=2.0570 | f_tender_value_log=-1.9854 | f_price_deviation_ratio=1.1180,"Peringkat investigatif paket ini adalah **Aman**.
Diturunkan dari triase model: Low Risk dengan probabilitas 55.59%.
Model mengklasifikasikan paket ini sebagai **Low Risk** dengan probabilitas 55.59%.
Catatan penting: ini adalah triase risiko, bukan bukti fraud final. Status kritis hanya boleh dinaikkan bila ada bukti resmi yang terhubung.
Faktor yang paling memengaruhi prediksi adalah:
- Panjang judul tender bernilai 86 dan meningkatkan skor risiko dengan kontribusi SHAP sekitar 2.0570.
- Nilai tender bernilai 22.3327 dan menurunkan skor risiko dengan kontribusi SHAP sekitar 1.9854.
- Rasio deviasi harga terhadap nilai tender bernilai 0.995 dan meningkatkan skor risiko dengan kontribusi SHAP sekitar 1.1180.",,,,,,,
490,test,41853,stratified_predicted_low_risk,0.514269,True,0.057045,0.5,0.5,-0.423462,0.057045,ocds-20h3g7-6960398,Penataan Masjid Agung Sumber ; Keluran Sumebr Kec. Sumber Kab. Cirebon,2023-06-07 00:00:00+00:00,Pemerintah Daerah Kabupaten Cirebon,BUNGSU PUTRA KARYA,4590754753.42,4479740000.0,1,0,Low Risk,0.557045,0.557045,0.366417,0.076538,0.89051,Aman,model_only,Diturunkan dari triase model: Low Risk dengan probabilitas 55.70%.,,,False,f_tender_value_zscore_buyer=-2.1431 | f_title_length=1.9190 | f_is_q4=0.9074,"Peringkat investigatif paket ini adalah **Aman**.
Diturunkan dari triase model: Low Risk dengan probabilitas 55.70%.
Model mengklasifikasikan paket ini sebagai **Low Risk** dengan probabilitas 55.70%.
Catatan penting: ini adalah triase risiko, bukan bukti fraud final. Status kritis hanya boleh dinaikkan bila ada bukti resmi yang terhubung.
Faktor yang paling memengaruhi prediksi adalah:
- F tender value zscore buyer bernilai 1.9451 dan menurunkan skor risiko dengan kontribusi SHAP sekitar 2.1431.
- Panjang judul tender bernilai 70 dan meningkatkan skor risiko dengan kontribusi SHAP sekitar 1.9190.
- Waktu publikasi pada kuartal iv bernilai 0 dan meningkatkan skor risiko dengan kontribusi SHAP sekitar 0.9074.",,,,,,,
491,test,31993,stratified_predicted_low_risk,0.513651,True,0.052677,0.5,0.5,-0.426861,0.052677,ocds-20h3g7-18321035,Semenisasi Jalan Lingkungan dan Pembuatan Pagar Pembatas Kantor,2023-05-22 00:00:00+00:00,Pemerintah Daerah Provinsi Kalimantan Timur,SABDA MARIO MAROLA,5146500445.0,3947057290.13,1,0,Low Risk,0.552677,0.552677,0.374185,0.073139,0.88684,Aman,model_only,Diturunkan dari triase model: Low Risk dengan probabilitas 55.27%.,,,False,f_title_length=2.1011 | f_tender_value_log=-2.0942 | f_is_q4=0.9620,"Peringkat investigatif paket ini adalah **Aman**.
Diturunkan dari triase model: Low Risk dengan probabilitas 55.27%.
Model mengklasifikasikan paket ini sebagai **Low Risk** dengan probabilitas 55.27%.
Catatan penting: ini adalah triase risiko, bukan bukti fraud final. Status kritis hanya boleh dinaikkan bila ada bukti resmi yang terhubung.
Faktor yang paling memengaruhi prediksi adalah:
- Panjang judul tender bernilai 63 dan meningkatkan skor risiko dengan kontribusi SHAP sekitar 2.1011.
- Nilai tender bernilai 22.3616 dan menurunkan skor risiko dengan kontribusi SHAP sekitar 2.0942.
- Waktu publikasi pada kuartal iv bernilai 0 dan meningkatkan skor risiko dengan kontribusi SHAP sekitar 0.9620.",,,,,,,
492,test,32573,stratified_predicted_low_risk,0.513217,True,0.057344,0.5,0.5,-0.424579,0.057344,ocds-20h3g7-3223228,Belanja Modal Bangunan Gedung Kantor - Pembangunan Puskesmas Sragen,2023-05-23 00:00:00+00:00,Pemerintah Daerah Kabupaten Sragen,CV. JATI INDAH,5008859900.0,4951344120.95,1,0,Low Risk,0.557344,0.557344,0.367235,0.075421,0.888625,Aman,model_only,Diturunkan dari triase model: Low Risk dengan probabilitas 55.73%.,,,False,f_tender_value_log=-2.2984 | f_title_length=2.0335 | f_is_q4=0.9613,"Peringkat investigatif paket ini adalah **Aman**.
Diturunkan dari triase model: Low Risk dengan probabilitas 55.73%.
Model mengklasifikasikan paket ini sebagai **Low Risk** dengan probabilitas 55.73%.
Catatan penting: ini adalah triase risiko, bukan bukti fraud final. Status kritis hanya boleh dinaikkan bila ada bukti resmi yang terhubung.
Faktor yang paling memengaruhi prediksi adalah:
- Nilai tender bernilai 22.3345 dan menurunkan skor risiko dengan kontribusi SHAP sekitar 2.2984.
- Panjang judul tender bernilai 67 dan meningkatkan skor risiko dengan kontribusi SHAP sekitar 2.0335.
- Waktu publikasi pada kuartal iv bernilai 0 dan meningkatkan skor risiko dengan kontribusi SHAP sekitar 0.9613.",,,,,,,
493,test,66497,stratified_predicted_low_risk,0.51298,True,0.054928,0.5,0.5,-0.426334,0.054928,ocds-20h3g7-6215282,Rekonstruksi Jalan Lokbahan - Paniungan Kec. Padang Batung (Peningkatan Jalan Wilayah Pegunungan),2023-07-21 00:00:00+00:00,Pemerintah Daerah Kabupaten Hulu Sungai Selatan,CV. MITRA BONANZA,5002420000.0,4926650362.5,1,0,Low Risk,0.554928,0.554928,0.371405,0.073666,0.886806,Aman,model_only,Diturunkan dari triase model: Low Risk dengan probabilitas 55.49%.,,,False,f_title_length=2.0434 | f_tender_value_log=-1.8260 | f_price_deviation_ratio=0.9666,"Peringkat investigatif paket ini adalah **Aman**.
Diturunkan dari triase model: Low Risk dengan probabilitas 55.49%.
Model mengklasifikasikan paket ini sebagai **Low Risk** dengan probabilitas 55.49%.
Catatan penting: ini adalah triase risiko, bukan bukti fraud final. Status kritis hanya boleh dinaikkan bila ada bukti resmi yang terhubung.
Faktor yang paling memengaruhi prediksi adalah:
- Panjang judul tender bernilai 97 dan meningkatkan skor risiko dengan kontribusi SHAP sekitar 2.0434.
- Nilai tender bernilai 22.3332 dan menurunkan skor risiko dengan kontribusi SHAP sekitar 1.8260.
- Rasio deviasi harga terhadap nilai tender bernilai 0.9849 dan meningkatkan skor risiko dengan kontribusi SHAP sekitar 0.9666.",,,,,,,
494,test,62021,stratified_predicted_low_risk,0.511943,True,0.060375,0.5,0.5,-0.424294,0.060375,ocds-20h3g7-38450011,Renovasi Lantai 1 Gedung Tower dan Gedung Umar Wirhadikusumah,2023-07-10 00:00:00+00:00,Badan Pemeriksa Keuangan,PT. KAILA MUTIARA BERSINAR,5078061613.0,4053123320.73,1,0,Low Risk,0.560375,0.560375,0.363918,0.075706,0.887789,Aman,model_only,Diturunkan dari triase model: Low Risk dengan probabilitas 56.04%.,,,False,f_tender_value_log=-2.3754 | f_title_length=2.0862 | f_is_q4=0.9685,"Peringkat investigatif paket ini adalah **Aman**.
Diturunkan dari triase model: Low Risk dengan probabilitas 56.04%.
Model mengklasifikasikan paket ini sebagai **Low Risk** dengan probabilitas 56.04%.
Catatan penting: ini adalah triase risiko, bukan bukti fraud final. Status kritis hanya boleh dinaikkan bila ada bukti resmi yang terhubung.
Faktor yang paling memengaruhi prediksi adalah:
- Nilai tender bernilai 22.3482 dan menurunkan skor risiko dengan kontribusi SHAP sekitar 2.3754.
- Panjang judul tender bernilai 61 dan meningkatkan skor risiko dengan kontribusi SHAP sekitar 2.0862.
- Waktu publikasi pada kuartal iv bernilai 0 dan meningkatkan skor risiko dengan kontribusi SHAP sekitar 0.9685.",,,,,,,
495,test,65183,stratified_predicted_low_risk,0.51154,True,0.069134,0.5,0.5,-0.419246,0.069134,ocds-20h3g7-5254376,Pembangunan Gedung Sentra Pelayanan Terpadu Polres Inhu (lanjutan),2023-07-18 00:00:00+00:00,Pemerintah Daerah Kabupaten Indragiri Hulu,CV.Satelit Jaya Angkasa,4499965000.0,4092192435.95,1,0,Low Risk,0.569134,0.569134,0.350112,0.080754,0.891435,Aman,model_only,Diturunkan dari triase model: Low Risk dengan probabilitas 56.91%.,,,False,f_tender_value_zscore_buyer=-2.0183 | f_title_length=1.8852 | f_price_deviation_ratio=0.9645,"Peringkat investigatif paket ini adalah **Aman**.
Diturunkan dari triase model: Low Risk dengan probabilitas 56.91%.
Model mengklasifikasikan paket ini sebagai **Low Risk** dengan probabilitas 56.91%.
Catatan penting: ini adalah triase risiko, bukan bukti fraud final. Status kritis hanya boleh dinaikkan bila ada bukti resmi yang terhubung.
Faktor yang paling memengaruhi prediksi adalah:
- F tender value zscore buyer bernilai 1.9986 dan menurunkan skor risiko dengan kontribusi SHAP sekitar 2.0183.
- Panjang judul tender bernilai 66 dan meningkatkan skor risiko dengan kontribusi SHAP sekitar 1.8852.
- Rasio deviasi harga terhadap nilai tender bernilai 0.9094 dan meningkatkan skor risiko dengan kontribusi SHAP sekitar 0.9645.",,,,,,,
496,test,21564,stratified_predicted_low_risk,0.511504,True,0.053164,0.5,0.5,-0.429174,0.053164,ocds-20h3g7-20961121,Rekonstruksi Jalan Ruas Negara Ratu - Sp. Tujok (Link. 067) di Kabupaten Lampung Utara,2023-04-28 00:00:00+00:00,Pemerintah Daerah Provinsi Lampung,cv. dua putra,5035034775.61,4933647849.38,1,0,Low Risk,0.553164,0.553164,0.37601,0.070826,0.882834,Aman,model_only,Diturunkan dari triase model: Low Risk dengan probabilitas 55.32%.,,,False,f_title_length=2.0612 | f_tender_value_log=-2.0179 | f_is_q4=0.9572,"Peringkat investigatif paket ini adalah **Aman**.
Diturunkan dari triase model: Low Risk dengan probabilitas 55.32%.
Model mengklasifikasikan paket ini sebagai **Low Risk** dengan probabilitas 55.32%.
Catatan penting: ini adalah triase risiko, bukan bukti fraud final. Status kritis hanya boleh dinaikkan bila ada bukti resmi yang terhubung.
Faktor yang paling memengaruhi prediksi adalah:
- Panjang judul tender bernilai 86 dan meningkatkan skor risiko dengan kontribusi SHAP sekitar 2.0612.
- Nilai tender bernilai 22.3397 dan menurunkan skor risiko dengan kontribusi SHAP sekitar 2.0179.
- Waktu publikasi pada kuartal iv bernilai 0 dan meningkatkan skor risiko dengan kontribusi SHAP sekitar 0.9572.",,,,,,,
497,test,74795,stratified_predicted_low_risk,0.511444,True,0.053302,0.5,0.5,-0.429165,0.053302,ocds-20h3g7-25178066,Peningkatan Jalan Marsekal Suryadarma (Bantuan Keuangan Prov. Banten 2023),2023-08-16 00:00:00+00:00,Pemerintah Daerah Kota Tangerang,CV. ZIMICO UTAMA,4999715000.0,4397737873.46,1,0,Low Risk,0.553302,0.553302,0.375863,0.070835,0.882795,Aman,model_only,Diturunkan dari triase model: Low Risk dengan probabilitas 55.33%.,,,False,f_tender_value_log=-1.9921 | f_title_length=1.9917 | f_is_q4=0.9465,"Peringkat investigatif paket ini adalah **Aman**.
Diturunkan dari triase model: Low Risk dengan probabilitas 55.33%.
Model mengklasifikasikan paket ini sebagai **Low Risk** dengan probabilitas 55.33%.
Catatan penting: ini adalah triase risiko, bukan bukti fraud final. Status kritis hanya boleh dinaikkan bila ada bukti resmi yang terhubung.
Faktor yang paling memengaruhi prediksi adalah:
- Nilai tender bernilai 22.3326 dan menurunkan skor risiko dengan kontribusi SHAP sekitar 1.9921.
- Panjang judul tender bernilai 74 dan meningkatkan skor risiko dengan kontribusi SHAP sekitar 1.9917.
- Waktu publikasi pada kuartal iv bernilai 0 dan meningkatkan skor risiko dengan kontribusi SHAP sekitar 0.9465.",,,,,,,
498,test,12183,stratified_predicted_low_risk,0.510877,True,0.05499,0.5,0.5,-0.428853,0.05499,ocds-20h3g7-18258035,Rehabilitasi Jaringan Irigasi DI. Semurut Buyung - Buyung Kab. Berau,2023-03-31 00:00:00+00:00,Pemerintah Daerah Provinsi Kalimantan Timur,"stevano jaya,cv",5001289060.2,3804140967.75,1,0,Low Risk,0.55499,0.55499,0.373864,0.071147,0.882654,Aman,model_only,Diturunkan dari triase model: Low Risk dengan probabilitas 55.50%.,,,False,f_title_length=2.1143 | f_tender_value_log=-2.0955 | f_is_q4=0.9509,"Peringkat investigatif paket ini adalah **Aman**.
Diturunkan dari triase model: Low Risk dengan probabilitas 55.50%.
Model mengklasifikasikan paket ini sebagai **Low Risk** dengan probabilitas 55.50%.
Catatan penting: ini adalah triase risiko, bukan bukti fraud final. Status kritis hanya boleh dinaikkan bila ada bukti resmi yang terhubung.
Faktor yang paling memengaruhi prediksi adalah:
- Panjang judul tender bernilai 68 dan meningkatkan skor risiko dengan kontribusi SHAP sekitar 2.1143.
- Nilai tender bernilai 22.333 dan menurunkan skor risiko dengan kontribusi SHAP sekitar 2.0955.
- Waktu publikasi pada kuartal iv bernilai 0 dan meningkatkan skor risiko dengan kontribusi SHAP sekitar 0.9509.",,,,,,,
499,test,91348,top_up,0.559358,True,0.213355,0.5,0.5,-0.213355,-0.36311,ocds-20h3g7-13332176,Rekonstruksi Jalan Pangkalan Tiga - Batas Sungai Bengkuang (GSDI),2023-10-27 00:00:00+00:00,Pemerintah Daerah Kabupaten Kotawaringin Barat,KINGTA ABADI,4579955400.0,4488356000.0,2,1,Medium Risk,0.576465,0.13689,0.576465,0.286645,0.947923,Perlu Pantauan,model_only,Diturunkan dari triase model: Medium Risk dengan probabilitas 57.65%.,,,False,f_title_length=1.4951 | f_is_q4=-1.1917 | f_supplier_recent_90d_award_count=1.1830,"Peringkat investigatif paket ini adalah **Perlu Pantauan**.
Diturunkan dari triase model: Medium Risk dengan probabilitas 57.65%.
Model mengklasifikasikan paket ini sebagai **Medium Risk** dengan probabilitas 57.65%.
Catatan penting: ini adalah triase risiko, bukan bukti fraud final. Status kritis hanya boleh dinaikkan bila ada bukti resmi yang terhubung.
Faktor yang paling memengaruhi prediksi adalah:
- Panjang judul tender bernilai 65 dan meningkatkan skor risiko dengan kontribusi SHAP sekitar 1.4951.
- Waktu publikasi pada kuartal iv bernilai 1 dan menurunkan skor risiko dengan kontribusi SHAP sekitar 1.1917.
- F supplier recent 90d award count bernilai 1 dan meningkatkan skor risiko dengan kontribusi SHAP sekitar 1.1830.",,,,,,,
500,test,92598,top_up,0.559276,True,0.212456,0.5,0.5,-0.212456,-0.366104,ocds-20h3g7-10341555,Lanjutan Pembangunan Gedung Kantor Pengadilan Agama Rumbia,2023-11-04 00:00:00+00:00,Mahkamah Agung,CV. CENDRAWASIH KARYA PUTRA,4500000000.0,4447505921.83,2,1,Medium Risk,0.578561,0.133896,0.578561,0.287544,0.944208,Perlu Pantauan,model_only,Diturunkan dari triase model: Medium Risk dengan probabilitas 57.86%.,,,False,f_is_q4=-1.5165 | f_buyer_supplier_repeat_count=1.1061 | f_supplier_recent_90d_award_count=0.8711,"Peringkat investigatif paket ini adalah **Perlu Pantauan**.
Diturunkan dari triase model: Medium Risk dengan probabilitas 57.86%.
Model mengklasifikasikan paket ini sebagai **Medium Risk** dengan probabilitas 57.86%.
Catatan penting: ini adalah triase risiko, bukan bukti fraud final. Status kritis hanya boleh dinaikkan bila ada bukti resmi yang terhubung.
Faktor yang paling memengaruhi prediksi adalah:
- Waktu publikasi pada kuartal iv bernilai 1 dan menurunkan skor risiko dengan kontribusi SHAP sekitar 1.5165.
- Frekuensi hubungan buyer-supplier berulang bernilai 1 dan meningkatkan skor risiko dengan kontribusi SHAP sekitar 1.1061.
- F supplier recent 90d award count bernilai 0 dan meningkatkan skor risiko dengan kontribusi SHAP sekitar 0.8711.",,,,,,,
