review_order,source_partition,source_row_idx,sampling_reason,ocid,tender_title,tender_datePublished,buyer_name,supplier_name,tender_value_amount,award_value_amount,heuristic_risk_label,predicted_label,predicted_label_name,predicted_probability,prob_low,prob_medium,prob_high,prediction_entropy,top_factors,narrative_id,reviewed_label,review_confidence,review_notes,explanation_agrees,explanation_clarity,explanation_actionable,explanation_notes,review_source,review_warning
1,test,57926,high_risk_probability,ocds-20h3g7-3440597,Pembangunan Puskesmas Pintu Padang,2023-06-30 00:00:00+00:00,Pemerintah Daerah Kabupaten Tapanuli Selatan,CV.RESTU JAYA MANDIRI,8000000000.0,7886500000.0,2,2,High Risk,0.93982,0.030743,0.029438,0.93982,0.269164,f_tender_value_zscore_buyer=4.0932 | f_tender_value_log=3.6365 | f_supplier_recent_90d_award_count=3.3112,"Model mengklasifikasikan paket ini sebagai **High Risk** dengan probabilitas 100.00%.
Faktor yang paling memengaruhi prediksi adalah:
- F tender value zscore buyer bernilai 5.5225 dan meningkatkan skor risiko dengan kontribusi SHAP sekitar 4.0932.
- Nilai tender bernilai 22.8027 dan meningkatkan skor risiko dengan kontribusi SHAP sekitar 3.6365.
- F supplier recent 90d award count bernilai 4 dan meningkatkan skor risiko dengan kontribusi SHAP sekitar 3.3112.",2,high,Draft AI review: risiko didukung oleh lonjakan nilai tender relatif terhadap histori buyer dan nilai tender yang besar.,yes,4,yes,Draft AI review: penjelasan tampak cukup membantu untuk prioritisasi audit awal.,ai_prefill_draft,AI-assisted draft only. Human reviewers must verify/edit before treating as reviewed evidence.
2,test,81081,high_risk_probability,ocds-20h3g7-9615290,Pembangunan GOR Pembengis (Lanjutan) Tahap II,2023-09-08 00:00:00+00:00,Pemerintah Daerah Kabupaten Tanjung Jabung Barat,CV.GUSTIRANDA,6664750000.0,6613999080.83,2,2,High Risk,0.939001,0.031654,0.029345,0.939001,0.271945,f_tender_value_zscore_buyer=4.1257 | f_tender_value_log=3.5368 | f_supplier_recent_90d_award_count=3.2922,"Model mengklasifikasikan paket ini sebagai **High Risk** dengan probabilitas 100.00%.
Faktor yang paling memengaruhi prediksi adalah:
- F tender value zscore buyer bernilai 12.9885 dan meningkatkan skor risiko dengan kontribusi SHAP sekitar 4.1257.
- Nilai tender bernilai 22.6201 dan meningkatkan skor risiko dengan kontribusi SHAP sekitar 3.5368.
- F supplier recent 90d award count bernilai 3 dan meningkatkan skor risiko dengan kontribusi SHAP sekitar 3.2922.",2,high,Draft AI review: risiko didukung oleh lonjakan nilai tender relatif terhadap histori buyer dan nilai tender yang besar.,yes,4,yes,Draft AI review: penjelasan tampak cukup membantu untuk prioritisasi audit awal.,ai_prefill_draft,AI-assisted draft only. Human reviewers must verify/edit before treating as reviewed evidence.
3,test,60481,high_risk_probability,ocds-20h3g7-4711492,Pembangunan gedung Kantor DPRD Kabupaten Bombana,2023-07-06 00:00:00+00:00,Pemerintah Daerah Kabupaten Bombana,cv. sinar pelangi,12583200000.0,12147722597.76,2,2,High Risk,0.937949,0.031501,0.03055,0.937949,0.275577,f_tender_value_zscore_buyer=4.0941 | f_tender_value_log=3.6733 | f_supplier_recent_90d_award_count=3.2946,"Model mengklasifikasikan paket ini sebagai **High Risk** dengan probabilitas 100.00%.
Faktor yang paling memengaruhi prediksi adalah:
- F tender value zscore buyer bernilai 3.3854 dan meningkatkan skor risiko dengan kontribusi SHAP sekitar 4.0941.
- Nilai tender bernilai 23.2556 dan meningkatkan skor risiko dengan kontribusi SHAP sekitar 3.6733.
- F supplier recent 90d award count bernilai 3 dan meningkatkan skor risiko dengan kontribusi SHAP sekitar 3.2946.",2,high,Draft AI review: risiko didukung oleh lonjakan nilai tender relatif terhadap histori buyer dan nilai tender yang besar.,yes,4,yes,Draft AI review: penjelasan tampak cukup membantu untuk prioritisasi audit awal.,ai_prefill_draft,AI-assisted draft only. Human reviewers must verify/edit before treating as reviewed evidence.
4,test,16621,high_risk_probability,ocds-20h3g7-39710352,Pembangunan Polsek Bojongmangu,2023-04-10 00:00:00+00:00,Pemerintah Daerah Kabupaten Bekasi,PT. MUTIARA SETTONG EMPAK,12608777000.0,12235308000.0,2,2,High Risk,0.937254,0.031426,0.03132,0.937254,0.277948,f_tender_value_zscore_buyer=4.0813 | f_tender_value_log=3.6901 | f_supplier_recent_90d_award_count=3.3040,"Model mengklasifikasikan paket ini sebagai **High Risk** dengan probabilitas 100.00%.
Faktor yang paling memengaruhi prediksi adalah:
- F tender value zscore buyer bernilai 8.2454 dan meningkatkan skor risiko dengan kontribusi SHAP sekitar 4.0813.
- Nilai tender bernilai 23.2577 dan meningkatkan skor risiko dengan kontribusi SHAP sekitar 3.6901.
- F supplier recent 90d award count bernilai 3 dan meningkatkan skor risiko dengan kontribusi SHAP sekitar 3.3040.",2,high,Draft AI review: risiko didukung oleh lonjakan nilai tender relatif terhadap histori buyer dan nilai tender yang besar.,yes,4,yes,Draft AI review: penjelasan tampak cukup membantu untuk prioritisasi audit awal.,ai_prefill_draft,AI-assisted draft only. Human reviewers must verify/edit before treating as reviewed evidence.
5,test,81777,high_risk_probability,ocds-20h3g7-3591295,Belanja Modal bangunan Gedung Tempat Kerja lainya,2023-09-11 00:00:00+00:00,Pemerintah Daerah Kabupaten Morowali,CV. TERAS IMAJI,7630752711.14,7299203997.38,2,2,High Risk,0.937112,0.032408,0.03048,0.937112,0.278402,f_tender_value_zscore_buyer=3.9221 | f_tender_value_log=3.7579 | f_supplier_recent_90d_award_count=3.3357,"Model mengklasifikasikan paket ini sebagai **High Risk** dengan probabilitas 100.00%.
Faktor yang paling memengaruhi prediksi adalah:
- F tender value zscore buyer bernilai 2.542 dan meningkatkan skor risiko dengan kontribusi SHAP sekitar 3.9221.
- Nilai tender bernilai 22.7555 dan meningkatkan skor risiko dengan kontribusi SHAP sekitar 3.7579.
- F supplier recent 90d award count bernilai 4 dan meningkatkan skor risiko dengan kontribusi SHAP sekitar 3.3357.",2,high,Draft AI review: risiko didukung oleh lonjakan nilai tender relatif terhadap histori buyer dan nilai tender yang besar.,yes,4,yes,Draft AI review: penjelasan tampak cukup membantu untuk prioritisasi audit awal.,ai_prefill_draft,AI-assisted draft only. Human reviewers must verify/edit before treating as reviewed evidence.
6,test,47325,high_risk_probability,ocds-20h3g7-2879378,Pembangunan Ruang Rawat Inap Kelas I dan VIP,2023-06-14 00:00:00+00:00,Pemerintah Daerah Kabupaten Serdang Bedagai,CV. BUANA PERKASA,6000000000.0,5910913439.46,2,2,High Risk,0.936937,0.033057,0.030006,0.936937,0.278951,f_tender_value_zscore_buyer=4.1560 | f_tender_value_log=3.6602 | f_supplier_recent_90d_award_count=3.2197,"Model mengklasifikasikan paket ini sebagai **High Risk** dengan probabilitas 100.00%.
Faktor yang paling memengaruhi prediksi adalah:
- F tender value zscore buyer bernilai 7.7327 dan meningkatkan skor risiko dengan kontribusi SHAP sekitar 4.1560.
- Nilai tender bernilai 22.515 dan meningkatkan skor risiko dengan kontribusi SHAP sekitar 3.6602.
- F supplier recent 90d award count bernilai 5 dan meningkatkan skor risiko dengan kontribusi SHAP sekitar 3.2197.",2,high,Draft AI review: risiko didukung oleh lonjakan nilai tender relatif terhadap histori buyer dan nilai tender yang besar.,yes,4,yes,Draft AI review: penjelasan tampak cukup membantu untuk prioritisasi audit awal.,ai_prefill_draft,AI-assisted draft only. Human reviewers must verify/edit before treating as reviewed evidence.
7,test,87397,high_risk_probability,ocds-20h3g7-12908415,Peningkatan Jalan Beji - Purworejo,2023-10-04 00:00:00+00:00,Pemerintah Daerah Kabupaten Tuban,CV. Babahrot Mandiri,7482000000.0,7316927996.62,2,2,High Risk,0.936618,0.031859,0.031523,0.936618,0.280106,f_tender_value_zscore_buyer=3.7039 | f_tender_value_log=3.4246 | f_buyer_supplier_repeat_count=3.3077,"Model mengklasifikasikan paket ini sebagai **High Risk** dengan probabilitas 100.00%.
Faktor yang paling memengaruhi prediksi adalah:
- F tender value zscore buyer bernilai 4.2331 dan meningkatkan skor risiko dengan kontribusi SHAP sekitar 3.7039.
- Nilai tender bernilai 22.7358 dan meningkatkan skor risiko dengan kontribusi SHAP sekitar 3.4246.
- Frekuensi hubungan buyer-supplier berulang bernilai 2 dan meningkatkan skor risiko dengan kontribusi SHAP sekitar 3.3077.",2,high,Draft AI review: risiko didukung oleh lonjakan nilai tender relatif terhadap histori buyer dan nilai tender yang besar.,yes,4,yes,Draft AI review: penjelasan tampak cukup membantu untuk prioritisasi audit awal.,ai_prefill_draft,AI-assisted draft only. Human reviewers must verify/edit before treating as reviewed evidence.
8,test,16574,high_risk_probability,ocds-20h3g7-39622352,Pembangunan USB SMPN 2 Kedungwaringin,2023-04-10 00:00:00+00:00,Pemerintah Daerah Kabupaten Bekasi,"BAROK KONSTRUKSI,CV",5998140000.0,5818196587.36,2,2,High Risk,0.93657,0.031875,0.031556,0.93657,0.28027,f_tender_value_zscore_buyer=3.9508 | f_tender_value_log=3.6541 | f_supplier_recent_90d_award_count=3.2650,"Model mengklasifikasikan paket ini sebagai **High Risk** dengan probabilitas 100.00%.
Faktor yang paling memengaruhi prediksi adalah:
- F tender value zscore buyer bernilai 4.6467 dan meningkatkan skor risiko dengan kontribusi SHAP sekitar 3.9508.
- Nilai tender bernilai 22.5147 dan meningkatkan skor risiko dengan kontribusi SHAP sekitar 3.6541.
- F supplier recent 90d award count bernilai 4 dan meningkatkan skor risiko dengan kontribusi SHAP sekitar 3.2650.",2,high,Draft AI review: risiko didukung oleh lonjakan nilai tender relatif terhadap histori buyer dan nilai tender yang besar.,yes,4,yes,Draft AI review: penjelasan tampak cukup membantu untuk prioritisasi audit awal.,ai_prefill_draft,AI-assisted draft only. Human reviewers must verify/edit before treating as reviewed evidence.
9,test,89487,high_risk_probability,ocds-20h3g7-4399357,Peningkatan Jalan Ruas Sungai Rotan - Talang Pangeran,2023-10-13 00:00:00+00:00,Pemerintah Daerah Kabupaten Ogan Ilir,CV. CIPTA KARYA OGAN,11498000000.0,11292413000.0,2,2,High Risk,0.935856,0.032911,0.031233,0.935856,0.28266,f_tender_value_zscore_buyer=3.6850 | f_tender_value_log=3.3266 | f_buyer_supplier_repeat_count=3.2381,"Model mengklasifikasikan paket ini sebagai **High Risk** dengan probabilitas 100.00%.
Faktor yang paling memengaruhi prediksi adalah:
- F tender value zscore buyer bernilai 3.396 dan meningkatkan skor risiko dengan kontribusi SHAP sekitar 3.6850.
- Nilai tender bernilai 23.1654 dan meningkatkan skor risiko dengan kontribusi SHAP sekitar 3.3266.
- Frekuensi hubungan buyer-supplier berulang bernilai 3 dan meningkatkan skor risiko dengan kontribusi SHAP sekitar 3.2381.",2,high,Draft AI review: risiko didukung oleh lonjakan nilai tender relatif terhadap histori buyer dan nilai tender yang besar.,yes,4,yes,Draft AI review: penjelasan tampak cukup membantu untuk prioritisasi audit awal.,ai_prefill_draft,AI-assisted draft only. Human reviewers must verify/edit before treating as reviewed evidence.
10,test,36975,high_risk_probability,ocds-20h3g7-12415415,Peningkatan Jalan Bulu-Jatirogo (DAU),2023-05-29 00:00:00+00:00,Pemerintah Daerah Kabupaten Tuban,CV. Naraya Natha Nusantara,14791750000.0,14529900000.0,2,2,High Risk,0.935703,0.032863,0.031434,0.935703,0.283181,f_tender_value_zscore_buyer=4.0568 | f_tender_value_log=3.7667 | f_supplier_recent_90d_award_count=3.2076,"Model mengklasifikasikan paket ini sebagai **High Risk** dengan probabilitas 100.00%.
Faktor yang paling memengaruhi prediksi adalah:
- F tender value zscore buyer bernilai 8.2649 dan meningkatkan skor risiko dengan kontribusi SHAP sekitar 4.0568.
- Nilai tender bernilai 23.4173 dan meningkatkan skor risiko dengan kontribusi SHAP sekitar 3.7667.
- F supplier recent 90d award count bernilai 3 dan meningkatkan skor risiko dengan kontribusi SHAP sekitar 3.2076.",2,high,Draft AI review: risiko didukung oleh lonjakan nilai tender relatif terhadap histori buyer dan nilai tender yang besar.,yes,4,yes,Draft AI review: penjelasan tampak cukup membantu untuk prioritisasi audit awal.,ai_prefill_draft,AI-assisted draft only. Human reviewers must verify/edit before treating as reviewed evidence.
11,test,88791,high_risk_probability,ocds-20h3g7-5135434,Peningkatan Jalan Dalam Kecamatan Merapi Timur,2023-10-10 00:00:00+00:00,Pemerintah Daerah Kabupaten Lahat,USAHA DWI MANDIRI,12900034000.0,12615509320.55,2,2,High Risk,0.935703,0.032863,0.031434,0.935703,0.283182,f_tender_value_zscore_buyer=3.7146 | f_tender_value_log=3.3471 | f_buyer_supplier_repeat_count=3.3288,"Model mengklasifikasikan paket ini sebagai **High Risk** dengan probabilitas 100.00%.
Faktor yang paling memengaruhi prediksi adalah:
- F tender value zscore buyer bernilai 3.313 dan meningkatkan skor risiko dengan kontribusi SHAP sekitar 3.7146.
- Nilai tender bernilai 23.2805 dan meningkatkan skor risiko dengan kontribusi SHAP sekitar 3.3471.
- Frekuensi hubungan buyer-supplier berulang bernilai 2 dan meningkatkan skor risiko dengan kontribusi SHAP sekitar 3.3288.",2,high,Draft AI review: risiko didukung oleh lonjakan nilai tender relatif terhadap histori buyer dan nilai tender yang besar.,yes,4,yes,Draft AI review: penjelasan tampak cukup membantu untuk prioritisasi audit awal.,ai_prefill_draft,AI-assisted draft only. Human reviewers must verify/edit before treating as reviewed evidence.
12,test,87148,high_risk_probability,ocds-20h3g7-2198722,Rehabilitasi Jalan Lapen Lapter Wayamli,2023-10-03 00:00:00+00:00,Pemerintah Daerah Kabupaten Halmahera Timur,CV. BIASTAMA,7499998980.44,7405000000.0,2,2,High Risk,0.935614,0.032567,0.031819,0.935614,0.283493,f_tender_value_zscore_buyer=3.5013 | f_tender_value_log=3.4839 | f_buyer_supplier_repeat_count=3.2622,"Model mengklasifikasikan paket ini sebagai **High Risk** dengan probabilitas 100.00%.
Faktor yang paling memengaruhi prediksi adalah:
- F tender value zscore buyer bernilai 2.9607 dan meningkatkan skor risiko dengan kontribusi SHAP sekitar 3.5013.
- Nilai tender bernilai 22.7382 dan meningkatkan skor risiko dengan kontribusi SHAP sekitar 3.4839.
- Frekuensi hubungan buyer-supplier berulang bernilai 5 dan meningkatkan skor risiko dengan kontribusi SHAP sekitar 3.2622.",2,high,Draft AI review: risiko didukung oleh lonjakan nilai tender relatif terhadap histori buyer dan nilai tender yang besar.,yes,4,yes,Draft AI review: penjelasan tampak cukup membantu untuk prioritisasi audit awal.,ai_prefill_draft,AI-assisted draft only. Human reviewers must verify/edit before treating as reviewed evidence.
13,test,91350,high_risk_probability,ocds-20h3g7-13330176,Rekonstruksi Jalan Dawak - Sp. R. Durian + Sagu,2023-10-27 00:00:00+00:00,Pemerintah Daerah Kabupaten Kotawaringin Barat,KARYA BERSAUDARA,5542000000.0,5414534000.0,2,2,High Risk,0.935433,0.032333,0.032235,0.935433,0.284107,f_tender_value_zscore_buyer=3.5405 | f_tender_value_log=3.4461 | f_buyer_supplier_repeat_count=3.2825,"Model mengklasifikasikan paket ini sebagai **High Risk** dengan probabilitas 100.00%.
Faktor yang paling memengaruhi prediksi adalah:
- F tender value zscore buyer bernilai 3.4534 dan meningkatkan skor risiko dengan kontribusi SHAP sekitar 3.5405.
- Nilai tender bernilai 22.4356 dan meningkatkan skor risiko dengan kontribusi SHAP sekitar 3.4461.
- Frekuensi hubungan buyer-supplier berulang bernilai 3 dan meningkatkan skor risiko dengan kontribusi SHAP sekitar 3.2825.",2,high,Draft AI review: risiko didukung oleh lonjakan nilai tender relatif terhadap histori buyer dan nilai tender yang besar.,yes,4,yes,Draft AI review: penjelasan tampak cukup membantu untuk prioritisasi audit awal.,ai_prefill_draft,AI-assisted draft only. Human reviewers must verify/edit before treating as reviewed evidence.
14,test,43050,high_risk_probability,ocds-20h3g7-6720409,Belanja Pembangunan Puskesmas Komodo (DAK),2023-06-08 00:00:00+00:00,Pemerintah Daerah Kabupaten Manggarai Barat,CV. KAWANANDA,8223434879.0,8196649809.96,2,2,High Risk,0.935304,0.034022,0.030674,0.935304,0.284455,f_tender_value_zscore_buyer=4.0672 | f_tender_value_log=3.6442 | f_supplier_recent_90d_award_count=3.3230,"Model mengklasifikasikan paket ini sebagai **High Risk** dengan probabilitas 100.00%.
Faktor yang paling memengaruhi prediksi adalah:
- F tender value zscore buyer bernilai 8.9707 dan meningkatkan skor risiko dengan kontribusi SHAP sekitar 4.0672.
- Nilai tender bernilai 22.8303 dan meningkatkan skor risiko dengan kontribusi SHAP sekitar 3.6442.
- F supplier recent 90d award count bernilai 5 dan meningkatkan skor risiko dengan kontribusi SHAP sekitar 3.3230.",2,high,Draft AI review: risiko didukung oleh lonjakan nilai tender relatif terhadap histori buyer dan nilai tender yang besar.,yes,4,yes,Draft AI review: penjelasan tampak cukup membantu untuk prioritisasi audit awal.,ai_prefill_draft,AI-assisted draft only. Human reviewers must verify/edit before treating as reviewed evidence.
15,test,43076,high_risk_probability,ocds-20h3g7-6730409,Belanja Pembangunan Puskesmas Tana Mori (DAK),2023-06-08 00:00:00+00:00,Pemerintah Daerah Kabupaten Manggarai Barat,CV.WATUBAKOK,7740589274.14,7707561019.38,2,2,High Risk,0.935066,0.034068,0.030867,0.935066,0.285264,f_tender_value_zscore_buyer=4.0454 | f_tender_value_log=3.6439 | f_supplier_recent_90d_award_count=3.3237,"Model mengklasifikasikan paket ini sebagai **High Risk** dengan probabilitas 100.00%.
Faktor yang paling memengaruhi prediksi adalah:
- F tender value zscore buyer bernilai 6.3039 dan meningkatkan skor risiko dengan kontribusi SHAP sekitar 4.0454.
- Nilai tender bernilai 22.7697 dan meningkatkan skor risiko dengan kontribusi SHAP sekitar 3.6439.
- F supplier recent 90d award count bernilai 5 dan meningkatkan skor risiko dengan kontribusi SHAP sekitar 3.3237.",2,high,Draft AI review: risiko didukung oleh lonjakan nilai tender relatif terhadap histori buyer dan nilai tender yang besar.,yes,4,yes,Draft AI review: penjelasan tampak cukup membantu untuk prioritisasi audit awal.,ai_prefill_draft,AI-assisted draft only. Human reviewers must verify/edit before treating as reviewed evidence.
16,test,46822,high_risk_probability,ocds-20h3g7-5135249,Peningkatan Jalan Tokong - Simpang Tepulang,2023-06-13 00:00:00+00:00,Pemerintah Daerah Kabupaten Kutai Barat,CV. BENUA KARYA,9454990000.0,8887690685.84,2,2,High Risk,0.934997,0.032886,0.032116,0.934997,0.285568,f_tender_value_zscore_buyer=4.0058 | f_tender_value_log=3.6786 | f_supplier_recent_90d_award_count=3.2833,"Model mengklasifikasikan paket ini sebagai **High Risk** dengan probabilitas 100.00%.
Faktor yang paling memengaruhi prediksi adalah:
- F tender value zscore buyer bernilai 3.7413 dan meningkatkan skor risiko dengan kontribusi SHAP sekitar 4.0058.
- Nilai tender bernilai 22.9698 dan meningkatkan skor risiko dengan kontribusi SHAP sekitar 3.6786.
- F supplier recent 90d award count bernilai 7 dan meningkatkan skor risiko dengan kontribusi SHAP sekitar 3.2833.",2,high,Draft AI review: risiko didukung oleh lonjakan nilai tender relatif terhadap histori buyer dan nilai tender yang besar.,yes,4,yes,Draft AI review: penjelasan tampak cukup membantu untuk prioritisasi audit awal.,ai_prefill_draft,AI-assisted draft only. Human reviewers must verify/edit before treating as reviewed evidence.
17,test,75399,high_risk_probability,ocds-20h3g7-5882474,Pembangunan Jalan Ringroad Ruas Unaasi - Bypass,2023-08-18 00:00:00+00:00,Pemerintah Daerah Kabupaten Kolaka,CV. ALDY PRATAMA,13141483700.0,13060986746.69,2,2,High Risk,0.93478,0.033554,0.031666,0.93478,0.286275,f_tender_value_zscore_buyer=4.0505 | f_tender_value_log=3.6873 | f_supplier_recent_90d_award_count=3.3149,"Model mengklasifikasikan paket ini sebagai **High Risk** dengan probabilitas 100.00%.
Faktor yang paling memengaruhi prediksi adalah:
- F tender value zscore buyer bernilai 7.4754 dan meningkatkan skor risiko dengan kontribusi SHAP sekitar 4.0505.
- Nilai tender bernilai 23.299 dan meningkatkan skor risiko dengan kontribusi SHAP sekitar 3.6873.
- F supplier recent 90d award count bernilai 3 dan meningkatkan skor risiko dengan kontribusi SHAP sekitar 3.3149.",2,high,Draft AI review: risiko didukung oleh lonjakan nilai tender relatif terhadap histori buyer dan nilai tender yang besar.,yes,4,yes,Draft AI review: penjelasan tampak cukup membantu untuk prioritisasi audit awal.,ai_prefill_draft,AI-assisted draft only. Human reviewers must verify/edit before treating as reviewed evidence.
18,test,39525,high_risk_probability,ocds-20h3g7-3161642,Pembangunan Gedung Puskesmas Sawo (DAK Fisik 2023),2023-06-02 00:00:00+00:00,Pemerintah Daerah Kabupaten Nias Utara,CV. SINAR MUTIARA,7650806209.57,7638440044.64,2,2,High Risk,0.934577,0.033402,0.032021,0.934577,0.28697,f_tender_value_zscore_buyer=4.0203 | f_tender_value_log=3.6913 | f_supplier_recent_90d_award_count=3.3452,"Model mengklasifikasikan paket ini sebagai **High Risk** dengan probabilitas 100.00%.
Faktor yang paling memengaruhi prediksi adalah:
- F tender value zscore buyer bernilai 4.5216 dan meningkatkan skor risiko dengan kontribusi SHAP sekitar 4.0203.
- Nilai tender bernilai 22.7581 dan meningkatkan skor risiko dengan kontribusi SHAP sekitar 3.6913.
- F supplier recent 90d award count bernilai 3 dan meningkatkan skor risiko dengan kontribusi SHAP sekitar 3.3452.",2,high,Draft AI review: risiko didukung oleh lonjakan nilai tender relatif terhadap histori buyer dan nilai tender yang besar.,yes,4,yes,Draft AI review: penjelasan tampak cukup membantu untuk prioritisasi audit awal.,ai_prefill_draft,AI-assisted draft only. Human reviewers must verify/edit before treating as reviewed evidence.
19,test,76773,high_risk_probability,ocds-20h3g7-5399249,Lanjutan Pemeliharaan Jalan Dua Jalur Sendawar Raya,2023-08-24 00:00:00+00:00,Pemerintah Daerah Kabupaten Kutai Barat,CV. LEMBU SUANA,9885943000.0,9814692520.01,2,2,High Risk,0.933656,0.035445,0.030898,0.933656,0.289908,f_tender_value_zscore_buyer=4.0759 | f_tender_value_log=3.6878 | f_supplier_recent_90d_award_count=3.2633,"Model mengklasifikasikan paket ini sebagai **High Risk** dengan probabilitas 100.00%.
Faktor yang paling memengaruhi prediksi adalah:
- F tender value zscore buyer bernilai 2.7147 dan meningkatkan skor risiko dengan kontribusi SHAP sekitar 4.0759.
- Nilai tender bernilai 23.0144 dan meningkatkan skor risiko dengan kontribusi SHAP sekitar 3.6878.
- F supplier recent 90d award count bernilai 4 dan meningkatkan skor risiko dengan kontribusi SHAP sekitar 3.2633.",2,high,Draft AI review: risiko didukung oleh lonjakan nilai tender relatif terhadap histori buyer dan nilai tender yang besar.,yes,4,yes,Draft AI review: penjelasan tampak cukup membantu untuk prioritisasi audit awal.,ai_prefill_draft,AI-assisted draft only. Human reviewers must verify/edit before treating as reviewed evidence.
20,test,47376,high_risk_probability,ocds-20h3g7-5153249,Peningkatan Jalan Sp. Kelian - GBU,2023-06-14 00:00:00+00:00,Pemerintah Daerah Kabupaten Kutai Barat,CV.CIPTA MULTI KONSTRUKSI,9454933000.0,9419958834.0,2,2,High Risk,0.932489,0.035538,0.031973,0.932489,0.293854,f_tender_value_zscore_buyer=3.9565 | f_tender_value_log=3.6995 | f_supplier_recent_90d_award_count=3.3184,"Model mengklasifikasikan paket ini sebagai **High Risk** dengan probabilitas 100.00%.
Faktor yang paling memengaruhi prediksi adalah:
- F tender value zscore buyer bernilai 2.9291 dan meningkatkan skor risiko dengan kontribusi SHAP sekitar 3.9565.
- Nilai tender bernilai 22.9698 dan meningkatkan skor risiko dengan kontribusi SHAP sekitar 3.6995.
- F supplier recent 90d award count bernilai 3 dan meningkatkan skor risiko dengan kontribusi SHAP sekitar 3.3184.",2,high,Draft AI review: risiko didukung oleh lonjakan nilai tender relatif terhadap histori buyer dan nilai tender yang besar.,yes,4,yes,Draft AI review: penjelasan tampak cukup membantu untuk prioritisasi audit awal.,ai_prefill_draft,AI-assisted draft only. Human reviewers must verify/edit before treating as reviewed evidence.
21,test,79992,high_risk_probability,ocds-20h3g7-2766594,Pembangunan Drainase Jalan Padat Karya (Desa Sebidai),2023-09-05 00:00:00+00:00,Pemerintah Daerah Kabupaten Tana Tidung,CV.HARMONIS,7934923606.63,7529933661.96,2,2,High Risk,0.932412,0.034656,0.032932,0.932412,0.294181,f_tender_value_zscore_buyer=4.0428 | f_tender_value_log=3.6152 | f_supplier_recent_90d_award_count=3.2442,"Model mengklasifikasikan paket ini sebagai **High Risk** dengan probabilitas 100.00%.
Faktor yang paling memengaruhi prediksi adalah:
- F tender value zscore buyer bernilai 2.5296 dan meningkatkan skor risiko dengan kontribusi SHAP sekitar 4.0428.
- Nilai tender bernilai 22.7945 dan meningkatkan skor risiko dengan kontribusi SHAP sekitar 3.6152.
- F supplier recent 90d award count bernilai 3 dan meningkatkan skor risiko dengan kontribusi SHAP sekitar 3.2442.",2,high,Draft AI review: risiko didukung oleh lonjakan nilai tender relatif terhadap histori buyer dan nilai tender yang besar.,yes,4,yes,Draft AI review: penjelasan tampak cukup membantu untuk prioritisasi audit awal.,ai_prefill_draft,AI-assisted draft only. Human reviewers must verify/edit before treating as reviewed evidence.
22,test,68052,high_risk_probability,ocds-20h3g7-4942177,Jalan dan Jembatan Ruas Akses RSUD Baru (Lanjutan),2023-07-26 00:00:00+00:00,Pemerintah Daerah Kabupaten Tapin,CV. BINTANG KECIL,7999983820.32,7919924875.9,2,2,High Risk,0.931875,0.036199,0.031925,0.931875,0.295848,f_tender_value_zscore_buyer=3.9777 | f_tender_value_log=3.6987 | f_supplier_recent_90d_award_count=3.2686,"Model mengklasifikasikan paket ini sebagai **High Risk** dengan probabilitas 100.00%.
Faktor yang paling memengaruhi prediksi adalah:
- F tender value zscore buyer bernilai 2.5157 dan meningkatkan skor risiko dengan kontribusi SHAP sekitar 3.9777.
- Nilai tender bernilai 22.8027 dan meningkatkan skor risiko dengan kontribusi SHAP sekitar 3.6987.
- F supplier recent 90d award count bernilai 4 dan meningkatkan skor risiko dengan kontribusi SHAP sekitar 3.2686.",2,high,Draft AI review: risiko didukung oleh lonjakan nilai tender relatif terhadap histori buyer dan nilai tender yang besar.,yes,4,yes,Draft AI review: penjelasan tampak cukup membantu untuk prioritisasi audit awal.,ai_prefill_draft,AI-assisted draft only. Human reviewers must verify/edit before treating as reviewed evidence.
23,test,46712,high_risk_probability,ocds-20h3g7-5147249,Peningkatan Jalan Muara Tokong - Sp. Kelian,2023-06-13 00:00:00+00:00,Pemerintah Daerah Kabupaten Kutai Barat,"KARYA BERSAMA, CV",9454980000.0,9434255634.0,2,2,High Risk,0.931532,0.035456,0.033012,0.931532,0.297073,f_tender_value_zscore_buyer=3.9804 | f_tender_value_log=3.6083 | f_supplier_recent_90d_award_count=3.3275,"Model mengklasifikasikan paket ini sebagai **High Risk** dengan probabilitas 100.00%.
Faktor yang paling memengaruhi prediksi adalah:
- F tender value zscore buyer bernilai 4.8182 dan meningkatkan skor risiko dengan kontribusi SHAP sekitar 3.9804.
- Nilai tender bernilai 22.9698 dan meningkatkan skor risiko dengan kontribusi SHAP sekitar 3.6083.
- F supplier recent 90d award count bernilai 3 dan meningkatkan skor risiko dengan kontribusi SHAP sekitar 3.3275.",2,high,Draft AI review: risiko didukung oleh lonjakan nilai tender relatif terhadap histori buyer dan nilai tender yang besar.,yes,4,yes,Draft AI review: penjelasan tampak cukup membantu untuk prioritisasi audit awal.,ai_prefill_draft,AI-assisted draft only. Human reviewers must verify/edit before treating as reviewed evidence.
24,test,72333,high_risk_probability,ocds-20h3g7-21275121,Pembangunan Gedung Studio TVRI Stasiun Lampung (Lanjutan),2023-08-08 00:00:00+00:00,Pemerintah Daerah Provinsi Lampung,CV. ALFAIZ CONSTRUCTION,9146788922.35,9078290050.35,2,2,High Risk,0.930674,0.036308,0.033018,0.930674,0.299867,f_tender_value_zscore_buyer=4.0024 | f_tender_value_log=3.6521 | f_supplier_recent_90d_award_count=3.2265,"Model mengklasifikasikan paket ini sebagai **High Risk** dengan probabilitas 100.00%.
Faktor yang paling memengaruhi prediksi adalah:
- F tender value zscore buyer bernilai 3.1468 dan meningkatkan skor risiko dengan kontribusi SHAP sekitar 4.0024.
- Nilai tender bernilai 22.9367 dan meningkatkan skor risiko dengan kontribusi SHAP sekitar 3.6521.
- F supplier recent 90d award count bernilai 3 dan meningkatkan skor risiko dengan kontribusi SHAP sekitar 3.2265.",2,high,Draft AI review: risiko didukung oleh lonjakan nilai tender relatif terhadap histori buyer dan nilai tender yang besar.,yes,4,yes,Draft AI review: penjelasan tampak cukup membantu untuk prioritisasi audit awal.,ai_prefill_draft,AI-assisted draft only. Human reviewers must verify/edit before treating as reviewed evidence.
25,test,38133,high_risk_probability,ocds-20h3g7-3469458,"Rehab Median, Trotoar & Pengganti PJU Jalan A. Yani",2023-05-31 00:00:00+00:00,Pemerintah Daerah Kabupaten Barito Utara,CV. Aneka Indah,7498700000.0,7486076109.38,2,2,High Risk,0.930637,0.035862,0.033501,0.930637,0.300026,f_tender_value_zscore_buyer=3.9878 | f_tender_value_log=3.5150 | f_supplier_recent_90d_award_count=3.3456,"Model mengklasifikasikan paket ini sebagai **High Risk** dengan probabilitas 100.00%.
Faktor yang paling memengaruhi prediksi adalah:
- F tender value zscore buyer bernilai 8.496 dan meningkatkan skor risiko dengan kontribusi SHAP sekitar 3.9878.
- Nilai tender bernilai 22.738 dan meningkatkan skor risiko dengan kontribusi SHAP sekitar 3.5150.
- F supplier recent 90d award count bernilai 3 dan meningkatkan skor risiko dengan kontribusi SHAP sekitar 3.3456.",2,high,Draft AI review: risiko didukung oleh lonjakan nilai tender relatif terhadap histori buyer dan nilai tender yang besar.,yes,4,yes,Draft AI review: penjelasan tampak cukup membantu untuk prioritisasi audit awal.,ai_prefill_draft,AI-assisted draft only. Human reviewers must verify/edit before treating as reviewed evidence.
26,test,59462,high_risk_probability,ocds-20h3g7-5248249,Pembangunan  Turap Gunung Sinto,2023-07-04 00:00:00+00:00,Pemerintah Daerah Kabupaten Kutai Barat,CV.YUDIRA,13614670000.0,13573954231.51,2,2,High Risk,0.93057,0.036891,0.032538,0.93057,0.30015,f_tender_value_zscore_buyer=4.0295 | f_tender_value_log=3.7512 | f_supplier_recent_90d_award_count=3.2570,"Model mengklasifikasikan paket ini sebagai **High Risk** dengan probabilitas 100.00%.
Faktor yang paling memengaruhi prediksi adalah:
- F tender value zscore buyer bernilai 3.9011 dan meningkatkan skor risiko dengan kontribusi SHAP sekitar 4.0295.
- Nilai tender bernilai 23.3344 dan meningkatkan skor risiko dengan kontribusi SHAP sekitar 3.7512.
- F supplier recent 90d award count bernilai 3 dan meningkatkan skor risiko dengan kontribusi SHAP sekitar 3.2570.",2,high,Draft AI review: risiko didukung oleh lonjakan nilai tender relatif terhadap histori buyer dan nilai tender yang besar.,yes,4,yes,Draft AI review: penjelasan tampak cukup membantu untuk prioritisasi audit awal.,ai_prefill_draft,AI-assisted draft only. Human reviewers must verify/edit before treating as reviewed evidence.
27,test,89270,high_risk_probability,ocds-20h3g7-2209722,Normalisasi Kali Tewil Kecamatan Kota Maba,2023-10-13 00:00:00+00:00,Pemerintah Daerah Kabupaten Halmahera Timur,CV. ZALMIN PUTRA,7300000000.0,7279523700.6,2,2,High Risk,0.930457,0.035064,0.03448,0.930457,0.300658,f_tender_value_log=3.4485 | f_tender_value_zscore_buyer=3.4137 | f_buyer_supplier_repeat_count=3.1807,"Model mengklasifikasikan paket ini sebagai **High Risk** dengan probabilitas 100.00%.
Faktor yang paling memengaruhi prediksi adalah:
- Nilai tender bernilai 22.7111 dan meningkatkan skor risiko dengan kontribusi SHAP sekitar 3.4485.
- F tender value zscore buyer bernilai 2.7746 dan meningkatkan skor risiko dengan kontribusi SHAP sekitar 3.4137.
- Frekuensi hubungan buyer-supplier berulang bernilai 2 dan meningkatkan skor risiko dengan kontribusi SHAP sekitar 3.1807.",2,high,Draft AI review: risiko didukung oleh nilai tender yang besar dan lonjakan nilai tender relatif terhadap histori buyer.,yes,4,yes,Draft AI review: penjelasan tampak cukup membantu untuk prioritisasi audit awal.,ai_prefill_draft,AI-assisted draft only. Human reviewers must verify/edit before treating as reviewed evidence.
28,test,51680,high_risk_probability,ocds-20h3g7-5197249,Peningkatan Jalan Penawai - Muara Kedang,2023-06-20 00:00:00+00:00,Pemerintah Daerah Kabupaten Kutai Barat,Karya Kawan Nurani,9454114000.0,9412847784.42,2,2,High Risk,0.930164,0.037073,0.032763,0.930164,0.301489,f_tender_value_zscore_buyer=3.9553 | f_tender_value_log=3.6957 | f_supplier_recent_90d_award_count=3.3058,"Model mengklasifikasikan paket ini sebagai **High Risk** dengan probabilitas 100.00%.
Faktor yang paling memengaruhi prediksi adalah:
- F tender value zscore buyer bernilai 2.4315 dan meningkatkan skor risiko dengan kontribusi SHAP sekitar 3.9553.
- Nilai tender bernilai 22.9697 dan meningkatkan skor risiko dengan kontribusi SHAP sekitar 3.6957.
- F supplier recent 90d award count bernilai 3 dan meningkatkan skor risiko dengan kontribusi SHAP sekitar 3.3058.",2,high,Draft AI review: risiko didukung oleh lonjakan nilai tender relatif terhadap histori buyer dan nilai tender yang besar.,yes,4,yes,Draft AI review: penjelasan tampak cukup membantu untuk prioritisasi audit awal.,ai_prefill_draft,AI-assisted draft only. Human reviewers must verify/edit before treating as reviewed evidence.
29,test,36324,high_risk_probability,ocds-20h3g7-6825052,Peningkatan Jalan Muara Pasir - Air Mati,2023-05-29 00:00:00+00:00,Pemerintah Daerah Kabupaten Paser,PT. KAWAN SEHATI,23535736346.0,23454594000.0,2,2,High Risk,0.929244,0.037798,0.032958,0.929244,0.304469,f_tender_value_zscore_buyer=3.8672 | f_tender_value_log=3.8273 | f_supplier_recent_90d_award_count=3.3285,"Model mengklasifikasikan paket ini sebagai **High Risk** dengan probabilitas 100.00%.
Faktor yang paling memengaruhi prediksi adalah:
- F tender value zscore buyer bernilai 2.6468 dan meningkatkan skor risiko dengan kontribusi SHAP sekitar 3.8672.
- Nilai tender bernilai 23.8818 dan meningkatkan skor risiko dengan kontribusi SHAP sekitar 3.8273.
- F supplier recent 90d award count bernilai 3 dan meningkatkan skor risiko dengan kontribusi SHAP sekitar 3.3285.",2,high,Draft AI review: risiko didukung oleh lonjakan nilai tender relatif terhadap histori buyer dan nilai tender yang besar.,yes,4,yes,Draft AI review: penjelasan tampak cukup membantu untuk prioritisasi audit awal.,ai_prefill_draft,AI-assisted draft only. Human reviewers must verify/edit before treating as reviewed evidence.
30,test,91820,high_risk_probability,ocds-20h3g7-3147729,Normalisasi Kali Yefetu (Paket 1),2023-10-30 00:00:00+00:00,Pemerintah Daerah Kabupaten Halmahera Tengah,Cv.Karya Ira Abadi,4999789744.79,4939816306.63,2,2,High Risk,0.928062,0.035667,0.036271,0.928062,0.308485,f_tender_value_zscore_buyer=3.3334 | f_supplier_recent_90d_award_count=3.2566 | f_buyer_supplier_repeat_count=3.1963,"Model mengklasifikasikan paket ini sebagai **High Risk** dengan probabilitas 100.00%.
Faktor yang paling memengaruhi prediksi adalah:
- F tender value zscore buyer bernilai 3.7302 dan meningkatkan skor risiko dengan kontribusi SHAP sekitar 3.3334.
- F supplier recent 90d award count bernilai 3 dan meningkatkan skor risiko dengan kontribusi SHAP sekitar 3.2566.
- Frekuensi hubungan buyer-supplier berulang bernilai 3 dan meningkatkan skor risiko dengan kontribusi SHAP sekitar 3.1963.",2,high,Draft AI review: risiko didukung oleh lonjakan nilai tender relatif terhadap histori buyer dan lonjakan kemenangan supplier dalam 90 hari.,yes,4,yes,Draft AI review: penjelasan tampak cukup membantu untuk prioritisasi audit awal.,ai_prefill_draft,AI-assisted draft only. Human reviewers must verify/edit before treating as reviewed evidence.
31,test,30978,high_risk_probability,ocds-20h3g7-3160642,Pembangunan Gedung Puskesmas Tuhemberua (DAK Fisik 2023),2023-05-19 00:00:00+00:00,Pemerintah Daerah Kabupaten Nias Utara,CV. KANIRA JAYA MANDIRI,7651731397.74,7642411707.06,2,2,High Risk,0.927938,0.036971,0.035091,0.927938,0.308865,f_tender_value_zscore_buyer=3.8783 | f_tender_value_log=3.5441 | f_supplier_recent_90d_award_count=3.3677,"Model mengklasifikasikan paket ini sebagai **High Risk** dengan probabilitas 100.00%.
Faktor yang paling memengaruhi prediksi adalah:
- F tender value zscore buyer bernilai 4.6217 dan meningkatkan skor risiko dengan kontribusi SHAP sekitar 3.8783.
- Nilai tender bernilai 22.7582 dan meningkatkan skor risiko dengan kontribusi SHAP sekitar 3.5441.
- F supplier recent 90d award count bernilai 3 dan meningkatkan skor risiko dengan kontribusi SHAP sekitar 3.3677.",2,high,Draft AI review: risiko didukung oleh lonjakan nilai tender relatif terhadap histori buyer dan nilai tender yang besar.,yes,4,yes,Draft AI review: penjelasan tampak cukup membantu untuk prioritisasi audit awal.,ai_prefill_draft,AI-assisted draft only. Human reviewers must verify/edit before treating as reviewed evidence.
32,test,38744,high_risk_probability,ocds-20h3g7-6410421,Pengadaan Pusling Air Puskesmas - DAK FISIK Kesehatan,2023-05-31 00:00:00+00:00,Pemerintah Daerah Kabupaten Halmahera Selatan,CV. INDOMALUT FIBERBOAT TABAMARINE,8075000000.0,8071831200.0,2,2,High Risk,0.927669,0.037168,0.035163,0.927669,0.309735,f_tender_value_zscore_buyer=3.9022 | f_tender_value_log=3.5455 | f_supplier_recent_90d_award_count=3.2869,"Model mengklasifikasikan paket ini sebagai **High Risk** dengan probabilitas 100.00%.
Faktor yang paling memengaruhi prediksi adalah:
- F tender value zscore buyer bernilai 5.345 dan meningkatkan skor risiko dengan kontribusi SHAP sekitar 3.9022.
- Nilai tender bernilai 22.812 dan meningkatkan skor risiko dengan kontribusi SHAP sekitar 3.5455.
- F supplier recent 90d award count bernilai 18 dan meningkatkan skor risiko dengan kontribusi SHAP sekitar 3.2869.",2,high,Draft AI review: risiko didukung oleh lonjakan nilai tender relatif terhadap histori buyer dan nilai tender yang besar.,yes,4,yes,Draft AI review: penjelasan tampak cukup membantu untuk prioritisasi audit awal.,ai_prefill_draft,AI-assisted draft only. Human reviewers must verify/edit before treating as reviewed evidence.
33,test,92443,high_risk_probability,ocds-20h3g7-9981107,Rehab Berat Gedung Mapolres Muara Enim,2023-11-03 00:00:00+00:00,Pemerintah Daerah Kabupaten Muara Enim,FERY PUTRA HALIM,14536900000.0,14402276000.0,2,2,High Risk,0.926755,0.035442,0.037803,0.926755,0.312685,f_tender_value_zscore_buyer=3.9618 | f_tender_value_log=3.6343 | f_supplier_recent_90d_award_count=3.1341,"Model mengklasifikasikan paket ini sebagai **High Risk** dengan probabilitas 100.00%.
Faktor yang paling memengaruhi prediksi adalah:
- F tender value zscore buyer bernilai 2.6547 dan meningkatkan skor risiko dengan kontribusi SHAP sekitar 3.9618.
- Nilai tender bernilai 23.4 dan meningkatkan skor risiko dengan kontribusi SHAP sekitar 3.6343.
- F supplier recent 90d award count bernilai 13 dan meningkatkan skor risiko dengan kontribusi SHAP sekitar 3.1341.",2,high,Draft AI review: risiko didukung oleh lonjakan nilai tender relatif terhadap histori buyer dan nilai tender yang besar.,yes,4,yes,Draft AI review: penjelasan tampak cukup membantu untuk prioritisasi audit awal.,ai_prefill_draft,AI-assisted draft only. Human reviewers must verify/edit before treating as reviewed evidence.
34,test,89470,high_risk_probability,ocds-20h3g7-8685113,Pengembangan SPAM di Perumahan Royal Garden Mumbul,2023-10-13 00:00:00+00:00,PDAM Tirta Mangutama Kabupaten Badung,CV. PUTRA MANDIRI,2189220000.0,1488000000.0,2,2,High Risk,0.925057,0.036074,0.03887,0.925057,0.318137,f_price_deviation_ratio=4.2298 | f_buyer_supplier_repeat_count=3.4617 | f_is_q4=3.2918,"Model mengklasifikasikan paket ini sebagai **High Risk** dengan probabilitas 100.00%.
Faktor yang paling memengaruhi prediksi adalah:
- Rasio deviasi harga terhadap nilai tender bernilai 0.6797 dan meningkatkan skor risiko dengan kontribusi SHAP sekitar 4.2298.
- Frekuensi hubungan buyer-supplier berulang bernilai 2 dan meningkatkan skor risiko dengan kontribusi SHAP sekitar 3.4617.
- Waktu publikasi pada kuartal iv bernilai 1 dan meningkatkan skor risiko dengan kontribusi SHAP sekitar 3.2918.",2,high,Draft AI review: risiko didukung oleh deviasi harga tender-award dan hubungan buyer-supplier yang berulang.,yes,4,yes,Draft AI review: penjelasan tampak cukup membantu untuk prioritisasi audit awal.,ai_prefill_draft,AI-assisted draft only. Human reviewers must verify/edit before treating as reviewed evidence.
35,test,93025,high_risk_probability,ocds-20h3g7-39118011,"Pemeliharaan Kebersihan Taman, Halaman RJPN",2023-12-18 19:00:00+00:00,Kementerian Sekretariat Negara,PT. SEKAIICHI DWIPUTRA,7846242681.04,7201281923.93,2,2,High Risk,0.924093,0.035958,0.039949,0.924093,0.321167,f_buyer_supplier_repeat_count=3.2417 | f_is_q4=3.0792 | f_tender_value_log=2.9822,"Model mengklasifikasikan paket ini sebagai **High Risk** dengan probabilitas 100.00%.
Faktor yang paling memengaruhi prediksi adalah:
- Frekuensi hubungan buyer-supplier berulang bernilai 4 dan meningkatkan skor risiko dengan kontribusi SHAP sekitar 3.2417.
- Waktu publikasi pada kuartal iv bernilai 1 dan meningkatkan skor risiko dengan kontribusi SHAP sekitar 3.0792.
- Nilai tender bernilai 22.7833 dan meningkatkan skor risiko dengan kontribusi SHAP sekitar 2.9822.",2,high,Draft AI review: risiko didukung oleh hubungan buyer-supplier yang berulang dan timing akhir tahun anggaran.,yes,4,yes,Draft AI review: penjelasan tampak cukup membantu untuk prioritisasi audit awal.,ai_prefill_draft,AI-assisted draft only. Human reviewers must verify/edit before treating as reviewed evidence.
36,test,86713,high_risk_probability,ocds-20h3g7-3995661,Peningkatan Jalan Talang Tumbur - Pasar Bhayangkara,2023-10-02 00:00:00+00:00,Pemerintah Daerah Kabupaten Penukal Abab Lematang Ilir,cv. sukamulya jaya kontruksi,9999985634.93,9801311927.64,2,2,High Risk,0.922649,0.036877,0.040473,0.922649,0.325782,f_tender_value_zscore_buyer=3.9901 | f_tender_value_log=3.6774 | f_supplier_recent_90d_award_count=3.1786,"Model mengklasifikasikan paket ini sebagai **High Risk** dengan probabilitas 100.00%.
Faktor yang paling memengaruhi prediksi adalah:
- F tender value zscore buyer bernilai 4.3024 dan meningkatkan skor risiko dengan kontribusi SHAP sekitar 3.9901.
- Nilai tender bernilai 23.0258 dan meningkatkan skor risiko dengan kontribusi SHAP sekitar 3.6774.
- F supplier recent 90d award count bernilai 3 dan meningkatkan skor risiko dengan kontribusi SHAP sekitar 3.1786.",2,high,Draft AI review: risiko didukung oleh lonjakan nilai tender relatif terhadap histori buyer dan nilai tender yang besar.,yes,4,yes,Draft AI review: penjelasan tampak cukup membantu untuk prioritisasi audit awal.,ai_prefill_draft,AI-assisted draft only. Human reviewers must verify/edit before treating as reviewed evidence.
37,test,89340,high_risk_probability,ocds-20h3g7-14101043,Lanjutan Pembangunan Jalan Tubaan - Semurut,2023-10-13 00:00:00+00:00,Pemerintah Daerah Kabupaten Berau,PT. Tirta Darma Segah,18468659427.0,18295000000.0,2,2,High Risk,0.921395,0.037901,0.040704,0.921395,0.329783,f_buyer_supplier_repeat_count=3.1918 | f_is_q4=3.0827 | f_tender_value_log=3.0773,"Model mengklasifikasikan paket ini sebagai **High Risk** dengan probabilitas 100.00%.
Faktor yang paling memengaruhi prediksi adalah:
- Frekuensi hubungan buyer-supplier berulang bernilai 3 dan meningkatkan skor risiko dengan kontribusi SHAP sekitar 3.1918.
- Waktu publikasi pada kuartal iv bernilai 1 dan meningkatkan skor risiko dengan kontribusi SHAP sekitar 3.0827.
- Nilai tender bernilai 23.6393 dan meningkatkan skor risiko dengan kontribusi SHAP sekitar 3.0773.",2,high,Draft AI review: risiko didukung oleh hubungan buyer-supplier yang berulang dan timing akhir tahun anggaran.,yes,4,yes,Draft AI review: penjelasan tampak cukup membantu untuk prioritisasi audit awal.,ai_prefill_draft,AI-assisted draft only. Human reviewers must verify/edit before treating as reviewed evidence.
38,test,88777,high_risk_probability,ocds-20h3g7-5115434,Pemeliharaan Periodik Jalan Dalam Kota Lahat 1 Kecamatan Lahat,2023-10-10 00:00:00+00:00,Pemerintah Daerah Kabupaten Lahat,cv.putra narasaon sejahtera,14899999000.0,14568256150.69,2,2,High Risk,0.919137,0.043271,0.037593,0.919137,0.336723,f_tender_value_zscore_buyer=3.7551 | f_supplier_recent_90d_award_count=3.0443 | f_buyer_supplier_repeat_count=3.0143,"Model mengklasifikasikan paket ini sebagai **High Risk** dengan probabilitas 100.00%.
Faktor yang paling memengaruhi prediksi adalah:
- F tender value zscore buyer bernilai 4.0429 dan meningkatkan skor risiko dengan kontribusi SHAP sekitar 3.7551.
- F supplier recent 90d award count bernilai 6 dan meningkatkan skor risiko dengan kontribusi SHAP sekitar 3.0443.
- Frekuensi hubungan buyer-supplier berulang bernilai 4 dan meningkatkan skor risiko dengan kontribusi SHAP sekitar 3.0143.",2,high,Draft AI review: risiko didukung oleh lonjakan nilai tender relatif terhadap histori buyer dan lonjakan kemenangan supplier dalam 90 hari.,yes,4,yes,Draft AI review: penjelasan tampak cukup membantu untuk prioritisasi audit awal.,ai_prefill_draft,AI-assisted draft only. Human reviewers must verify/edit before treating as reviewed evidence.
39,test,92744,high_risk_probability,ocds-20h3g7-1857603,Pembangunan Mess Pati Sesko TNI,2023-11-08 00:00:00+00:00,Kementerian Pertahanan,PT DWI SAHABAT INDONESIA,6964363000.0,6959112586.33,2,2,High Risk,0.919128,0.039486,0.041386,0.919128,0.336928,f_buyer_supplier_repeat_count=3.2898 | f_is_q4=3.1076 | f_tender_value_log=2.9161,"Model mengklasifikasikan paket ini sebagai **High Risk** dengan probabilitas 100.00%.
Faktor yang paling memengaruhi prediksi adalah:
- Frekuensi hubungan buyer-supplier berulang bernilai 8 dan meningkatkan skor risiko dengan kontribusi SHAP sekitar 3.2898.
- Waktu publikasi pada kuartal iv bernilai 1 dan meningkatkan skor risiko dengan kontribusi SHAP sekitar 3.1076.
- Nilai tender bernilai 22.6641 dan meningkatkan skor risiko dengan kontribusi SHAP sekitar 2.9161.",2,high,Draft AI review: risiko didukung oleh hubungan buyer-supplier yang berulang dan timing akhir tahun anggaran.,yes,4,yes,Draft AI review: penjelasan tampak cukup membantu untuk prioritisasi audit awal.,ai_prefill_draft,AI-assisted draft only. Human reviewers must verify/edit before treating as reviewed evidence.
40,test,90604,high_risk_probability,ocds-20h3g7-7324052,Peningkatan Jalan Lingkungan Desa Keresik Bura,2023-10-20 00:00:00+00:00,Pemerintah Daerah Kabupaten Paser,CV. NOUFAL JAYA,6164066130.0,6147791000.0,2,2,High Risk,0.917395,0.040145,0.042461,0.917395,0.342313,f_buyer_supplier_repeat_count=3.2077 | f_is_q4=3.1212 | f_tender_value_log=2.9392,"Model mengklasifikasikan paket ini sebagai **High Risk** dengan probabilitas 100.00%.
Faktor yang paling memengaruhi prediksi adalah:
- Frekuensi hubungan buyer-supplier berulang bernilai 4 dan meningkatkan skor risiko dengan kontribusi SHAP sekitar 3.2077.
- Waktu publikasi pada kuartal iv bernilai 1 dan meningkatkan skor risiko dengan kontribusi SHAP sekitar 3.1212.
- Nilai tender bernilai 22.542 dan meningkatkan skor risiko dengan kontribusi SHAP sekitar 2.9392.",2,high,Draft AI review: risiko didukung oleh hubungan buyer-supplier yang berulang dan timing akhir tahun anggaran.,yes,4,yes,Draft AI review: penjelasan tampak cukup membantu untuk prioritisasi audit awal.,ai_prefill_draft,AI-assisted draft only. Human reviewers must verify/edit before treating as reviewed evidence.
41,test,87665,high_risk_probability,ocds-20h3g7-4055661,Pekerjaan Interior Wisma PALI,2023-10-04 00:00:00+00:00,Pemerintah Daerah Kabupaten Penukal Abab Lematang Ilir,ANUGRAH PRATAMA INSANI,7499999827.02,7469956381.25,2,2,High Risk,0.917289,0.039985,0.042726,0.917289,0.342628,f_tender_value_zscore_buyer=3.8084 | f_tender_value_log=3.7163 | f_supplier_recent_90d_award_count=3.1789,"Model mengklasifikasikan paket ini sebagai **High Risk** dengan probabilitas 100.00%.
Faktor yang paling memengaruhi prediksi adalah:
- F tender value zscore buyer bernilai 2.8976 dan meningkatkan skor risiko dengan kontribusi SHAP sekitar 3.8084.
- Nilai tender bernilai 22.7382 dan meningkatkan skor risiko dengan kontribusi SHAP sekitar 3.7163.
- F supplier recent 90d award count bernilai 3 dan meningkatkan skor risiko dengan kontribusi SHAP sekitar 3.1789.",2,high,Draft AI review: risiko didukung oleh lonjakan nilai tender relatif terhadap histori buyer dan nilai tender yang besar.,yes,4,yes,Draft AI review: penjelasan tampak cukup membantu untuk prioritisasi audit awal.,ai_prefill_draft,AI-assisted draft only. Human reviewers must verify/edit before treating as reviewed evidence.
42,test,91404,high_risk_probability,ocds-20h3g7-1833603,Pembangunan Gedung Food Court,2023-10-27 00:00:00+00:00,Kementerian Pertahanan,PT BORNEO SUKSES MAKMUR,8611120000.0,8590596000.0,2,2,High Risk,0.916619,0.039689,0.043692,0.916619,0.344648,f_buyer_supplier_repeat_count=3.1777 | f_is_q4=3.1061 | f_tender_value_log=2.9975,"Model mengklasifikasikan paket ini sebagai **High Risk** dengan probabilitas 100.00%.
Faktor yang paling memengaruhi prediksi adalah:
- Frekuensi hubungan buyer-supplier berulang bernilai 6 dan meningkatkan skor risiko dengan kontribusi SHAP sekitar 3.1777.
- Waktu publikasi pada kuartal iv bernilai 1 dan meningkatkan skor risiko dengan kontribusi SHAP sekitar 3.1061.
- Nilai tender bernilai 22.8763 dan meningkatkan skor risiko dengan kontribusi SHAP sekitar 2.9975.",2,high,Draft AI review: risiko didukung oleh hubungan buyer-supplier yang berulang dan timing akhir tahun anggaran.,yes,4,yes,Draft AI review: penjelasan tampak cukup membantu untuk prioritisasi audit awal.,ai_prefill_draft,AI-assisted draft only. Human reviewers must verify/edit before treating as reviewed evidence.
43,test,90283,high_risk_probability,ocds-20h3g7-4448357,Peningkatan Jalan Ruas Ulak Kerbau - Rantau Panjang - Jagaraja,2023-10-20 00:00:00+00:00,Pemerintah Daerah Kabupaten Ogan Ilir,CV. MUTIARA KUSUMA ABADI,7999160000.0,7923106000.0,2,2,High Risk,0.91575,0.045302,0.038948,0.91575,0.347185,f_tender_value_zscore_buyer=3.5800 | f_supplier_recent_90d_award_count=3.0383 | f_tender_value_log=2.9847,"Model mengklasifikasikan paket ini sebagai **High Risk** dengan probabilitas 100.00%.
Faktor yang paling memengaruhi prediksi adalah:
- F tender value zscore buyer bernilai 2.1531 dan meningkatkan skor risiko dengan kontribusi SHAP sekitar 3.5800.
- F supplier recent 90d award count bernilai 3 dan meningkatkan skor risiko dengan kontribusi SHAP sekitar 3.0383.
- Nilai tender bernilai 22.8026 dan meningkatkan skor risiko dengan kontribusi SHAP sekitar 2.9847.",2,high,Draft AI review: risiko didukung oleh lonjakan nilai tender relatif terhadap histori buyer dan lonjakan kemenangan supplier dalam 90 hari.,yes,4,yes,Draft AI review: penjelasan tampak cukup membantu untuk prioritisasi audit awal.,ai_prefill_draft,AI-assisted draft only. Human reviewers must verify/edit before treating as reviewed evidence.
44,test,65919,high_risk_probability,ocds-20h3g7-46270047,Penayangan Iklan Layanan Masyarakat Imunisasi Rutin,2023-07-20 00:00:00+00:00,Kementerian Kesehatan,PT DINAMIKA JAYA MANUNGGAL,1199965500.0,634448705.1,2,2,High Risk,0.911098,0.042302,0.0466,0.911098,0.361507,f_price_deviation_ratio=5.3630 | f_buyer_supplier_repeat_count=4.2036 | f_supplier_recent_90d_award_count=4.1379,"Model mengklasifikasikan paket ini sebagai **High Risk** dengan probabilitas 100.00%.
Faktor yang paling memengaruhi prediksi adalah:
- Rasio deviasi harga terhadap nilai tender bernilai 0.5287 dan meningkatkan skor risiko dengan kontribusi SHAP sekitar 5.3630.
- Frekuensi hubungan buyer-supplier berulang bernilai 3 dan meningkatkan skor risiko dengan kontribusi SHAP sekitar 4.2036.
- F supplier recent 90d award count bernilai 4 dan meningkatkan skor risiko dengan kontribusi SHAP sekitar 4.1379.",2,high,Draft AI review: risiko didukung oleh deviasi harga tender-award dan hubungan buyer-supplier yang berulang.,yes,4,yes,Draft AI review: penjelasan tampak cukup membantu untuk prioritisasi audit awal.,ai_prefill_draft,AI-assisted draft only. Human reviewers must verify/edit before treating as reviewed evidence.
45,test,32131,high_risk_probability,ocds-20h3g7-4973249,Overlay Melak,2023-05-22 00:00:00+00:00,Pemerintah Daerah Kabupaten Kutai Barat,Budi daya utama,7279438000.0,7243797986.02,2,2,High Risk,0.908426,0.044748,0.046826,0.908426,0.369616,f_title_length=3.7826 | f_tender_value_zscore_buyer=3.5725 | f_tender_value_log=3.2786,"Model mengklasifikasikan paket ini sebagai **High Risk** dengan probabilitas 100.00%.
Faktor yang paling memengaruhi prediksi adalah:
- Panjang judul tender bernilai 13 dan meningkatkan skor risiko dengan kontribusi SHAP sekitar 3.7826.
- F tender value zscore buyer bernilai 3.798 dan meningkatkan skor risiko dengan kontribusi SHAP sekitar 3.5725.
- Nilai tender bernilai 22.7083 dan meningkatkan skor risiko dengan kontribusi SHAP sekitar 3.2786.",2,high,Draft AI review: risiko didukung oleh judul tender yang terlalu singkat dan lonjakan nilai tender relatif terhadap histori buyer.,yes,4,yes,Draft AI review: penjelasan tampak cukup membantu untuk prioritisasi audit awal.,ai_prefill_draft,AI-assisted draft only. Human reviewers must verify/edit before treating as reviewed evidence.
46,test,67739,high_risk_probability,ocds-20h3g7-20391026,DED Jalan Simpang Cikitsu menuju Arteri Dotamana,2023-07-25 00:00:00+00:00,Pemerintah Daerah Kota Batam,PT. Asterix Anugrah,199697000.0,139602000.0,2,2,High Risk,0.907946,0.041714,0.05034,0.907946,0.370667,f_price_deviation_ratio=5.2910 | f_buyer_supplier_repeat_count=4.1917 | f_supplier_recent_90d_award_count=4.0602,"Model mengklasifikasikan paket ini sebagai **High Risk** dengan probabilitas 100.00%.
Faktor yang paling memengaruhi prediksi adalah:
- Rasio deviasi harga terhadap nilai tender bernilai 0.6991 dan meningkatkan skor risiko dengan kontribusi SHAP sekitar 5.2910.
- Frekuensi hubungan buyer-supplier berulang bernilai 2 dan meningkatkan skor risiko dengan kontribusi SHAP sekitar 4.1917.
- F supplier recent 90d award count bernilai 3 dan meningkatkan skor risiko dengan kontribusi SHAP sekitar 4.0602.",2,high,Draft AI review: risiko didukung oleh deviasi harga tender-award dan hubungan buyer-supplier yang berulang.,yes,4,yes,Draft AI review: penjelasan tampak cukup membantu untuk prioritisasi audit awal.,ai_prefill_draft,AI-assisted draft only. Human reviewers must verify/edit before treating as reviewed evidence.
47,test,65751,high_risk_probability,ocds-20h3g7-6975160,"Rehabilitasi Jalan Bentakan - Jetis, Kec. Baki",2023-07-20 00:00:00+00:00,Pemerintah Daerah Kabupaten Sukoharjo,CV. MAPAN JAYA,396159000.0,265517000.0,2,2,High Risk,0.906131,0.043204,0.050665,0.906131,0.376167,f_price_deviation_ratio=5.3885 | f_buyer_supplier_repeat_count=4.0914 | f_supplier_recent_90d_award_count=4.0632,"Model mengklasifikasikan paket ini sebagai **High Risk** dengan probabilitas 100.00%.
Faktor yang paling memengaruhi prediksi adalah:
- Rasio deviasi harga terhadap nilai tender bernilai 0.6702 dan meningkatkan skor risiko dengan kontribusi SHAP sekitar 5.3885.
- Frekuensi hubungan buyer-supplier berulang bernilai 3 dan meningkatkan skor risiko dengan kontribusi SHAP sekitar 4.0914.
- F supplier recent 90d award count bernilai 3 dan meningkatkan skor risiko dengan kontribusi SHAP sekitar 4.0632.",2,high,Draft AI review: risiko didukung oleh deviasi harga tender-award dan hubungan buyer-supplier yang berulang.,yes,4,yes,Draft AI review: penjelasan tampak cukup membantu untuk prioritisasi audit awal.,ai_prefill_draft,AI-assisted draft only. Human reviewers must verify/edit before treating as reviewed evidence.
48,test,92693,high_risk_probability,ocds-20h3g7-1846603,Renovasi Setum TNI,2023-11-07 00:00:00+00:00,Kementerian Pertahanan,CV. SEMANGGI JAYA,2000000000.0,1998500308.08,2,2,High Risk,0.906067,0.045555,0.048377,0.906067,0.37661,f_title_length=3.7035 | f_supplier_recent_90d_award_count=3.1527 | f_buyer_supplier_repeat_count=2.9595,"Model mengklasifikasikan paket ini sebagai **High Risk** dengan probabilitas 100.00%.
Faktor yang paling memengaruhi prediksi adalah:
- Panjang judul tender bernilai 18 dan meningkatkan skor risiko dengan kontribusi SHAP sekitar 3.7035.
- F supplier recent 90d award count bernilai 3 dan meningkatkan skor risiko dengan kontribusi SHAP sekitar 3.1527.
- Frekuensi hubungan buyer-supplier berulang bernilai 7 dan meningkatkan skor risiko dengan kontribusi SHAP sekitar 2.9595.",2,high,Draft AI review: risiko didukung oleh judul tender yang terlalu singkat dan lonjakan kemenangan supplier dalam 90 hari.,yes,4,yes,Draft AI review: penjelasan tampak cukup membantu untuk prioritisasi audit awal.,ai_prefill_draft,AI-assisted draft only. Human reviewers must verify/edit before treating as reviewed evidence.
49,test,90182,high_risk_probability,ocds-20h3g7-1803603,Pengadaan RHIB,2023-10-19 00:00:00+00:00,Kementerian Pertahanan,PT MEGA PERKASA ENGINEERING,30193200000.0,30192100000.0,2,2,High Risk,0.90553,0.04497,0.0495,0.90553,0.378131,f_title_length=3.5911 | f_tender_value_zscore_buyer=3.2655 | f_tender_value_log=3.2127,"Model mengklasifikasikan paket ini sebagai **High Risk** dengan probabilitas 100.00%.
Faktor yang paling memengaruhi prediksi adalah:
- Panjang judul tender bernilai 14 dan meningkatkan skor risiko dengan kontribusi SHAP sekitar 3.5911.
- F tender value zscore buyer bernilai 3.2224 dan meningkatkan skor risiko dengan kontribusi SHAP sekitar 3.2655.
- Nilai tender bernilai 24.1309 dan meningkatkan skor risiko dengan kontribusi SHAP sekitar 3.2127.",2,high,Draft AI review: risiko didukung oleh judul tender yang terlalu singkat dan lonjakan nilai tender relatif terhadap histori buyer.,yes,4,yes,Draft AI review: penjelasan tampak cukup membantu untuk prioritisasi audit awal.,ai_prefill_draft,AI-assisted draft only. Human reviewers must verify/edit before treating as reviewed evidence.
50,test,54532,high_risk_probability,ocds-20h3g7-18534035,Pembangunan Kelas Baru SMAN 2 Tenggarong Seberang,2023-06-23 00:00:00+00:00,Pemerintah Daerah Provinsi Kalimantan Timur,CV. GADING KENCONO EMAS,1072470541.13,620000000.0,2,2,High Risk,0.90376,0.045323,0.050917,0.90376,0.383287,f_price_deviation_ratio=5.4064 | f_supplier_recent_90d_award_count=4.3291 | f_buyer_supplier_repeat_count=4.1041,"Model mengklasifikasikan paket ini sebagai **High Risk** dengan probabilitas 100.00%.
Faktor yang paling memengaruhi prediksi adalah:
- Rasio deviasi harga terhadap nilai tender bernilai 0.5781 dan meningkatkan skor risiko dengan kontribusi SHAP sekitar 5.4064.
- F supplier recent 90d award count bernilai 3 dan meningkatkan skor risiko dengan kontribusi SHAP sekitar 4.3291.
- Frekuensi hubungan buyer-supplier berulang bernilai 3 dan meningkatkan skor risiko dengan kontribusi SHAP sekitar 4.1041.",2,high,Draft AI review: risiko didukung oleh deviasi harga tender-award dan lonjakan kemenangan supplier dalam 90 hari.,yes,4,yes,Draft AI review: penjelasan tampak cukup membantu untuk prioritisasi audit awal.,ai_prefill_draft,AI-assisted draft only. Human reviewers must verify/edit before treating as reviewed evidence.
51,test,46215,high_risk_probability,ocds-20h3g7-4448017,Peningkatan Jalan Lingkungan di Kelurahan Tonja,2023-06-13 00:00:00+00:00,Pemerintah Daerah Kota Denpasar,CV. ADI MERTHA,795981437.11,498076718.16,2,2,High Risk,0.899962,0.047385,0.052653,0.899962,0.39437,f_price_deviation_ratio=5.4735 | f_supplier_recent_90d_award_count=4.1975 | f_buyer_supplier_repeat_count=4.0648,"Model mengklasifikasikan paket ini sebagai **High Risk** dengan probabilitas 100.00%.
Faktor yang paling memengaruhi prediksi adalah:
- Rasio deviasi harga terhadap nilai tender bernilai 0.6257 dan meningkatkan skor risiko dengan kontribusi SHAP sekitar 5.4735.
- F supplier recent 90d award count bernilai 3 dan meningkatkan skor risiko dengan kontribusi SHAP sekitar 4.1975.
- Frekuensi hubungan buyer-supplier berulang bernilai 2 dan meningkatkan skor risiko dengan kontribusi SHAP sekitar 4.0648.",2,medium,Draft AI review: risiko didukung oleh deviasi harga tender-award dan lonjakan kemenangan supplier dalam 90 hari.,yes,3,yes,Draft AI review: penjelasan tampak cukup membantu untuk prioritisasi audit awal.,ai_prefill_draft,AI-assisted draft only. Human reviewers must verify/edit before treating as reviewed evidence.
52,test,91165,high_risk_probability,ocds-20h3g7-3608295,Bantuan Mesin Jahit,2023-10-25 00:00:00+00:00,Pemerintah Daerah Kabupaten Morowali,CV. TERAS IMAJI,650735990.0,634920000.0,2,2,High Risk,0.89865,0.044423,0.056926,0.89865,0.397515,f_supplier_recent_90d_award_count=3.4291 | f_is_q4=3.3387 | f_buyer_supplier_repeat_count=3.1578,"Model mengklasifikasikan paket ini sebagai **High Risk** dengan probabilitas 100.00%.
Faktor yang paling memengaruhi prediksi adalah:
- F supplier recent 90d award count bernilai 3 dan meningkatkan skor risiko dengan kontribusi SHAP sekitar 3.4291.
- Waktu publikasi pada kuartal iv bernilai 1 dan meningkatkan skor risiko dengan kontribusi SHAP sekitar 3.3387.
- Frekuensi hubungan buyer-supplier berulang bernilai 4 dan meningkatkan skor risiko dengan kontribusi SHAP sekitar 3.1578.",2,medium,Draft AI review: risiko didukung oleh lonjakan kemenangan supplier dalam 90 hari dan timing akhir tahun anggaran.,yes,3,yes,Draft AI review: penjelasan tampak cukup membantu untuk prioritisasi audit awal.,ai_prefill_draft,AI-assisted draft only. Human reviewers must verify/edit before treating as reviewed evidence.
53,test,90035,high_risk_probability,ocds-20h3g7-26001638,Rehab Rumdis Wakasad,2023-10-18 00:00:00+00:00,Kementerian Pertahanan,PT. Adibahtera Hidayat,720000000.0,708759000.0,2,2,High Risk,0.893676,0.046321,0.060003,0.893676,0.411577,f_supplier_recent_90d_award_count=3.5099 | f_is_q4=3.2662 | f_buyer_supplier_repeat_count=3.2130,"Model mengklasifikasikan paket ini sebagai **High Risk** dengan probabilitas 100.00%.
Faktor yang paling memengaruhi prediksi adalah:
- F supplier recent 90d award count bernilai 4 dan meningkatkan skor risiko dengan kontribusi SHAP sekitar 3.5099.
- Waktu publikasi pada kuartal iv bernilai 1 dan meningkatkan skor risiko dengan kontribusi SHAP sekitar 3.2662.
- Frekuensi hubungan buyer-supplier berulang bernilai 7 dan meningkatkan skor risiko dengan kontribusi SHAP sekitar 3.2130.",2,medium,Draft AI review: risiko didukung oleh lonjakan kemenangan supplier dalam 90 hari dan timing akhir tahun anggaran.,yes,3,yes,Draft AI review: penjelasan tampak cukup membantu untuk prioritisasi audit awal.,ai_prefill_draft,AI-assisted draft only. Human reviewers must verify/edit before treating as reviewed evidence.
54,test,75394,high_risk_probability,ocds-20h3g7-5505304,Pembuatan Jembatan di Desa PIR ADB Kec. Besitang,2023-08-18 00:00:00+00:00,Pemerintah Daerah Kabupaten Langkat,CV. SUKSES SINAR SAKTI,1465500000.0,1406880044.36,2,2,High Risk,0.889761,0.048758,0.061481,0.889761,0.422692,f_tender_value_zscore_buyer=4.3121 | f_supplier_recent_90d_award_count=4.0367 | f_buyer_supplier_repeat_count=3.7233,"Model mengklasifikasikan paket ini sebagai **High Risk** dengan probabilitas 100.00%.
Faktor yang paling memengaruhi prediksi adalah:
- F tender value zscore buyer bernilai 2.424 dan meningkatkan skor risiko dengan kontribusi SHAP sekitar 4.3121.
- F supplier recent 90d award count bernilai 3 dan meningkatkan skor risiko dengan kontribusi SHAP sekitar 4.0367.
- Frekuensi hubungan buyer-supplier berulang bernilai 3 dan meningkatkan skor risiko dengan kontribusi SHAP sekitar 3.7233.",2,medium,Draft AI review: risiko didukung oleh lonjakan nilai tender relatif terhadap histori buyer dan lonjakan kemenangan supplier dalam 90 hari.,yes,3,yes,Draft AI review: penjelasan tampak cukup membantu untuk prioritisasi audit awal.,ai_prefill_draft,AI-assisted draft only. Human reviewers must verify/edit before treating as reviewed evidence.
55,test,74328,high_risk_probability,ocds-20h3g7-12877318,Jalan Sumampir Timur - Martapura (180),2023-08-15 00:00:00+00:00,Pemerintah Daerah Kota Cilegon,jaya kusuma rezeki,1449899662.15,1159919729.72,2,2,High Risk,0.889565,0.048387,0.062047,0.889565,0.423123,f_tender_value_zscore_buyer=4.3401 | f_supplier_recent_90d_award_count=4.0798 | f_buyer_supplier_repeat_count=3.6386,"Model mengklasifikasikan paket ini sebagai **High Risk** dengan probabilitas 100.00%.
Faktor yang paling memengaruhi prediksi adalah:
- F tender value zscore buyer bernilai 2.4194 dan meningkatkan skor risiko dengan kontribusi SHAP sekitar 4.3401.
- F supplier recent 90d award count bernilai 3 dan meningkatkan skor risiko dengan kontribusi SHAP sekitar 4.0798.
- Frekuensi hubungan buyer-supplier berulang bernilai 3 dan meningkatkan skor risiko dengan kontribusi SHAP sekitar 3.6386.",2,medium,Draft AI review: risiko didukung oleh lonjakan nilai tender relatif terhadap histori buyer dan lonjakan kemenangan supplier dalam 90 hari.,yes,3,yes,Draft AI review: penjelasan tampak cukup membantu untuk prioritisasi audit awal.,ai_prefill_draft,AI-assisted draft only. Human reviewers must verify/edit before treating as reviewed evidence.
56,test,58815,high_risk_probability,ocds-20h3g7-9481432,Pembangunan Puskesmas Cisitu,2023-07-03 00:00:00+00:00,Pemerintah Daerah Kabupaten Sumedang,CV INDRAWATI,4888461832.81,4284994409.72,2,2,High Risk,0.889048,0.049622,0.06133,0.889048,0.424788,f_tender_value_zscore_buyer=4.1264 | f_supplier_recent_90d_award_count=3.9770 | f_buyer_supplier_repeat_count=3.4879,"Model mengklasifikasikan paket ini sebagai **High Risk** dengan probabilitas 100.00%.
Faktor yang paling memengaruhi prediksi adalah:
- F tender value zscore buyer bernilai 7.2539 dan meningkatkan skor risiko dengan kontribusi SHAP sekitar 4.1264.
- F supplier recent 90d award count bernilai 4 dan meningkatkan skor risiko dengan kontribusi SHAP sekitar 3.9770.
- Frekuensi hubungan buyer-supplier berulang bernilai 4 dan meningkatkan skor risiko dengan kontribusi SHAP sekitar 3.4879.",2,medium,Draft AI review: risiko didukung oleh lonjakan nilai tender relatif terhadap histori buyer dan lonjakan kemenangan supplier dalam 90 hari.,yes,3,yes,Draft AI review: penjelasan tampak cukup membantu untuk prioritisasi audit awal.,ai_prefill_draft,AI-assisted draft only. Human reviewers must verify/edit before treating as reviewed evidence.
57,test,2306,high_risk_probability,ocds-20h3g7-2006459,Pembangunan Rumah Dinas Guru SMP Negeri 4 Rangsang,2023-03-15 00:00:00+00:00,Pemerintah Daerah Kabupaten Meranti,CV. NURHAYATI 3,519751000.0,518391324.08,2,2,High Risk,0.887485,0.04926,0.063255,0.887485,0.428858,f_tender_value_zscore_buyer=4.3584 | f_supplier_recent_90d_award_count=4.1590 | f_buyer_supplier_repeat_count=3.7750,"Model mengklasifikasikan paket ini sebagai **High Risk** dengan probabilitas 100.00%.
Faktor yang paling memengaruhi prediksi adalah:
- F tender value zscore buyer bernilai 3.3158 dan meningkatkan skor risiko dengan kontribusi SHAP sekitar 4.3584.
- F supplier recent 90d award count bernilai 4 dan meningkatkan skor risiko dengan kontribusi SHAP sekitar 4.1590.
- Frekuensi hubungan buyer-supplier berulang bernilai 4 dan meningkatkan skor risiko dengan kontribusi SHAP sekitar 3.7750.",2,medium,Draft AI review: risiko didukung oleh lonjakan nilai tender relatif terhadap histori buyer dan lonjakan kemenangan supplier dalam 90 hari.,yes,3,yes,Draft AI review: penjelasan tampak cukup membantu untuk prioritisasi audit awal.,ai_prefill_draft,AI-assisted draft only. Human reviewers must verify/edit before treating as reviewed evidence.
58,test,73574,high_risk_probability,ocds-20h3g7-3398719,Terminal Ruang Tunggu Pelabuhan Bandar Batauga,2023-08-11 00:00:00+00:00,Pemerintah Daerah Kabupaten Buton Selatan,NITIA PRATAMA,1685400000.0,1519710371.99,2,2,High Risk,0.887257,0.050047,0.062696,0.887257,0.429648,f_tender_value_zscore_buyer=4.3139 | f_supplier_recent_90d_award_count=4.0173 | f_buyer_supplier_repeat_count=3.7042,"Model mengklasifikasikan paket ini sebagai **High Risk** dengan probabilitas 100.00%.
Faktor yang paling memengaruhi prediksi adalah:
- F tender value zscore buyer bernilai 2.1954 dan meningkatkan skor risiko dengan kontribusi SHAP sekitar 4.3139.
- F supplier recent 90d award count bernilai 6 dan meningkatkan skor risiko dengan kontribusi SHAP sekitar 4.0173.
- Frekuensi hubungan buyer-supplier berulang bernilai 5 dan meningkatkan skor risiko dengan kontribusi SHAP sekitar 3.7042.",2,medium,Draft AI review: risiko didukung oleh lonjakan nilai tender relatif terhadap histori buyer dan lonjakan kemenangan supplier dalam 90 hari.,yes,3,yes,Draft AI review: penjelasan tampak cukup membantu untuk prioritisasi audit awal.,ai_prefill_draft,AI-assisted draft only. Human reviewers must verify/edit before treating as reviewed evidence.
59,test,66101,high_risk_probability,ocds-20h3g7-2796564,Peningkatan Jalan tanjung seluai - Talang perapat,2023-07-21 00:00:00+00:00,Pemerintah Daerah Kabupaten Seluma,CV. GARUDA NUSANTARA GROUP,1916594000.0,1911263000.0,2,2,High Risk,0.886805,0.050166,0.063029,0.886805,0.430872,f_tender_value_zscore_buyer=4.3596 | f_supplier_recent_90d_award_count=4.0865 | f_buyer_supplier_repeat_count=3.6826,"Model mengklasifikasikan paket ini sebagai **High Risk** dengan probabilitas 100.00%.
Faktor yang paling memengaruhi prediksi adalah:
- F tender value zscore buyer bernilai 2.7026 dan meningkatkan skor risiko dengan kontribusi SHAP sekitar 4.3596.
- F supplier recent 90d award count bernilai 6 dan meningkatkan skor risiko dengan kontribusi SHAP sekitar 4.0865.
- Frekuensi hubungan buyer-supplier berulang bernilai 2 dan meningkatkan skor risiko dengan kontribusi SHAP sekitar 3.6826.",2,medium,Draft AI review: risiko didukung oleh lonjakan nilai tender relatif terhadap histori buyer dan lonjakan kemenangan supplier dalam 90 hari.,yes,3,yes,Draft AI review: penjelasan tampak cukup membantu untuk prioritisasi audit awal.,ai_prefill_draft,AI-assisted draft only. Human reviewers must verify/edit before treating as reviewed evidence.
60,test,23953,high_risk_probability,ocds-20h3g7-16863168,Penataan Halaman Parkir dan Instal Stable Berkuda Sekayu,2023-05-05 00:00:00+00:00,Pemerintah Daerah Kabupaten Musi Banyuasin,CV. DIFA MAKMUR JAYA,4488908000.0,4428159199.39,2,2,High Risk,0.886612,0.050169,0.063219,0.886612,0.431383,f_supplier_recent_90d_award_count=4.0712 | f_tender_value_zscore_buyer=4.0321 | f_buyer_supplier_repeat_count=3.5552,"Model mengklasifikasikan paket ini sebagai **High Risk** dengan probabilitas 100.00%.
Faktor yang paling memengaruhi prediksi adalah:
- F supplier recent 90d award count bernilai 3 dan meningkatkan skor risiko dengan kontribusi SHAP sekitar 4.0712.
- F tender value zscore buyer bernilai 5.7142 dan meningkatkan skor risiko dengan kontribusi SHAP sekitar 4.0321.
- Frekuensi hubungan buyer-supplier berulang bernilai 3 dan meningkatkan skor risiko dengan kontribusi SHAP sekitar 3.5552.",2,medium,Draft AI review: risiko didukung oleh lonjakan kemenangan supplier dalam 90 hari dan lonjakan nilai tender relatif terhadap histori buyer.,yes,3,yes,Draft AI review: penjelasan tampak cukup membantu untuk prioritisasi audit awal.,ai_prefill_draft,AI-assisted draft only. Human reviewers must verify/edit before treating as reviewed evidence.
61,test,2250,high_risk_probability,ocds-20h3g7-2013459,Pembangunan Ruang UKS SMP Negeri 3 Rangsang Pesisir,2023-03-15 00:00:00+00:00,Pemerintah Daerah Kabupaten Meranti,CV. HIDUP JAYA MAKMUR SEJAHTERA,279994000.0,279523664.77,2,2,High Risk,0.886134,0.049938,0.063928,0.886134,0.432587,f_tender_value_zscore_buyer=4.3983 | f_supplier_recent_90d_award_count=4.1974 | f_buyer_supplier_repeat_count=3.7702,"Model mengklasifikasikan paket ini sebagai **High Risk** dengan probabilitas 100.00%.
Faktor yang paling memengaruhi prediksi adalah:
- F tender value zscore buyer bernilai 4.9507 dan meningkatkan skor risiko dengan kontribusi SHAP sekitar 4.3983.
- F supplier recent 90d award count bernilai 4 dan meningkatkan skor risiko dengan kontribusi SHAP sekitar 4.1974.
- Frekuensi hubungan buyer-supplier berulang bernilai 4 dan meningkatkan skor risiko dengan kontribusi SHAP sekitar 3.7702.",2,medium,Draft AI review: risiko didukung oleh lonjakan nilai tender relatif terhadap histori buyer dan lonjakan kemenangan supplier dalam 90 hari.,yes,3,yes,Draft AI review: penjelasan tampak cukup membantu untuk prioritisasi audit awal.,ai_prefill_draft,AI-assisted draft only. Human reviewers must verify/edit before treating as reviewed evidence.
62,test,92657,high_risk_probability,ocds-20h3g7-1831603,Renovasi Mess Dieng,2023-11-06 00:00:00+00:00,Kementerian Pertahanan,PT. Diori Perkasa,2205048000.0,2203925000.0,2,2,High Risk,0.885685,0.047149,0.067166,0.885685,0.432918,f_supplier_recent_90d_award_count=3.4883 | f_is_q4=3.3666 | f_buyer_supplier_repeat_count=3.1827,"Model mengklasifikasikan paket ini sebagai **High Risk** dengan probabilitas 100.00%.
Faktor yang paling memengaruhi prediksi adalah:
- F supplier recent 90d award count bernilai 3 dan meningkatkan skor risiko dengan kontribusi SHAP sekitar 3.4883.
- Waktu publikasi pada kuartal iv bernilai 1 dan meningkatkan skor risiko dengan kontribusi SHAP sekitar 3.3666.
- Frekuensi hubungan buyer-supplier berulang bernilai 6 dan meningkatkan skor risiko dengan kontribusi SHAP sekitar 3.1827.",2,medium,Draft AI review: risiko didukung oleh lonjakan kemenangan supplier dalam 90 hari dan timing akhir tahun anggaran.,yes,3,yes,Draft AI review: penjelasan tampak cukup membantu untuk prioritisasi audit awal.,ai_prefill_draft,AI-assisted draft only. Human reviewers must verify/edit before treating as reviewed evidence.
63,test,23656,high_risk_probability,ocds-20h3g7-14434286,Rehabilitasi Gedung DPRD Kabupaten Cilacap (Lanjutan),2023-05-05 00:00:00+00:00,Pemerintah Daerah Kabupaten Cilacap,CV. PUTRA PERINTIS,4229901247.89,4181192535.42,2,2,High Risk,0.885334,0.05231,0.062356,0.885334,0.435201,f_tender_value_zscore_buyer=4.1110 | f_supplier_recent_90d_award_count=4.0968 | f_buyer_supplier_repeat_count=3.6251,"Model mengklasifikasikan paket ini sebagai **High Risk** dengan probabilitas 100.00%.
Faktor yang paling memengaruhi prediksi adalah:
- F tender value zscore buyer bernilai 3.6627 dan meningkatkan skor risiko dengan kontribusi SHAP sekitar 4.1110.
- F supplier recent 90d award count bernilai 3 dan meningkatkan skor risiko dengan kontribusi SHAP sekitar 4.0968.
- Frekuensi hubungan buyer-supplier berulang bernilai 3 dan meningkatkan skor risiko dengan kontribusi SHAP sekitar 3.6251.",2,medium,Draft AI review: risiko didukung oleh lonjakan nilai tender relatif terhadap histori buyer dan lonjakan kemenangan supplier dalam 90 hari.,yes,3,yes,Draft AI review: penjelasan tampak cukup membantu untuk prioritisasi audit awal.,ai_prefill_draft,AI-assisted draft only. Human reviewers must verify/edit before treating as reviewed evidence.
64,test,26867,high_risk_probability,ocds-20h3g7-3138695,Pembangunan Talud Kantor Bupati Tahap IV,2023-05-11 00:00:00+00:00,Pemerintah Daerah Kabupaten Puncak Jaya,CV. DANGGU WALIA,7033919000.0,6665347877.03,2,2,High Risk,0.885316,0.048645,0.066039,0.885316,0.434365,f_tender_value_zscore_buyer=4.3700 | f_tender_value_log=4.2986 | f_buyer_supplier_repeat_count=3.2345,"Model mengklasifikasikan paket ini sebagai **High Risk** dengan probabilitas 100.00%.
Faktor yang paling memengaruhi prediksi adalah:
- F tender value zscore buyer bernilai 5.4877 dan meningkatkan skor risiko dengan kontribusi SHAP sekitar 4.3700.
- Nilai tender bernilai 22.674 dan meningkatkan skor risiko dengan kontribusi SHAP sekitar 4.2986.
- Frekuensi hubungan buyer-supplier berulang bernilai 2 dan meningkatkan skor risiko dengan kontribusi SHAP sekitar 3.2345.",2,medium,Draft AI review: risiko didukung oleh lonjakan nilai tender relatif terhadap histori buyer dan nilai tender yang besar.,yes,3,yes,Draft AI review: penjelasan tampak cukup membantu untuk prioritisasi audit awal.,ai_prefill_draft,AI-assisted draft only. Human reviewers must verify/edit before treating as reviewed evidence.
65,test,89424,high_risk_probability,ocds-20h3g7-9649156,Normalisasi Saluran Sungai Kebun Angki,2023-10-13 00:00:00+00:00,Pemerintah Daerah Kabupaten Ogan Komering Ilir,CV HAFIZAH JAVAS,5000000000.0,4969191099.97,2,2,High Risk,0.884906,0.048264,0.06683,0.884906,0.435309,f_buyer_supplier_repeat_count=3.5112 | f_is_q4=3.4118 | f_supplier_recent_90d_award_count=3.3497,"Model mengklasifikasikan paket ini sebagai **High Risk** dengan probabilitas 100.00%.
Faktor yang paling memengaruhi prediksi adalah:
- Frekuensi hubungan buyer-supplier berulang bernilai 6 dan meningkatkan skor risiko dengan kontribusi SHAP sekitar 3.5112.
- Waktu publikasi pada kuartal iv bernilai 1 dan meningkatkan skor risiko dengan kontribusi SHAP sekitar 3.4118.
- F supplier recent 90d award count bernilai 5 dan meningkatkan skor risiko dengan kontribusi SHAP sekitar 3.3497.",2,medium,Draft AI review: risiko didukung oleh hubungan buyer-supplier yang berulang dan timing akhir tahun anggaran.,yes,3,yes,Draft AI review: penjelasan tampak cukup membantu untuk prioritisasi audit awal.,ai_prefill_draft,AI-assisted draft only. Human reviewers must verify/edit before treating as reviewed evidence.
66,test,87035,high_risk_probability,ocds-20h3g7-2027399,Pengadaan Perangkat HPC GXL,2023-10-03 00:00:00+00:00,Badan Informasi Geospasial,PT. MITRA SOLUSI INFOKOM,8502387417.0,5706268800.0,2,2,High Risk,0.884517,0.043369,0.072114,0.884517,0.434258,f_price_deviation_ratio=4.8347 | f_tender_value_log=4.0962 | f_is_q4=3.8510,"Model mengklasifikasikan paket ini sebagai **High Risk** dengan probabilitas 100.00%.
Faktor yang paling memengaruhi prediksi adalah:
- Rasio deviasi harga terhadap nilai tender bernilai 0.6711 dan meningkatkan skor risiko dengan kontribusi SHAP sekitar 4.8347.
- Nilai tender bernilai 22.8636 dan meningkatkan skor risiko dengan kontribusi SHAP sekitar 4.0962.
- Waktu publikasi pada kuartal iv bernilai 1 dan meningkatkan skor risiko dengan kontribusi SHAP sekitar 3.8510.",2,medium,Draft AI review: risiko didukung oleh deviasi harga tender-award dan nilai tender yang besar.,yes,3,yes,Draft AI review: penjelasan tampak cukup membantu untuk prioritisasi audit awal.,ai_prefill_draft,AI-assisted draft only. Human reviewers must verify/edit before treating as reviewed evidence.
67,test,64795,high_risk_probability,ocds-20h3g7-85905064,PEMBANGUNAN JEMBATAN PANDANSIMO,2023-07-17 00:00:00+00:00,Kementerian Pekerjaan Umum dan Perumahan Rakyat,PT ADHI KARYA (Persero) Tbk,842029899000.0,814976426152.41,2,2,High Risk,0.883925,0.050161,0.065915,0.883925,0.438417,f_tender_value_zscore_buyer=4.3057 | f_tender_value_log=4.2721 | f_buyer_supplier_repeat_count=3.3719,"Model mengklasifikasikan paket ini sebagai **High Risk** dengan probabilitas 100.00%.
Faktor yang paling memengaruhi prediksi adalah:
- F tender value zscore buyer bernilai 4.6675 dan meningkatkan skor risiko dengan kontribusi SHAP sekitar 4.3057.
- Nilai tender bernilai 27.4591 dan meningkatkan skor risiko dengan kontribusi SHAP sekitar 4.2721.
- Frekuensi hubungan buyer-supplier berulang bernilai 4 dan meningkatkan skor risiko dengan kontribusi SHAP sekitar 3.3719.",2,medium,Draft AI review: risiko didukung oleh lonjakan nilai tender relatif terhadap histori buyer dan nilai tender yang besar.,yes,3,yes,Draft AI review: penjelasan tampak cukup membantu untuk prioritisasi audit awal.,ai_prefill_draft,AI-assisted draft only. Human reviewers must verify/edit before treating as reviewed evidence.
68,test,93021,high_risk_probability,ocds-20h3g7-39115011,Pemeliharaan Kebersihan RJPN,2023-12-18 16:00:00+00:00,Kementerian Sekretariat Negara,PT. SEKAIICHI DWIPUTRA,7976794200.06,7218998751.05,2,2,High Risk,0.883463,0.044719,0.071818,0.883463,0.437565,f_buyer_supplier_repeat_count=3.7711 | f_is_q4=3.5944 | f_tender_value_log=3.4509,"Model mengklasifikasikan paket ini sebagai **High Risk** dengan probabilitas 100.00%.
Faktor yang paling memengaruhi prediksi adalah:
- Frekuensi hubungan buyer-supplier berulang bernilai 2 dan meningkatkan skor risiko dengan kontribusi SHAP sekitar 3.7711.
- Waktu publikasi pada kuartal iv bernilai 1 dan meningkatkan skor risiko dengan kontribusi SHAP sekitar 3.5944.
- Nilai tender bernilai 22.7998 dan meningkatkan skor risiko dengan kontribusi SHAP sekitar 3.4509.",2,medium,Draft AI review: risiko didukung oleh hubungan buyer-supplier yang berulang dan timing akhir tahun anggaran.,yes,3,yes,Draft AI review: penjelasan tampak cukup membantu untuk prioritisasi audit awal.,ai_prefill_draft,AI-assisted draft only. Human reviewers must verify/edit before treating as reviewed evidence.
69,test,33919,high_risk_probability,ocds-20h3g7-3472188,Rehabilitasi Jaringan Irigasi D.I Baharu Ambawang (DAK),2023-05-24 00:00:00+00:00,Pemerintah Daerah Kabupaten Kubu Raya,CV. RIZQAN PUTRA PRATAMA,2923312491.71,2799882338.96,2,2,High Risk,0.883313,0.051365,0.065322,0.883313,0.440317,f_tender_value_zscore_buyer=4.2898 | f_supplier_recent_90d_award_count=4.0149 | f_buyer_supplier_repeat_count=3.6819,"Model mengklasifikasikan paket ini sebagai **High Risk** dengan probabilitas 100.00%.
Faktor yang paling memengaruhi prediksi adalah:
- F tender value zscore buyer bernilai 3.4567 dan meningkatkan skor risiko dengan kontribusi SHAP sekitar 4.2898.
- F supplier recent 90d award count bernilai 4 dan meningkatkan skor risiko dengan kontribusi SHAP sekitar 4.0149.
- Frekuensi hubungan buyer-supplier berulang bernilai 4 dan meningkatkan skor risiko dengan kontribusi SHAP sekitar 3.6819.",2,medium,Draft AI review: risiko didukung oleh lonjakan nilai tender relatif terhadap histori buyer dan lonjakan kemenangan supplier dalam 90 hari.,yes,3,yes,Draft AI review: penjelasan tampak cukup membantu untuk prioritisasi audit awal.,ai_prefill_draft,AI-assisted draft only. Human reviewers must verify/edit before treating as reviewed evidence.
70,test,77078,high_risk_probability,ocds-20h3g7-5055413,Rehab berat aula dan rumah dinas wakil bupati,2023-08-25 00:00:00+00:00,Pemerintah Daerah Kabupaten Sampang,CV. FORMULA,4725349654.1,4653769683.47,2,2,High Risk,0.882781,0.051994,0.065225,0.882781,0.441849,f_tender_value_zscore_buyer=4.0573 | f_supplier_recent_90d_award_count=3.9801 | f_buyer_supplier_repeat_count=3.6649,"Model mengklasifikasikan paket ini sebagai **High Risk** dengan probabilitas 100.00%.
Faktor yang paling memengaruhi prediksi adalah:
- F tender value zscore buyer bernilai 2.723 dan meningkatkan skor risiko dengan kontribusi SHAP sekitar 4.0573.
- F supplier recent 90d award count bernilai 3 dan meningkatkan skor risiko dengan kontribusi SHAP sekitar 3.9801.
- Frekuensi hubungan buyer-supplier berulang bernilai 3 dan meningkatkan skor risiko dengan kontribusi SHAP sekitar 3.6649.",2,medium,Draft AI review: risiko didukung oleh lonjakan nilai tender relatif terhadap histori buyer dan lonjakan kemenangan supplier dalam 90 hari.,yes,3,yes,Draft AI review: penjelasan tampak cukup membantu untuk prioritisasi audit awal.,ai_prefill_draft,AI-assisted draft only. Human reviewers must verify/edit before treating as reviewed evidence.
71,test,89740,high_risk_probability,ocds-20h3g7-46624047,"Reagensia untuk pengujian lab klinik, PA dan nukllir",2023-10-17 00:00:00+00:00,Kementerian Kesehatan,Trisprima Usahajaya,45090701780.16,5523017642.7,2,2,High Risk,0.882335,0.046982,0.070683,0.882335,0.441401,f_price_deviation_ratio=4.7501 | f_tender_value_log=4.0618 | f_is_q4=3.6343,"Model mengklasifikasikan paket ini sebagai **High Risk** dengan probabilitas 100.00%.
Faktor yang paling memengaruhi prediksi adalah:
- Rasio deviasi harga terhadap nilai tender bernilai 0.1225 dan meningkatkan skor risiko dengan kontribusi SHAP sekitar 4.7501.
- Nilai tender bernilai 24.5319 dan meningkatkan skor risiko dengan kontribusi SHAP sekitar 4.0618.
- Waktu publikasi pada kuartal iv bernilai 1 dan meningkatkan skor risiko dengan kontribusi SHAP sekitar 3.6343.",2,medium,Draft AI review: risiko didukung oleh deviasi harga tender-award dan nilai tender yang besar.,yes,3,yes,Draft AI review: penjelasan tampak cukup membantu untuk prioritisasi audit awal.,ai_prefill_draft,AI-assisted draft only. Human reviewers must verify/edit before treating as reviewed evidence.
72,test,31190,high_risk_probability,ocds-20h3g7-3024412,Pembangunan Rambin di Desa Rasau Kecamatan Torgamba,2023-05-19 00:00:00+00:00,Pemerintah Daerah Kabupaten Labuhan Batu Selatan,CV.Harbangan,3000000000.0,2993366000.0,2,2,High Risk,0.882283,0.050988,0.066729,0.882283,0.442892,f_tender_value_zscore_buyer=4.2947 | f_supplier_recent_90d_award_count=4.0824 | f_buyer_supplier_repeat_count=3.6632,"Model mengklasifikasikan paket ini sebagai **High Risk** dengan probabilitas 100.00%.
Faktor yang paling memengaruhi prediksi adalah:
- F tender value zscore buyer bernilai 2.5802 dan meningkatkan skor risiko dengan kontribusi SHAP sekitar 4.2947.
- F supplier recent 90d award count bernilai 3 dan meningkatkan skor risiko dengan kontribusi SHAP sekitar 4.0824.
- Frekuensi hubungan buyer-supplier berulang bernilai 3 dan meningkatkan skor risiko dengan kontribusi SHAP sekitar 3.6632.",2,medium,Draft AI review: risiko didukung oleh lonjakan nilai tender relatif terhadap histori buyer dan lonjakan kemenangan supplier dalam 90 hari.,yes,3,yes,Draft AI review: penjelasan tampak cukup membantu untuk prioritisasi audit awal.,ai_prefill_draft,AI-assisted draft only. Human reviewers must verify/edit before treating as reviewed evidence.
73,test,74116,high_risk_probability,ocds-20h3g7-6476421,PEMBANGUNAN DAN PENATAAN KAWASAN STRATEGIS EKONOMI,2023-08-14 00:00:00+00:00,Pemerintah Daerah Kabupaten Halmahera Selatan,PT. Cimendang Sakti Kontrakindo,84685768000.0,84016218506.92,2,2,High Risk,0.881754,0.046861,0.071385,0.881754,0.442817,f_tender_value_zscore_buyer=4.8974 | f_tender_value_log=4.3697 | f_supplier_recent_90d_award_count=3.6126,"Model mengklasifikasikan paket ini sebagai **High Risk** dengan probabilitas 100.00%.
Faktor yang paling memengaruhi prediksi adalah:
- F tender value zscore buyer bernilai 52.2572 dan meningkatkan skor risiko dengan kontribusi SHAP sekitar 4.8974.
- Nilai tender bernilai 25.1622 dan meningkatkan skor risiko dengan kontribusi SHAP sekitar 4.3697.
- F supplier recent 90d award count bernilai 3 dan meningkatkan skor risiko dengan kontribusi SHAP sekitar 3.6126.",2,medium,Draft AI review: risiko didukung oleh lonjakan nilai tender relatif terhadap histori buyer dan nilai tender yang besar.,yes,3,yes,Draft AI review: penjelasan tampak cukup membantu untuk prioritisasi audit awal.,ai_prefill_draft,AI-assisted draft only. Human reviewers must verify/edit before treating as reviewed evidence.
74,test,59329,high_risk_probability,ocds-20h3g7-6989628,Lanjutan Pembangunan gedung A RSUD Teuku Umar (DOKA),2023-07-04 00:00:00+00:00,Pemerintah Daerah Kabupaten Aceh Jaya,CV. UTOH BIT,2599690331.38,2562281614.28,2,2,High Risk,0.881719,0.050967,0.067314,0.881719,0.444339,f_tender_value_zscore_buyer=4.3503 | f_supplier_recent_90d_award_count=3.9306 | f_buyer_supplier_repeat_count=3.6577,"Model mengklasifikasikan paket ini sebagai **High Risk** dengan probabilitas 100.00%.
Faktor yang paling memengaruhi prediksi adalah:
- F tender value zscore buyer bernilai 12.2581 dan meningkatkan skor risiko dengan kontribusi SHAP sekitar 4.3503.
- F supplier recent 90d award count bernilai 4 dan meningkatkan skor risiko dengan kontribusi SHAP sekitar 3.9306.
- Frekuensi hubungan buyer-supplier berulang bernilai 2 dan meningkatkan skor risiko dengan kontribusi SHAP sekitar 3.6577.",2,medium,Draft AI review: risiko didukung oleh lonjakan nilai tender relatif terhadap histori buyer dan lonjakan kemenangan supplier dalam 90 hari.,yes,3,yes,Draft AI review: penjelasan tampak cukup membantu untuk prioritisasi audit awal.,ai_prefill_draft,AI-assisted draft only. Human reviewers must verify/edit before treating as reviewed evidence.
75,test,8769,high_risk_probability,ocds-20h3g7-1991399,Paket Kontraktual Survei Garis Pantai Prioritas Paket 2,2023-03-28 00:00:00+00:00,Badan Informasi Geospasial,PT. GEOTRAV BHUANA SURVEY,3110399498.0,2890530465.0,2,2,High Risk,0.881481,0.050468,0.068051,0.881481,0.444806,f_tender_value_zscore_buyer=4.2846 | f_supplier_recent_90d_award_count=4.0062 | f_buyer_supplier_repeat_count=3.6230,"Model mengklasifikasikan paket ini sebagai **High Risk** dengan probabilitas 100.00%.
Faktor yang paling memengaruhi prediksi adalah:
- F tender value zscore buyer bernilai 8.3973 dan meningkatkan skor risiko dengan kontribusi SHAP sekitar 4.2846.
- F supplier recent 90d award count bernilai 3 dan meningkatkan skor risiko dengan kontribusi SHAP sekitar 4.0062.
- Frekuensi hubungan buyer-supplier berulang bernilai 2 dan meningkatkan skor risiko dengan kontribusi SHAP sekitar 3.6230.",2,medium,Draft AI review: risiko didukung oleh lonjakan nilai tender relatif terhadap histori buyer dan lonjakan kemenangan supplier dalam 90 hari.,yes,3,yes,Draft AI review: penjelasan tampak cukup membantu untuk prioritisasi audit awal.,ai_prefill_draft,AI-assisted draft only. Human reviewers must verify/edit before treating as reviewed evidence.
76,test,91221,high_risk_probability,ocds-20h3g7-14148043,Lanjutan Pembangunan Drainase Maritam dan Sekitarnya,2023-10-25 00:00:00+00:00,Pemerintah Daerah Kabupaten Berau,Cemara Megah Persada,9763675000.0,9341789506.8,2,2,High Risk,0.881156,0.045064,0.07378,0.881156,0.443489,f_buyer_supplier_repeat_count=3.7710 | f_is_q4=3.6455 | f_tender_value_log=3.6199,"Model mengklasifikasikan paket ini sebagai **High Risk** dengan probabilitas 100.00%.
Faktor yang paling memengaruhi prediksi adalah:
- Frekuensi hubungan buyer-supplier berulang bernilai 6 dan meningkatkan skor risiko dengan kontribusi SHAP sekitar 3.7710.
- Waktu publikasi pada kuartal iv bernilai 1 dan meningkatkan skor risiko dengan kontribusi SHAP sekitar 3.6455.
- Nilai tender bernilai 23.0019 dan meningkatkan skor risiko dengan kontribusi SHAP sekitar 3.6199.",2,medium,Draft AI review: risiko didukung oleh hubungan buyer-supplier yang berulang dan timing akhir tahun anggaran.,yes,3,yes,Draft AI review: penjelasan tampak cukup membantu untuk prioritisasi audit awal.,ai_prefill_draft,AI-assisted draft only. Human reviewers must verify/edit before treating as reviewed evidence.
77,test,89223,high_risk_probability,ocds-20h3g7-3909675,Penataan Kawasan Lapangan SDN Mekarsari,2023-10-13 00:00:00+00:00,Pemerintah Daerah Kabupaten Musi Rawas Utara,CV. HADY KARYA,299900000.0,299868182.71,2,2,High Risk,0.881009,0.047884,0.071107,0.881009,0.445106,f_buyer_supplier_repeat_count=3.9327 | f_supplier_recent_90d_award_count=3.8451 | f_is_q4=3.7584,"Model mengklasifikasikan paket ini sebagai **High Risk** dengan probabilitas 100.00%.
Faktor yang paling memengaruhi prediksi adalah:
- Frekuensi hubungan buyer-supplier berulang bernilai 8 dan meningkatkan skor risiko dengan kontribusi SHAP sekitar 3.9327.
- F supplier recent 90d award count bernilai 3 dan meningkatkan skor risiko dengan kontribusi SHAP sekitar 3.8451.
- Waktu publikasi pada kuartal iv bernilai 1 dan meningkatkan skor risiko dengan kontribusi SHAP sekitar 3.7584.",2,medium,Draft AI review: risiko didukung oleh hubungan buyer-supplier yang berulang dan lonjakan kemenangan supplier dalam 90 hari.,yes,3,yes,Draft AI review: penjelasan tampak cukup membantu untuk prioritisasi audit awal.,ai_prefill_draft,AI-assisted draft only. Human reviewers must verify/edit before treating as reviewed evidence.
78,test,19739,high_risk_probability,ocds-20h3g7-1994399,"Pengadaan Perangkat Server, Storage dan Network",2023-04-18 00:00:00+00:00,Badan Informasi Geospasial,PT. MITRA SOLUSI INFOKOM,22184139000.0,8646369000.0,2,2,High Risk,0.88053,0.045079,0.074391,0.88053,0.445044,f_tender_value_zscore_buyer=4.5566 | f_price_deviation_ratio=4.4284 | f_tender_value_log=4.3666,"Model mengklasifikasikan paket ini sebagai **High Risk** dengan probabilitas 100.00%.
Faktor yang paling memengaruhi prediksi adalah:
- F tender value zscore buyer bernilai 20.5962 dan meningkatkan skor risiko dengan kontribusi SHAP sekitar 4.5566.
- Rasio deviasi harga terhadap nilai tender bernilai 0.3898 dan meningkatkan skor risiko dengan kontribusi SHAP sekitar 4.4284.
- Nilai tender bernilai 23.8226 dan meningkatkan skor risiko dengan kontribusi SHAP sekitar 4.3666.",2,medium,Draft AI review: risiko didukung oleh lonjakan nilai tender relatif terhadap histori buyer dan deviasi harga tender-award.,yes,3,yes,Draft AI review: penjelasan tampak cukup membantu untuk prioritisasi audit awal.,ai_prefill_draft,AI-assisted draft only. Human reviewers must verify/edit before treating as reviewed evidence.
79,test,27360,high_risk_probability,ocds-20h3g7-5042324,Peningkatan Jalan Raya Pulorejo (DAK),2023-05-12 00:00:00+00:00,Pemerintah Daerah Kota Mojokerto,cv. solusi,7660792000.0,6051646773.3,2,2,High Risk,0.880368,0.045807,0.073824,0.880368,0.445801,f_tender_value_zscore_buyer=4.7025 | f_tender_value_log=4.4584 | f_supplier_recent_90d_award_count=3.5386,"Model mengklasifikasikan paket ini sebagai **High Risk** dengan probabilitas 100.00%.
Faktor yang paling memengaruhi prediksi adalah:
- F tender value zscore buyer bernilai 4.1246 dan meningkatkan skor risiko dengan kontribusi SHAP sekitar 4.7025.
- Nilai tender bernilai 22.7594 dan meningkatkan skor risiko dengan kontribusi SHAP sekitar 4.4584.
- F supplier recent 90d award count bernilai 3 dan meningkatkan skor risiko dengan kontribusi SHAP sekitar 3.5386.",2,medium,Draft AI review: risiko didukung oleh lonjakan nilai tender relatif terhadap histori buyer dan nilai tender yang besar.,yes,3,yes,Draft AI review: penjelasan tampak cukup membantu untuk prioritisasi audit awal.,ai_prefill_draft,AI-assisted draft only. Human reviewers must verify/edit before treating as reviewed evidence.
80,test,91078,high_risk_probability,ocds-20h3g7-24812198,Rekonstruksi Jalan Poros Loleng - Tabalai,2023-10-25 00:00:00+00:00,Pemerintah Daerah Kabupaten Kutai Kartanegara,ZAKI PERKASA CIPTA,1661140000.0,1661121660.0,2,2,High Risk,0.880345,0.049355,0.0703,0.880345,0.447332,f_buyer_supplier_repeat_count=3.7244 | f_supplier_recent_90d_award_count=3.7098 | f_is_q4=3.6256,"Model mengklasifikasikan paket ini sebagai **High Risk** dengan probabilitas 100.00%.
Faktor yang paling memengaruhi prediksi adalah:
- Frekuensi hubungan buyer-supplier berulang bernilai 4 dan meningkatkan skor risiko dengan kontribusi SHAP sekitar 3.7244.
- F supplier recent 90d award count bernilai 4 dan meningkatkan skor risiko dengan kontribusi SHAP sekitar 3.7098.
- Waktu publikasi pada kuartal iv bernilai 1 dan meningkatkan skor risiko dengan kontribusi SHAP sekitar 3.6256.",2,medium,Draft AI review: risiko didukung oleh hubungan buyer-supplier yang berulang dan lonjakan kemenangan supplier dalam 90 hari.,yes,3,yes,Draft AI review: penjelasan tampak cukup membantu untuk prioritisasi audit awal.,ai_prefill_draft,AI-assisted draft only. Human reviewers must verify/edit before treating as reviewed evidence.
81,test,63937,high_risk_probability,ocds-20h3g7-7656058,Rehabilitasi Jalan Sukorejo-Klepu,2023-07-14 00:00:00+00:00,Pemerintah Daerah Kabupaten Pacitan,PT. SUMBER TIRTO BENING,7988336999.28,6772225911.94,2,2,High Risk,0.880333,0.045743,0.073924,0.880333,0.445858,f_tender_value_zscore_buyer=4.7429 | f_tender_value_log=4.3817 | f_supplier_recent_90d_award_count=3.6657,"Model mengklasifikasikan paket ini sebagai **High Risk** dengan probabilitas 100.00%.
Faktor yang paling memengaruhi prediksi adalah:
- F tender value zscore buyer bernilai 3.3091 dan meningkatkan skor risiko dengan kontribusi SHAP sekitar 4.7429.
- Nilai tender bernilai 22.8012 dan meningkatkan skor risiko dengan kontribusi SHAP sekitar 4.3817.
- F supplier recent 90d award count bernilai 3 dan meningkatkan skor risiko dengan kontribusi SHAP sekitar 3.6657.",2,medium,Draft AI review: risiko didukung oleh lonjakan nilai tender relatif terhadap histori buyer dan nilai tender yang besar.,yes,3,yes,Draft AI review: penjelasan tampak cukup membantu untuk prioritisasi audit awal.,ai_prefill_draft,AI-assisted draft only. Human reviewers must verify/edit before treating as reviewed evidence.
82,test,44616,high_risk_probability,ocds-20h3g7-4564674,Penanganan Long Segment Jalan Kobamar-Wokam,2023-06-09 00:00:00+00:00,Pemerintah Daerah Kabupaten Kepulauan Aru,PT. JOGLO MULTI AYU,18347271289.13,17740809391.61,2,2,High Risk,0.880273,0.046555,0.073172,0.880273,0.446384,f_tender_value_zscore_buyer=4.9019 | f_tender_value_log=4.4596 | f_supplier_recent_90d_award_count=3.5152,"Model mengklasifikasikan paket ini sebagai **High Risk** dengan probabilitas 100.00%.
Faktor yang paling memengaruhi prediksi adalah:
- F tender value zscore buyer bernilai 4.1518 dan meningkatkan skor risiko dengan kontribusi SHAP sekitar 4.9019.
- Nilai tender bernilai 23.6327 dan meningkatkan skor risiko dengan kontribusi SHAP sekitar 4.4596.
- F supplier recent 90d award count bernilai 7 dan meningkatkan skor risiko dengan kontribusi SHAP sekitar 3.5152.",2,medium,Draft AI review: risiko didukung oleh lonjakan nilai tender relatif terhadap histori buyer dan nilai tender yang besar.,yes,3,yes,Draft AI review: penjelasan tampak cukup membantu untuk prioritisasi audit awal.,ai_prefill_draft,AI-assisted draft only. Human reviewers must verify/edit before treating as reviewed evidence.
83,test,78891,high_risk_probability,ocds-20h3g7-3849675,Peningkatan Jalan Simpang Belani - Belani,2023-08-31 00:00:00+00:00,Pemerintah Daerah Kabupaten Musi Rawas Utara,CV. BERDIKARI,8999923322.9,8909827766.39,2,2,High Risk,0.880232,0.05273,0.067038,0.880232,0.448622,f_tender_value_zscore_buyer=4.2912 | f_tender_value_log=4.2901 | f_buyer_supplier_repeat_count=3.3062,"Model mengklasifikasikan paket ini sebagai **High Risk** dengan probabilitas 100.00%.
Faktor yang paling memengaruhi prediksi adalah:
- F tender value zscore buyer bernilai 3.741 dan meningkatkan skor risiko dengan kontribusi SHAP sekitar 4.2912.
- Nilai tender bernilai 22.9205 dan meningkatkan skor risiko dengan kontribusi SHAP sekitar 4.2901.
- Frekuensi hubungan buyer-supplier berulang bernilai 2 dan meningkatkan skor risiko dengan kontribusi SHAP sekitar 3.3062.",2,medium,Draft AI review: risiko didukung oleh lonjakan nilai tender relatif terhadap histori buyer dan nilai tender yang besar.,yes,3,yes,Draft AI review: penjelasan tampak cukup membantu untuk prioritisasi audit awal.,ai_prefill_draft,AI-assisted draft only. Human reviewers must verify/edit before treating as reviewed evidence.
84,test,90031,high_risk_probability,ocds-20h3g7-86518064,Pembangunan Pasar Dharmasraya Sumatera Barat,2023-10-18 00:00:00+00:00,Kementerian Pekerjaan Umum dan Perumahan Rakyat,PT. ADHI PERSADA GEDUNG,89558500000.0,84718000000.0,2,2,High Risk,0.880007,0.0445,0.075493,0.880007,0.446035,f_buyer_supplier_repeat_count=3.7052 | f_is_q4=3.5872 | f_tender_value_log=3.5690,"Model mengklasifikasikan paket ini sebagai **High Risk** dengan probabilitas 100.00%.
Faktor yang paling memengaruhi prediksi adalah:
- Frekuensi hubungan buyer-supplier berulang bernilai 3 dan meningkatkan skor risiko dengan kontribusi SHAP sekitar 3.7052.
- Waktu publikasi pada kuartal iv bernilai 1 dan meningkatkan skor risiko dengan kontribusi SHAP sekitar 3.5872.
- Nilai tender bernilai 25.2182 dan meningkatkan skor risiko dengan kontribusi SHAP sekitar 3.5690.",2,medium,Draft AI review: risiko didukung oleh hubungan buyer-supplier yang berulang dan timing akhir tahun anggaran.,yes,3,yes,Draft AI review: penjelasan tampak cukup membantu untuk prioritisasi audit awal.,ai_prefill_draft,AI-assisted draft only. Human reviewers must verify/edit before treating as reviewed evidence.
85,test,92987,high_risk_probability,ocds-20h3g7-39056011,Pemeliharaan Instalasi Plumbing dan Pembersihan Air Mancur,2023-12-08 18:30:00+00:00,Kementerian Sekretariat Negara,PT. BIOSIS MULTI JAYA,1444298867.61,1420750012.76,2,2,High Risk,0.879911,0.046938,0.073152,0.879911,0.447458,f_buyer_supplier_repeat_count=3.9896 | f_supplier_recent_90d_award_count=3.9117 | f_is_q4=3.5506,"Model mengklasifikasikan paket ini sebagai **High Risk** dengan probabilitas 100.00%.
Faktor yang paling memengaruhi prediksi adalah:
- Frekuensi hubungan buyer-supplier berulang bernilai 2 dan meningkatkan skor risiko dengan kontribusi SHAP sekitar 3.9896.
- F supplier recent 90d award count bernilai 3 dan meningkatkan skor risiko dengan kontribusi SHAP sekitar 3.9117.
- Waktu publikasi pada kuartal iv bernilai 1 dan meningkatkan skor risiko dengan kontribusi SHAP sekitar 3.5506.",2,medium,Draft AI review: risiko didukung oleh hubungan buyer-supplier yang berulang dan lonjakan kemenangan supplier dalam 90 hari.,yes,3,yes,Draft AI review: penjelasan tampak cukup membantu untuk prioritisasi audit awal.,ai_prefill_draft,AI-assisted draft only. Human reviewers must verify/edit before treating as reviewed evidence.
86,test,67080,high_risk_probability,ocds-20h3g7-4542390,Pembangunan Bangunan Atas Jembatan Rangka Baja Lubuk Belimbing I - Lubuk Belimbing II Kecamatan Sindang Beliti Ilir (BM-2),2023-07-24 00:00:00+00:00,Pemerintah Daerah Kabupaten Rejang Lebong,CV. FINSA BERSAUDARA,10099383000.0,9985824848.62,2,2,High Risk,0.87983,0.052628,0.067542,0.87983,0.44963,f_tender_value_zscore_buyer=4.7194 | f_tender_value_log=3.8409 | f_supplier_recent_90d_award_count=3.7231,"Model mengklasifikasikan paket ini sebagai **High Risk** dengan probabilitas 100.00%.
Faktor yang paling memengaruhi prediksi adalah:
- F tender value zscore buyer bernilai 17.0692 dan meningkatkan skor risiko dengan kontribusi SHAP sekitar 4.7194.
- Nilai tender bernilai 23.0357 dan meningkatkan skor risiko dengan kontribusi SHAP sekitar 3.8409.
- F supplier recent 90d award count bernilai 4 dan meningkatkan skor risiko dengan kontribusi SHAP sekitar 3.7231.",2,medium,Draft AI review: risiko didukung oleh lonjakan nilai tender relatif terhadap histori buyer dan nilai tender yang besar.,yes,3,yes,Draft AI review: penjelasan tampak cukup membantu untuk prioritisasi audit awal.,ai_prefill_draft,AI-assisted draft only. Human reviewers must verify/edit before treating as reviewed evidence.
87,test,49178,high_risk_probability,ocds-20h3g7-3083412,Pembangunan Gedung Fasilitas Layanan Perpustakaan Umum Kabupaten/Kota,2023-06-16 00:00:00+00:00,Pemerintah Daerah Kabupaten Labuhan Batu Selatan,CV. SYAHARANI BERSAUDARA,8902000000.0,8815370000.0,2,2,High Risk,0.87965,0.054058,0.066292,0.87965,0.450419,f_tender_value_zscore_buyer=4.7075 | f_tender_value_log=3.8649 | f_supplier_recent_90d_award_count=3.6753,"Model mengklasifikasikan paket ini sebagai **High Risk** dengan probabilitas 100.00%.
Faktor yang paling memengaruhi prediksi adalah:
- F tender value zscore buyer bernilai 9.2202 dan meningkatkan skor risiko dengan kontribusi SHAP sekitar 4.7075.
- Nilai tender bernilai 22.9095 dan meningkatkan skor risiko dengan kontribusi SHAP sekitar 3.8649.
- F supplier recent 90d award count bernilai 4 dan meningkatkan skor risiko dengan kontribusi SHAP sekitar 3.6753.",2,medium,Draft AI review: risiko didukung oleh lonjakan nilai tender relatif terhadap histori buyer dan nilai tender yang besar.,yes,3,yes,Draft AI review: penjelasan tampak cukup membantu untuk prioritisasi audit awal.,ai_prefill_draft,AI-assisted draft only. Human reviewers must verify/edit before treating as reviewed evidence.
88,test,90781,high_risk_probability,ocds-20h3g7-3834683,Pembangunan Gedung Transformasi Digital STMM,2023-10-23 00:00:00+00:00,Kementerian Komunikasi Dan Informatika,PT. ANUGERAH BANGUN KENCANA,91402808000.0,81299886413.07,2,2,High Risk,0.879171,0.045073,0.075756,0.879171,0.448386,f_tender_value_log=4.5138 | f_tender_value_zscore_buyer=4.3295 | f_is_q4=3.2218,"Model mengklasifikasikan paket ini sebagai **High Risk** dengan probabilitas 100.00%.
Faktor yang paling memengaruhi prediksi adalah:
- Nilai tender bernilai 25.2385 dan meningkatkan skor risiko dengan kontribusi SHAP sekitar 4.5138.
- F tender value zscore buyer bernilai 5.8697 dan meningkatkan skor risiko dengan kontribusi SHAP sekitar 4.3295.
- Waktu publikasi pada kuartal iv bernilai 1 dan meningkatkan skor risiko dengan kontribusi SHAP sekitar 3.2218.",2,medium,Draft AI review: risiko didukung oleh nilai tender yang besar dan lonjakan nilai tender relatif terhadap histori buyer.,yes,3,yes,Draft AI review: penjelasan tampak cukup membantu untuk prioritisasi audit awal.,ai_prefill_draft,AI-assisted draft only. Human reviewers must verify/edit before treating as reviewed evidence.
89,test,37404,high_risk_probability,ocds-20h3g7-85383064,Peningkatan Jalan Lingkar Timur Lumajang,2023-05-30 00:00:00+00:00,Kementerian Pekerjaan Umum dan Perumahan Rakyat,PT. CAHAYA INDAH MADYA PRATAMA,55440321663.0,44352261430.0,2,2,High Risk,0.87891,0.050857,0.070232,0.87891,0.451466,f_tender_value_log=3.8256 | f_buyer_supplier_repeat_count=3.6341 | f_supplier_recent_90d_award_count=3.6208,"Model mengklasifikasikan paket ini sebagai **High Risk** dengan probabilitas 100.00%.
Faktor yang paling memengaruhi prediksi adalah:
- Nilai tender bernilai 24.7386 dan meningkatkan skor risiko dengan kontribusi SHAP sekitar 3.8256.
- Frekuensi hubungan buyer-supplier berulang bernilai 4 dan meningkatkan skor risiko dengan kontribusi SHAP sekitar 3.6341.
- F supplier recent 90d award count bernilai 4 dan meningkatkan skor risiko dengan kontribusi SHAP sekitar 3.6208.",2,medium,Draft AI review: risiko didukung oleh nilai tender yang besar dan hubungan buyer-supplier yang berulang.,yes,3,yes,Draft AI review: penjelasan tampak cukup membantu untuk prioritisasi audit awal.,ai_prefill_draft,AI-assisted draft only. Human reviewers must verify/edit before treating as reviewed evidence.
90,test,89459,high_risk_probability,ocds-20h3g7-3913675,Pembangunan Ruang Guru SD NEGERI 2 KARYA MAKMUR,2023-10-13 00:00:00+00:00,Pemerintah Daerah Kabupaten Musi Rawas Utara,CV.DION,237000000.0,236606197.78,2,2,High Risk,0.878869,0.048902,0.072229,0.878869,0.450873,f_buyer_supplier_repeat_count=4.0014 | f_supplier_recent_90d_award_count=3.7767 | f_is_q4=3.7120,"Model mengklasifikasikan paket ini sebagai **High Risk** dengan probabilitas 100.00%.
Faktor yang paling memengaruhi prediksi adalah:
- Frekuensi hubungan buyer-supplier berulang bernilai 7 dan meningkatkan skor risiko dengan kontribusi SHAP sekitar 4.0014.
- F supplier recent 90d award count bernilai 4 dan meningkatkan skor risiko dengan kontribusi SHAP sekitar 3.7767.
- Waktu publikasi pada kuartal iv bernilai 1 dan meningkatkan skor risiko dengan kontribusi SHAP sekitar 3.7120.",2,medium,Draft AI review: risiko didukung oleh hubungan buyer-supplier yang berulang dan lonjakan kemenangan supplier dalam 90 hari.,yes,3,yes,Draft AI review: penjelasan tampak cukup membantu untuk prioritisasi audit awal.,ai_prefill_draft,AI-assisted draft only. Human reviewers must verify/edit before treating as reviewed evidence.
91,test,10065,high_risk_probability,ocds-20h3g7-12018415,Pemeliharaan Berkala Jalan Brangkal-Sembung (DAK),2023-03-29 00:00:00+00:00,Pemerintah Daerah Kabupaten Tuban,CV. BERLIAN,6785000000.0,6526896815.86,2,2,High Risk,0.87876,0.049764,0.071477,0.87876,0.451471,f_tender_value_zscore_buyer=4.3152 | f_tender_value_log=4.2930 | f_buyer_supplier_repeat_count=3.2855,"Model mengklasifikasikan paket ini sebagai **High Risk** dengan probabilitas 100.00%.
Faktor yang paling memengaruhi prediksi adalah:
- F tender value zscore buyer bernilai 3.2882 dan meningkatkan skor risiko dengan kontribusi SHAP sekitar 4.3152.
- Nilai tender bernilai 22.638 dan meningkatkan skor risiko dengan kontribusi SHAP sekitar 4.2930.
- Frekuensi hubungan buyer-supplier berulang bernilai 2 dan meningkatkan skor risiko dengan kontribusi SHAP sekitar 3.2855.",2,medium,Draft AI review: risiko didukung oleh lonjakan nilai tender relatif terhadap histori buyer dan nilai tender yang besar.,yes,3,yes,Draft AI review: penjelasan tampak cukup membantu untuk prioritisasi audit awal.,ai_prefill_draft,AI-assisted draft only. Human reviewers must verify/edit before treating as reviewed evidence.
92,test,46086,high_risk_probability,ocds-20h3g7-3788345,Peningkatan Jalan Lengkenat- Sepauk (DAK Non Tematik),2023-06-13 00:00:00+00:00,Pemerintah Daerah Kabupaten Sintang,CV. VELA MITRA PROPERTI,13484434000.0,13443069796.41,2,2,High Risk,0.878616,0.04874,0.072643,0.878616,0.451441,f_tender_value_zscore_buyer=4.9030 | f_tender_value_log=4.3798 | f_supplier_recent_90d_award_count=3.5472,"Model mengklasifikasikan paket ini sebagai **High Risk** dengan probabilitas 100.00%.
Faktor yang paling memengaruhi prediksi adalah:
- F tender value zscore buyer bernilai 15.8835 dan meningkatkan skor risiko dengan kontribusi SHAP sekitar 4.9030.
- Nilai tender bernilai 23.3248 dan meningkatkan skor risiko dengan kontribusi SHAP sekitar 4.3798.
- F supplier recent 90d award count bernilai 5 dan meningkatkan skor risiko dengan kontribusi SHAP sekitar 3.5472.",2,medium,Draft AI review: risiko didukung oleh lonjakan nilai tender relatif terhadap histori buyer dan nilai tender yang besar.,yes,3,yes,Draft AI review: penjelasan tampak cukup membantu untuk prioritisasi audit awal.,ai_prefill_draft,AI-assisted draft only. Human reviewers must verify/edit before treating as reviewed evidence.
93,test,57418,high_risk_probability,ocds-20h3g7-2861729,Pembangunan Saluran Dalam Kota Weda U/ditch,2023-06-28 00:00:00+00:00,Pemerintah Daerah Kabupaten Halmahera Tengah,CV. TIGA PUTRA KONSTRUKSI,5999899061.49,5983609811.49,2,2,High Risk,0.878497,0.048896,0.072607,0.878497,0.451799,f_tender_value_zscore_buyer=4.8952 | f_tender_value_log=4.3827 | f_supplier_recent_90d_award_count=3.6476,"Model mengklasifikasikan paket ini sebagai **High Risk** dengan probabilitas 100.00%.
Faktor yang paling memengaruhi prediksi adalah:
- F tender value zscore buyer bernilai 8.6215 dan meningkatkan skor risiko dengan kontribusi SHAP sekitar 4.8952.
- Nilai tender bernilai 22.515 dan meningkatkan skor risiko dengan kontribusi SHAP sekitar 4.3827.
- F supplier recent 90d award count bernilai 9 dan meningkatkan skor risiko dengan kontribusi SHAP sekitar 3.6476.",2,medium,Draft AI review: risiko didukung oleh lonjakan nilai tender relatif terhadap histori buyer dan nilai tender yang besar.,yes,3,yes,Draft AI review: penjelasan tampak cukup membantu untuk prioritisasi audit awal.,ai_prefill_draft,AI-assisted draft only. Human reviewers must verify/edit before treating as reviewed evidence.
94,test,54321,high_risk_probability,ocds-20h3g7-3382317,Peningkatan Jalan Kodeco - Teluk kepayang (Lanjutan),2023-06-23 00:00:00+00:00,Pemerintah Daerah Kabupaten Tanah Bumbu,CV. LUMINTU ABADI JAYA,12799300000.0,12555020449.24,2,2,High Risk,0.878494,0.052648,0.068859,0.878494,0.453053,f_tender_value_zscore_buyer=4.3576 | f_tender_value_log=4.2793 | f_buyer_supplier_repeat_count=3.2842,"Model mengklasifikasikan paket ini sebagai **High Risk** dengan probabilitas 100.00%.
Faktor yang paling memengaruhi prediksi adalah:
- F tender value zscore buyer bernilai 9.8714 dan meningkatkan skor risiko dengan kontribusi SHAP sekitar 4.3576.
- Nilai tender bernilai 23.2727 dan meningkatkan skor risiko dengan kontribusi SHAP sekitar 4.2793.
- Frekuensi hubungan buyer-supplier berulang bernilai 2 dan meningkatkan skor risiko dengan kontribusi SHAP sekitar 3.2842.",2,medium,Draft AI review: risiko didukung oleh lonjakan nilai tender relatif terhadap histori buyer dan nilai tender yang besar.,yes,3,yes,Draft AI review: penjelasan tampak cukup membantu untuk prioritisasi audit awal.,ai_prefill_draft,AI-assisted draft only. Human reviewers must verify/edit before treating as reviewed evidence.
95,test,51631,high_risk_probability,ocds-20h3g7-9572107,Lanjutan Pembangunan Jembatan Rangka Baja Sungai Lematang Kecamatan Empat Petulai Dangku (BANGUB),2023-06-20 00:00:00+00:00,Pemerintah Daerah Kabupaten Muara Enim,CV. JAYA SAKTI,14998200000.0,14590325000.0,2,2,High Risk,0.878227,0.053377,0.068396,0.878227,0.453921,f_tender_value_zscore_buyer=4.7158 | f_tender_value_log=3.8888 | f_supplier_recent_90d_award_count=3.6611,"Model mengklasifikasikan paket ini sebagai **High Risk** dengan probabilitas 100.00%.
Faktor yang paling memengaruhi prediksi adalah:
- F tender value zscore buyer bernilai 8.4239 dan meningkatkan skor risiko dengan kontribusi SHAP sekitar 4.7158.
- Nilai tender bernilai 23.4312 dan meningkatkan skor risiko dengan kontribusi SHAP sekitar 3.8888.
- F supplier recent 90d award count bernilai 3 dan meningkatkan skor risiko dengan kontribusi SHAP sekitar 3.6611.",2,medium,Draft AI review: risiko didukung oleh lonjakan nilai tender relatif terhadap histori buyer dan nilai tender yang besar.,yes,3,yes,Draft AI review: penjelasan tampak cukup membantu untuk prioritisasi audit awal.,ai_prefill_draft,AI-assisted draft only. Human reviewers must verify/edit before treating as reviewed evidence.
96,test,23802,high_risk_probability,ocds-20h3g7-3259483,Rekonstruksi Jalan Dalam Kota Pangkoh Kec. Pandih Batu,2023-05-05 00:00:00+00:00,Pemerintah Daerah Kabupaten Pulang Pisau,CV. EKATAMA PRIMA KONSTRUKSI,6355000000.0,6246815532.13,2,2,High Risk,0.878206,0.050911,0.070882,0.878206,0.45326,f_tender_value_zscore_buyer=4.2921 | f_tender_value_log=4.1269 | f_buyer_supplier_repeat_count=3.3364,"Model mengklasifikasikan paket ini sebagai **High Risk** dengan probabilitas 100.00%.
Faktor yang paling memengaruhi prediksi adalah:
- F tender value zscore buyer bernilai 6.6514 dan meningkatkan skor risiko dengan kontribusi SHAP sekitar 4.2921.
- Nilai tender bernilai 22.5725 dan meningkatkan skor risiko dengan kontribusi SHAP sekitar 4.1269.
- Frekuensi hubungan buyer-supplier berulang bernilai 2 dan meningkatkan skor risiko dengan kontribusi SHAP sekitar 3.3364.",2,medium,Draft AI review: risiko didukung oleh lonjakan nilai tender relatif terhadap histori buyer dan nilai tender yang besar.,yes,3,yes,Draft AI review: penjelasan tampak cukup membantu untuk prioritisasi audit awal.,ai_prefill_draft,AI-assisted draft only. Human reviewers must verify/edit before treating as reviewed evidence.
97,test,91776,high_risk_probability,ocds-20h3g7-7386052,Pembangunan Mess Pegawai Kejaksaan Negeri Paser (Tahap 2),2023-10-30 00:00:00+00:00,Pemerintah Daerah Kabupaten Paser,CV. Ria Bakti,455330000.0,452590660.72,2,2,High Risk,0.878111,0.049431,0.072458,0.878111,0.45297,f_buyer_supplier_repeat_count=3.9650 | f_supplier_recent_90d_award_count=3.7978 | f_is_q4=3.7714,"Model mengklasifikasikan paket ini sebagai **High Risk** dengan probabilitas 100.00%.
Faktor yang paling memengaruhi prediksi adalah:
- Frekuensi hubungan buyer-supplier berulang bernilai 8 dan meningkatkan skor risiko dengan kontribusi SHAP sekitar 3.9650.
- F supplier recent 90d award count bernilai 3 dan meningkatkan skor risiko dengan kontribusi SHAP sekitar 3.7978.
- Waktu publikasi pada kuartal iv bernilai 1 dan meningkatkan skor risiko dengan kontribusi SHAP sekitar 3.7714.",2,medium,Draft AI review: risiko didukung oleh hubungan buyer-supplier yang berulang dan lonjakan kemenangan supplier dalam 90 hari.,yes,3,yes,Draft AI review: penjelasan tampak cukup membantu untuk prioritisasi audit awal.,ai_prefill_draft,AI-assisted draft only. Human reviewers must verify/edit before treating as reviewed evidence.
98,test,92995,high_risk_probability,ocds-20h3g7-39055011,Pemeliharaan Instalasi Listrik dan Tata Cahaya,2023-12-11 15:00:00+00:00,Kementerian Sekretariat Negara,PT. BIOSIS MULTI JAYA,1130330301.57,1123672015.76,2,2,High Risk,0.878024,0.047352,0.074624,0.878024,0.452317,f_buyer_supplier_repeat_count=3.9943 | f_supplier_recent_90d_award_count=3.9072 | f_is_q4=3.5440,"Model mengklasifikasikan paket ini sebagai **High Risk** dengan probabilitas 100.00%.
Faktor yang paling memengaruhi prediksi adalah:
- Frekuensi hubungan buyer-supplier berulang bernilai 3 dan meningkatkan skor risiko dengan kontribusi SHAP sekitar 3.9943.
- F supplier recent 90d award count bernilai 4 dan meningkatkan skor risiko dengan kontribusi SHAP sekitar 3.9072.
- Waktu publikasi pada kuartal iv bernilai 1 dan meningkatkan skor risiko dengan kontribusi SHAP sekitar 3.5440.",2,medium,Draft AI review: risiko didukung oleh hubungan buyer-supplier yang berulang dan lonjakan kemenangan supplier dalam 90 hari.,yes,3,yes,Draft AI review: penjelasan tampak cukup membantu untuk prioritisasi audit awal.,ai_prefill_draft,AI-assisted draft only. Human reviewers must verify/edit before treating as reviewed evidence.
99,test,91458,high_risk_probability,ocds-20h3g7-9881107,Pembuatan Sumur Bor + SR RT 10b Desa Tegal Rejo,2023-10-27 00:00:00+00:00,Pemerintah Daerah Kabupaten Muara Enim,CV. GENTAM GEMURUH,499385000.0,492787203.04,2,2,High Risk,0.87801,0.049605,0.072385,0.87801,0.45329,f_buyer_supplier_repeat_count=3.9930 | f_is_q4=3.7858 | f_supplier_recent_90d_award_count=3.6601,"Model mengklasifikasikan paket ini sebagai **High Risk** dengan probabilitas 100.00%.
Faktor yang paling memengaruhi prediksi adalah:
- Frekuensi hubungan buyer-supplier berulang bernilai 7 dan meningkatkan skor risiko dengan kontribusi SHAP sekitar 3.9930.
- Waktu publikasi pada kuartal iv bernilai 1 dan meningkatkan skor risiko dengan kontribusi SHAP sekitar 3.7858.
- F supplier recent 90d award count bernilai 3 dan meningkatkan skor risiko dengan kontribusi SHAP sekitar 3.6601.",2,medium,Draft AI review: risiko didukung oleh hubungan buyer-supplier yang berulang dan timing akhir tahun anggaran.,yes,3,yes,Draft AI review: penjelasan tampak cukup membantu untuk prioritisasi audit awal.,ai_prefill_draft,AI-assisted draft only. Human reviewers must verify/edit before treating as reviewed evidence.
100,test,55839,high_risk_probability,ocds-20h3g7-85825064,Peningkatan Jalan Tetaf - Sp. Niki-Niki,2023-06-26 00:00:00+00:00,Kementerian Pekerjaan Umum dan Perumahan Rakyat,PT. PUBAGOT JAYA ABADI,48600000000.0,42720000000.0,2,2,High Risk,0.877927,0.05152,0.070554,0.877927,0.45416,f_tender_value_log=3.8320 | f_buyer_supplier_repeat_count=3.6385 | f_supplier_recent_90d_award_count=3.5852,"Model mengklasifikasikan paket ini sebagai **High Risk** dengan probabilitas 100.00%.
Faktor yang paling memengaruhi prediksi adalah:
- Nilai tender bernilai 24.6069 dan meningkatkan skor risiko dengan kontribusi SHAP sekitar 3.8320.
- Frekuensi hubungan buyer-supplier berulang bernilai 2 dan meningkatkan skor risiko dengan kontribusi SHAP sekitar 3.6385.
- F supplier recent 90d award count bernilai 3 dan meningkatkan skor risiko dengan kontribusi SHAP sekitar 3.5852.",2,medium,Draft AI review: risiko didukung oleh nilai tender yang besar dan hubungan buyer-supplier yang berulang.,yes,3,yes,Draft AI review: penjelasan tampak cukup membantu untuk prioritisasi audit awal.,ai_prefill_draft,AI-assisted draft only. Human reviewers must verify/edit before treating as reviewed evidence.
101,test,89319,high_risk_probability,ocds-20h3g7-9710290,Rehab Tanggul Ds. Tungkal I Kec. Tungkal Ilir,2023-10-13 00:00:00+00:00,Pemerintah Daerah Kabupaten Tanjung Jabung Barat,CV. RAHMAT,355920459.38,352565040.38,2,2,High Risk,0.877741,0.048599,0.073659,0.877741,0.453558,f_buyer_supplier_repeat_count=4.0332 | f_supplier_recent_90d_award_count=3.7238 | f_is_q4=3.6927,"Model mengklasifikasikan paket ini sebagai **High Risk** dengan probabilitas 100.00%.
Faktor yang paling memengaruhi prediksi adalah:
- Frekuensi hubungan buyer-supplier berulang bernilai 7 dan meningkatkan skor risiko dengan kontribusi SHAP sekitar 4.0332.
- F supplier recent 90d award count bernilai 3 dan meningkatkan skor risiko dengan kontribusi SHAP sekitar 3.7238.
- Waktu publikasi pada kuartal iv bernilai 1 dan meningkatkan skor risiko dengan kontribusi SHAP sekitar 3.6927.",2,medium,Draft AI review: risiko didukung oleh hubungan buyer-supplier yang berulang dan lonjakan kemenangan supplier dalam 90 hari.,yes,3,yes,Draft AI review: penjelasan tampak cukup membantu untuk prioritisasi audit awal.,ai_prefill_draft,AI-assisted draft only. Human reviewers must verify/edit before treating as reviewed evidence.
102,test,32527,high_risk_probability,ocds-20h3g7-4996513,Pemeliharaan Rutin Jalan Kecamatan Bebandem dan Selat,2023-05-23 00:00:00+00:00,Pemerintah Daerah Kabupaten Karangasem,CV. SUMBER JADI,3999655683.82,3778055107.89,2,2,High Risk,0.877661,0.05419,0.068149,0.877661,0.455561,f_tender_value_zscore_buyer=4.2456 | f_supplier_recent_90d_award_count=4.1266 | f_buyer_supplier_repeat_count=3.5325,"Model mengklasifikasikan paket ini sebagai **High Risk** dengan probabilitas 100.00%.
Faktor yang paling memengaruhi prediksi adalah:
- F tender value zscore buyer bernilai 2.4131 dan meningkatkan skor risiko dengan kontribusi SHAP sekitar 4.2456.
- F supplier recent 90d award count bernilai 3 dan meningkatkan skor risiko dengan kontribusi SHAP sekitar 4.1266.
- Frekuensi hubungan buyer-supplier berulang bernilai 2 dan meningkatkan skor risiko dengan kontribusi SHAP sekitar 3.5325.",2,medium,Draft AI review: risiko didukung oleh lonjakan nilai tender relatif terhadap histori buyer dan lonjakan kemenangan supplier dalam 90 hari.,yes,3,yes,Draft AI review: penjelasan tampak cukup membantu untuk prioritisasi audit awal.,ai_prefill_draft,AI-assisted draft only. Human reviewers must verify/edit before treating as reviewed evidence.
103,test,90154,high_risk_probability,ocds-20h3g7-14114043,Peningkatan Jaringan Irigasi di Suka Murya,2023-10-19 00:00:00+00:00,Pemerintah Daerah Kabupaten Berau,CV. Mulia Feli Konstruksi,9962560000.0,9768954162.64,2,2,High Risk,0.877572,0.04759,0.074838,0.877572,0.453538,f_buyer_supplier_repeat_count=3.7422 | f_is_q4=3.6438 | f_tender_value_log=3.4964,"Model mengklasifikasikan paket ini sebagai **High Risk** dengan probabilitas 100.00%.
Faktor yang paling memengaruhi prediksi adalah:
- Frekuensi hubungan buyer-supplier berulang bernilai 4 dan meningkatkan skor risiko dengan kontribusi SHAP sekitar 3.7422.
- Waktu publikasi pada kuartal iv bernilai 1 dan meningkatkan skor risiko dengan kontribusi SHAP sekitar 3.6438.
- Nilai tender bernilai 23.0221 dan meningkatkan skor risiko dengan kontribusi SHAP sekitar 3.4964.",2,medium,Draft AI review: risiko didukung oleh hubungan buyer-supplier yang berulang dan timing akhir tahun anggaran.,yes,3,yes,Draft AI review: penjelasan tampak cukup membantu untuk prioritisasi audit awal.,ai_prefill_draft,AI-assisted draft only. Human reviewers must verify/edit before treating as reviewed evidence.
104,test,93023,high_risk_probability,ocds-20h3g7-39120011,Pemeliharaan Kebersihan RJA Kemayoran,2023-12-18 16:00:00+00:00,Kementerian Sekretariat Negara,PT. SEKAIICHI DWIPUTRA,3597092296.43,3123093002.74,2,2,High Risk,0.877482,0.047381,0.075137,0.877482,0.453663,f_supplier_recent_90d_award_count=3.8852 | f_buyer_supplier_repeat_count=3.8360 | f_is_q4=3.6287,"Model mengklasifikasikan paket ini sebagai **High Risk** dengan probabilitas 100.00%.
Faktor yang paling memengaruhi prediksi adalah:
- F supplier recent 90d award count bernilai 3 dan meningkatkan skor risiko dengan kontribusi SHAP sekitar 3.8852.
- Frekuensi hubungan buyer-supplier berulang bernilai 3 dan meningkatkan skor risiko dengan kontribusi SHAP sekitar 3.8360.
- Waktu publikasi pada kuartal iv bernilai 1 dan meningkatkan skor risiko dengan kontribusi SHAP sekitar 3.6287.",2,medium,Draft AI review: risiko didukung oleh lonjakan kemenangan supplier dalam 90 hari dan hubungan buyer-supplier yang berulang.,yes,3,yes,Draft AI review: penjelasan tampak cukup membantu untuk prioritisasi audit awal.,ai_prefill_draft,AI-assisted draft only. Human reviewers must verify/edit before treating as reviewed evidence.
105,test,76656,high_risk_probability,ocds-20h3g7-3409321,Konstruksi Keg. Pembangunan Kantor BPKD Malinau,2023-08-23 00:00:00+00:00,Pemerintah Daerah Kabupaten Malinau,CV. MUTIARA DHAMMA,11106654000.0,10721401153.34,2,2,High Risk,0.877435,0.053105,0.06946,0.877435,0.455866,f_tender_value_zscore_buyer=4.3214 | f_tender_value_log=4.2862 | f_buyer_supplier_repeat_count=3.2697,"Model mengklasifikasikan paket ini sebagai **High Risk** dengan probabilitas 100.00%.
Faktor yang paling memengaruhi prediksi adalah:
- F tender value zscore buyer bernilai 3.4824 dan meningkatkan skor risiko dengan kontribusi SHAP sekitar 4.3214.
- Nilai tender bernilai 23.1308 dan meningkatkan skor risiko dengan kontribusi SHAP sekitar 4.2862.
- Frekuensi hubungan buyer-supplier berulang bernilai 3 dan meningkatkan skor risiko dengan kontribusi SHAP sekitar 3.2697.",2,medium,Draft AI review: risiko didukung oleh lonjakan nilai tender relatif terhadap histori buyer dan nilai tender yang besar.,yes,3,yes,Draft AI review: penjelasan tampak cukup membantu untuk prioritisasi audit awal.,ai_prefill_draft,AI-assisted draft only. Human reviewers must verify/edit before treating as reviewed evidence.
106,test,56677,high_risk_probability,ocds-20h3g7-3676299,Belanja Modal Pembangunan Interior MPP Tahap 3,2023-06-27 00:00:00+00:00,Pemerintah Daerah Kota Cimahi,CV.Sinar Terang,7927530813.17,7023780000.0,2,2,High Risk,0.877245,0.0456,0.077155,0.877245,0.453363,f_tender_value_zscore_buyer=4.8942 | f_tender_value_log=4.4841 | f_supplier_recent_90d_award_count=3.4628,"Model mengklasifikasikan paket ini sebagai **High Risk** dengan probabilitas 100.00%.
Faktor yang paling memengaruhi prediksi adalah:
- F tender value zscore buyer bernilai 6.2263 dan meningkatkan skor risiko dengan kontribusi SHAP sekitar 4.8942.
- Nilai tender bernilai 22.7936 dan meningkatkan skor risiko dengan kontribusi SHAP sekitar 4.4841.
- F supplier recent 90d award count bernilai 3 dan meningkatkan skor risiko dengan kontribusi SHAP sekitar 3.4628.",2,medium,Draft AI review: risiko didukung oleh lonjakan nilai tender relatif terhadap histori buyer dan nilai tender yang besar.,yes,3,yes,Draft AI review: penjelasan tampak cukup membantu untuk prioritisasi audit awal.,ai_prefill_draft,AI-assisted draft only. Human reviewers must verify/edit before treating as reviewed evidence.
107,test,27507,high_risk_probability,ocds-20h3g7-56777127,",Rehab Total Gedung Sekolah Paket 2",2023-05-12 00:00:00+00:00,Pemerintah Daerah Provinsi DKI Jakarta,PT BRANTAS ABIPRAYA (Persero),203759703000.0,197500000000.0,2,2,High Risk,0.877221,0.049304,0.073475,0.877221,0.455136,f_tender_value_zscore_buyer=4.8034 | f_tender_value_log=4.3375 | f_supplier_recent_90d_award_count=3.6439,"Model mengklasifikasikan paket ini sebagai **High Risk** dengan probabilitas 100.00%.
Faktor yang paling memengaruhi prediksi adalah:
- F tender value zscore buyer bernilai 13.7512 dan meningkatkan skor risiko dengan kontribusi SHAP sekitar 4.8034.
- Nilai tender bernilai 26.0402 dan meningkatkan skor risiko dengan kontribusi SHAP sekitar 4.3375.
- F supplier recent 90d award count bernilai 7 dan meningkatkan skor risiko dengan kontribusi SHAP sekitar 3.6439.",2,medium,Draft AI review: risiko didukung oleh lonjakan nilai tender relatif terhadap histori buyer dan nilai tender yang besar.,yes,3,yes,Draft AI review: penjelasan tampak cukup membantu untuk prioritisasi audit awal.,ai_prefill_draft,AI-assisted draft only. Human reviewers must verify/edit before treating as reviewed evidence.
108,test,91850,high_risk_probability,ocds-20h3g7-3098729,Peningkatan Jalan Lapen ke Hot Mix Ruas jalan Sif-Loman,2023-10-30 00:00:00+00:00,Pemerintah Daerah Kabupaten Halmahera Tengah,CV.BALAP GARDA PERJUANGAN,11250000000.0,11092545060.78,2,2,High Risk,0.877134,0.047461,0.075405,0.877134,0.454555,f_tender_value_log=4.3911 | f_tender_value_zscore_buyer=4.3514 | f_is_q4=3.3309,"Model mengklasifikasikan paket ini sebagai **High Risk** dengan probabilitas 100.00%.
Faktor yang paling memengaruhi prediksi adalah:
- Nilai tender bernilai 23.1436 dan meningkatkan skor risiko dengan kontribusi SHAP sekitar 4.3911.
- F tender value zscore buyer bernilai 8.8682 dan meningkatkan skor risiko dengan kontribusi SHAP sekitar 4.3514.
- Waktu publikasi pada kuartal iv bernilai 1 dan meningkatkan skor risiko dengan kontribusi SHAP sekitar 3.3309.",2,medium,Draft AI review: risiko didukung oleh nilai tender yang besar dan lonjakan nilai tender relatif terhadap histori buyer.,yes,3,yes,Draft AI review: penjelasan tampak cukup membantu untuk prioritisasi audit awal.,ai_prefill_draft,AI-assisted draft only. Human reviewers must verify/edit before treating as reviewed evidence.
109,test,90254,high_risk_probability,ocds-20h3g7-6589059,Pemeliharaan Jalan Basuki Rahmad - Hikun,2023-10-20 00:00:00+00:00,Pemerintah Daerah Kabupaten Tabalong,CV. DO'A ORANG TUA,4999980477.67,4699697585.14,2,2,High Risk,0.876998,0.051678,0.071324,0.876998,0.456547,f_supplier_recent_90d_award_count=3.5193 | f_buyer_supplier_repeat_count=3.3995 | f_is_q4=3.3017,"Model mengklasifikasikan paket ini sebagai **High Risk** dengan probabilitas 100.00%.
Faktor yang paling memengaruhi prediksi adalah:
- F supplier recent 90d award count bernilai 4 dan meningkatkan skor risiko dengan kontribusi SHAP sekitar 3.5193.
- Frekuensi hubungan buyer-supplier berulang bernilai 5 dan meningkatkan skor risiko dengan kontribusi SHAP sekitar 3.3995.
- Waktu publikasi pada kuartal iv bernilai 1 dan meningkatkan skor risiko dengan kontribusi SHAP sekitar 3.3017.",2,medium,Draft AI review: risiko didukung oleh lonjakan kemenangan supplier dalam 90 hari dan hubungan buyer-supplier yang berulang.,yes,3,yes,Draft AI review: penjelasan tampak cukup membantu untuk prioritisasi audit awal.,ai_prefill_draft,AI-assisted draft only. Human reviewers must verify/edit before treating as reviewed evidence.
110,test,72304,high_risk_probability,ocds-20h3g7-86096064,PATIMBAN ACCESS TOLL ROAD CONSTRUCTION PROJECT PACKAGE 2,2023-08-08 00:00:00+00:00,Kementerian Pekerjaan Umum dan Perumahan Rakyat,PT. WASKITA KARYA (PERSERO) Tbk,884106778000.0,873537839596.98,2,2,High Risk,0.87697,0.052088,0.070943,0.87697,0.456747,f_tender_value_log=4.2458 | f_tender_value_zscore_buyer=4.1823 | f_buyer_supplier_repeat_count=3.3484,"Model mengklasifikasikan paket ini sebagai **High Risk** dengan probabilitas 100.00%.
Faktor yang paling memengaruhi prediksi adalah:
- Nilai tender bernilai 27.5078 dan meningkatkan skor risiko dengan kontribusi SHAP sekitar 4.2458.
- F tender value zscore buyer bernilai 4.9575 dan meningkatkan skor risiko dengan kontribusi SHAP sekitar 4.1823.
- Frekuensi hubungan buyer-supplier berulang bernilai 2 dan meningkatkan skor risiko dengan kontribusi SHAP sekitar 3.3484.",2,medium,Draft AI review: risiko didukung oleh nilai tender yang besar dan lonjakan nilai tender relatif terhadap histori buyer.,yes,3,yes,Draft AI review: penjelasan tampak cukup membantu untuk prioritisasi audit awal.,ai_prefill_draft,AI-assisted draft only. Human reviewers must verify/edit before treating as reviewed evidence.
111,test,72305,high_risk_probability,ocds-20h3g7-86095064,PATIMBAN ACCESS TOLL ROAD CONSTRUCTION PROJECT PACKAGE 1,2023-08-08 00:00:00+00:00,Kementerian Pekerjaan Umum dan Perumahan Rakyat,PT. Pembangunan Perumahan (Persero)  Tbk,1017986433000.0,1006142314133.47,2,2,High Risk,0.87697,0.052088,0.070943,0.87697,0.456747,f_tender_value_log=4.2458 | f_tender_value_zscore_buyer=4.1823 | f_buyer_supplier_repeat_count=3.3484,"Model mengklasifikasikan paket ini sebagai **High Risk** dengan probabilitas 100.00%.
Faktor yang paling memengaruhi prediksi adalah:
- Nilai tender bernilai 27.6488 dan meningkatkan skor risiko dengan kontribusi SHAP sekitar 4.2458.
- F tender value zscore buyer bernilai 5.6723 dan meningkatkan skor risiko dengan kontribusi SHAP sekitar 4.1823.
- Frekuensi hubungan buyer-supplier berulang bernilai 2 dan meningkatkan skor risiko dengan kontribusi SHAP sekitar 3.3484.",2,medium,Draft AI review: risiko didukung oleh nilai tender yang besar dan lonjakan nilai tender relatif terhadap histori buyer.,yes,3,yes,Draft AI review: penjelasan tampak cukup membantu untuk prioritisasi audit awal.,ai_prefill_draft,AI-assisted draft only. Human reviewers must verify/edit before treating as reviewed evidence.
112,test,91933,high_risk_probability,ocds-20h3g7-9938107,Pembangunan Irigasi Ataran Sawah Lebar Desa Babatan,2023-10-31 00:00:00+00:00,Pemerintah Daerah Kabupaten Muara Enim,CV. RADAR KONSTRUKSI,499500000.0,481598489.56,2,2,High Risk,0.876908,0.049096,0.073996,0.876908,0.455826,f_buyer_supplier_repeat_count=3.9019 | f_is_q4=3.7727 | f_supplier_recent_90d_award_count=3.7421,"Model mengklasifikasikan paket ini sebagai **High Risk** dengan probabilitas 100.00%.
Faktor yang paling memengaruhi prediksi adalah:
- Frekuensi hubungan buyer-supplier berulang bernilai 3 dan meningkatkan skor risiko dengan kontribusi SHAP sekitar 3.9019.
- Waktu publikasi pada kuartal iv bernilai 1 dan meningkatkan skor risiko dengan kontribusi SHAP sekitar 3.7727.
- F supplier recent 90d award count bernilai 3 dan meningkatkan skor risiko dengan kontribusi SHAP sekitar 3.7421.",2,medium,Draft AI review: risiko didukung oleh hubungan buyer-supplier yang berulang dan timing akhir tahun anggaran.,yes,3,yes,Draft AI review: penjelasan tampak cukup membantu untuk prioritisasi audit awal.,ai_prefill_draft,AI-assisted draft only. Human reviewers must verify/edit before treating as reviewed evidence.
113,test,88862,high_risk_probability,ocds-20h3g7-14077043,Lanjutan Pembangunan Jalan Mantartip - Buyung-Buyung,2023-10-10 00:00:00+00:00,Pemerintah Daerah Kabupaten Berau,PT. Tirta Darma Segah,18508048572.0,18289000000.0,2,2,High Risk,0.876821,0.047904,0.075275,0.876821,0.455526,f_buyer_supplier_repeat_count=3.7391 | f_is_q4=3.6634 | f_tender_value_log=3.5155,"Model mengklasifikasikan paket ini sebagai **High Risk** dengan probabilitas 100.00%.
Faktor yang paling memengaruhi prediksi adalah:
- Frekuensi hubungan buyer-supplier berulang bernilai 2 dan meningkatkan skor risiko dengan kontribusi SHAP sekitar 3.7391.
- Waktu publikasi pada kuartal iv bernilai 1 dan meningkatkan skor risiko dengan kontribusi SHAP sekitar 3.6634.
- Nilai tender bernilai 23.6415 dan meningkatkan skor risiko dengan kontribusi SHAP sekitar 3.5155.",2,medium,Draft AI review: risiko didukung oleh hubungan buyer-supplier yang berulang dan timing akhir tahun anggaran.,yes,3,yes,Draft AI review: penjelasan tampak cukup membantu untuk prioritisasi audit awal.,ai_prefill_draft,AI-assisted draft only. Human reviewers must verify/edit before treating as reviewed evidence.
114,test,91591,high_risk_probability,ocds-20h3g7-5189177,Rehabilitasi Sungai Pamburunan,2023-10-27 00:00:00+00:00,Pemerintah Daerah Kabupaten Tapin,HASYA BAKARANGAN M,499933623.72,497523743.51,2,2,High Risk,0.876774,0.049826,0.0734,0.876774,0.456448,f_buyer_supplier_repeat_count=3.9481 | f_is_q4=3.7183 | f_supplier_recent_90d_award_count=3.7002,"Model mengklasifikasikan paket ini sebagai **High Risk** dengan probabilitas 100.00%.
Faktor yang paling memengaruhi prediksi adalah:
- Frekuensi hubungan buyer-supplier berulang bernilai 7 dan meningkatkan skor risiko dengan kontribusi SHAP sekitar 3.9481.
- Waktu publikasi pada kuartal iv bernilai 1 dan meningkatkan skor risiko dengan kontribusi SHAP sekitar 3.7183.
- F supplier recent 90d award count bernilai 5 dan meningkatkan skor risiko dengan kontribusi SHAP sekitar 3.7002.",2,medium,Draft AI review: risiko didukung oleh hubungan buyer-supplier yang berulang dan timing akhir tahun anggaran.,yes,3,yes,Draft AI review: penjelasan tampak cukup membantu untuk prioritisasi audit awal.,ai_prefill_draft,AI-assisted draft only. Human reviewers must verify/edit before treating as reviewed evidence.
115,test,72329,high_risk_probability,ocds-20h3g7-10203065,Pembangunan Gedung Kantor Pertanahan Kabupaten Purworejo,2023-08-08 00:00:00+00:00,Kementerian Agraria dan Tata Ruang/BPN,CV.PERWIRA KARYA,7075821862.26,5660657489.77,2,2,High Risk,0.876724,0.04566,0.077616,0.876724,0.454661,f_tender_value_zscore_buyer=4.6256 | f_tender_value_log=4.2954 | f_supplier_recent_90d_award_count=3.7166,"Model mengklasifikasikan paket ini sebagai **High Risk** dengan probabilitas 100.00%.
Faktor yang paling memengaruhi prediksi adalah:
- F tender value zscore buyer bernilai 3.589 dan meningkatkan skor risiko dengan kontribusi SHAP sekitar 4.6256.
- Nilai tender bernilai 22.6799 dan meningkatkan skor risiko dengan kontribusi SHAP sekitar 4.2954.
- F supplier recent 90d award count bernilai 4 dan meningkatkan skor risiko dengan kontribusi SHAP sekitar 3.7166.",2,medium,Draft AI review: risiko didukung oleh lonjakan nilai tender relatif terhadap histori buyer dan nilai tender yang besar.,yes,3,yes,Draft AI review: penjelasan tampak cukup membantu untuk prioritisasi audit awal.,ai_prefill_draft,AI-assisted draft only. Human reviewers must verify/edit before treating as reviewed evidence.
116,test,92901,high_risk_probability,ocds-20h3g7-38904011,Pengadaan Jasa Pengelola Gedung 2024,2023-11-24 17:15:00+00:00,Kementerian Badan Usaha Milik Negara,PT AIRKON PRATAMA,31521099148.2,30366189330.0,2,2,High Risk,0.876552,0.044808,0.07864,0.876552,0.454611,f_tender_value_log=4.7534 | f_tender_value_zscore_buyer=4.4642 | f_is_q4=3.1688,"Model mengklasifikasikan paket ini sebagai **High Risk** dengan probabilitas 100.00%.
Faktor yang paling memengaruhi prediksi adalah:
- Nilai tender bernilai 24.1739 dan meningkatkan skor risiko dengan kontribusi SHAP sekitar 4.7534.
- F tender value zscore buyer bernilai 10.4111 dan meningkatkan skor risiko dengan kontribusi SHAP sekitar 4.4642.
- Waktu publikasi pada kuartal iv bernilai 1 dan meningkatkan skor risiko dengan kontribusi SHAP sekitar 3.1688.",2,medium,Draft AI review: risiko didukung oleh nilai tender yang besar dan lonjakan nilai tender relatif terhadap histori buyer.,yes,3,yes,Draft AI review: penjelasan tampak cukup membantu untuk prioritisasi audit awal.,ai_prefill_draft,AI-assisted draft only. Human reviewers must verify/edit before treating as reviewed evidence.
117,test,52032,high_risk_probability,ocds-20h3g7-4373678,Pembangunan Gedung dan Fasilitas ISLAMIC CENTER,2023-06-20 00:00:00+00:00,Pemerintah Daerah Kabupaten Morowali Utara,cv. anirah karya mandiri,10000000000.0,9993068260.91,2,2,High Risk,0.876493,0.049237,0.07427,0.876493,0.45691,f_tender_value_zscore_buyer=4.7719 | f_tender_value_log=4.3426 | f_supplier_recent_90d_award_count=3.6977,"Model mengklasifikasikan paket ini sebagai **High Risk** dengan probabilitas 100.00%.
Faktor yang paling memengaruhi prediksi adalah:
- F tender value zscore buyer bernilai 5.0195 dan meningkatkan skor risiko dengan kontribusi SHAP sekitar 4.7719.
- Nilai tender bernilai 23.0259 dan meningkatkan skor risiko dengan kontribusi SHAP sekitar 4.3426.
- F supplier recent 90d award count bernilai 6 dan meningkatkan skor risiko dengan kontribusi SHAP sekitar 3.6977.",2,medium,Draft AI review: risiko didukung oleh lonjakan nilai tender relatif terhadap histori buyer dan nilai tender yang besar.,yes,3,yes,Draft AI review: penjelasan tampak cukup membantu untuk prioritisasi audit awal.,ai_prefill_draft,AI-assisted draft only. Human reviewers must verify/edit before treating as reviewed evidence.
118,test,92156,high_risk_probability,ocds-20h3g7-3167729,Pembangunan/Peningkatan Jalan Hot Mix Ruas Jalan Patani,2023-11-01 00:00:00+00:00,Pemerintah Daerah Kabupaten Halmahera Tengah,CV. JJWOOD,7499997404.83,7402500100.17,2,2,High Risk,0.876281,0.046301,0.077418,0.876281,0.456069,f_tender_value_log=4.3919 | f_tender_value_zscore_buyer=4.3593 | f_is_q4=3.2742,"Model mengklasifikasikan paket ini sebagai **High Risk** dengan probabilitas 100.00%.
Faktor yang paling memengaruhi prediksi adalah:
- Nilai tender bernilai 22.7382 dan meningkatkan skor risiko dengan kontribusi SHAP sekitar 4.3919.
- F tender value zscore buyer bernilai 4.7916 dan meningkatkan skor risiko dengan kontribusi SHAP sekitar 4.3593.
- Waktu publikasi pada kuartal iv bernilai 1 dan meningkatkan skor risiko dengan kontribusi SHAP sekitar 3.2742.",2,medium,Draft AI review: risiko didukung oleh nilai tender yang besar dan lonjakan nilai tender relatif terhadap histori buyer.,yes,3,yes,Draft AI review: penjelasan tampak cukup membantu untuk prioritisasi audit awal.,ai_prefill_draft,AI-assisted draft only. Human reviewers must verify/edit before treating as reviewed evidence.
119,test,64486,high_risk_probability,ocds-20h3g7-2771670,Pembangunan Gedung Rumah Sakit Umum Adhyaksa Banten,2023-07-17 00:00:00+00:00,Kejaksaan Republik Indonesia,PT. PP (Persero) Tbk,453596523000.0,448214892000.0,2,2,High Risk,0.876228,0.048352,0.07542,0.876228,0.457182,f_tender_value_zscore_buyer=4.7861 | f_tender_value_log=4.3910 | f_supplier_recent_90d_award_count=3.5352,"Model mengklasifikasikan paket ini sebagai **High Risk** dengan probabilitas 100.00%.
Faktor yang paling memengaruhi prediksi adalah:
- F tender value zscore buyer bernilai 4.3698 dan meningkatkan skor risiko dengan kontribusi SHAP sekitar 4.7861.
- Nilai tender bernilai 26.8405 dan meningkatkan skor risiko dengan kontribusi SHAP sekitar 4.3910.
- F supplier recent 90d award count bernilai 3 dan meningkatkan skor risiko dengan kontribusi SHAP sekitar 3.5352.",2,medium,Draft AI review: risiko didukung oleh lonjakan nilai tender relatif terhadap histori buyer dan nilai tender yang besar.,yes,3,yes,Draft AI review: penjelasan tampak cukup membantu untuk prioritisasi audit awal.,ai_prefill_draft,AI-assisted draft only. Human reviewers must verify/edit before treating as reviewed evidence.
120,test,61998,high_risk_probability,ocds-20h3g7-85796064,MANAJEMEN KONSTRUKSI PEMBANGUNAN RUMAH SUSUN POLRI DAN BIN,2023-07-10 00:00:00+00:00,Kementerian Pekerjaan Umum dan Perumahan Rakyat,PT. PERENTJANA DJAJA,13899684096.38,11688345510.0,2,2,High Risk,0.876086,0.051661,0.072253,0.876086,0.458823,f_buyer_supplier_repeat_count=3.7616 | f_supplier_recent_90d_award_count=3.6689 | f_tender_value_log=3.6581,"Model mengklasifikasikan paket ini sebagai **High Risk** dengan probabilitas 100.00%.
Faktor yang paling memengaruhi prediksi adalah:
- Frekuensi hubungan buyer-supplier berulang bernilai 3 dan meningkatkan skor risiko dengan kontribusi SHAP sekitar 3.7616.
- F supplier recent 90d award count bernilai 3 dan meningkatkan skor risiko dengan kontribusi SHAP sekitar 3.6689.
- Nilai tender bernilai 23.3551 dan meningkatkan skor risiko dengan kontribusi SHAP sekitar 3.6581.",2,medium,Draft AI review: risiko didukung oleh hubungan buyer-supplier yang berulang dan lonjakan kemenangan supplier dalam 90 hari.,yes,3,yes,Draft AI review: penjelasan tampak cukup membantu untuk prioritisasi audit awal.,ai_prefill_draft,AI-assisted draft only. Human reviewers must verify/edit before treating as reviewed evidence.
121,test,20087,high_risk_probability,ocds-20h3g7-84909064,KONSTRUKSI TERINTEGRASI RANCANG DAN BANGUN PEMBANGUNAN RUMAH SUSUN ASN 4,2023-04-19 00:00:00+00:00,Kementerian Pekerjaan Umum dan Perumahan Rakyat,PT BRANTAS ABIPRAYA (Persero),1527910000000.0,1479016880000.4,2,2,High Risk,0.875888,0.056267,0.067845,0.875888,0.460526,f_tender_value_zscore_buyer=4.6598 | f_tender_value_log=3.9120 | f_supplier_recent_90d_award_count=3.6480,"Model mengklasifikasikan paket ini sebagai **High Risk** dengan probabilitas 100.00%.
Faktor yang paling memengaruhi prediksi adalah:
- F tender value zscore buyer bernilai 6.7638 dan meningkatkan skor risiko dengan kontribusi SHAP sekitar 4.6598.
- Nilai tender bernilai 28.0549 dan meningkatkan skor risiko dengan kontribusi SHAP sekitar 3.9120.
- F supplier recent 90d award count bernilai 4 dan meningkatkan skor risiko dengan kontribusi SHAP sekitar 3.6480.",2,medium,Draft AI review: risiko didukung oleh lonjakan nilai tender relatif terhadap histori buyer dan nilai tender yang besar.,yes,3,yes,Draft AI review: penjelasan tampak cukup membantu untuk prioritisasi audit awal.,ai_prefill_draft,AI-assisted draft only. Human reviewers must verify/edit before treating as reviewed evidence.
122,test,91692,high_risk_probability,ocds-20h3g7-24854198,Normalisasi Sungai Palajawan Desa Karang Tunggal,2023-10-28 00:00:00+00:00,Pemerintah Daerah Kabupaten Kutai Kartanegara,cv.alita jaya,942046000.0,843016695.0,2,2,High Risk,0.87586,0.049721,0.074419,0.87586,0.458667,f_buyer_supplier_repeat_count=3.9425 | f_supplier_recent_90d_award_count=3.7341 | f_is_q4=3.6506,"Model mengklasifikasikan paket ini sebagai **High Risk** dengan probabilitas 100.00%.
Faktor yang paling memengaruhi prediksi adalah:
- Frekuensi hubungan buyer-supplier berulang bernilai 7 dan meningkatkan skor risiko dengan kontribusi SHAP sekitar 3.9425.
- F supplier recent 90d award count bernilai 4 dan meningkatkan skor risiko dengan kontribusi SHAP sekitar 3.7341.
- Waktu publikasi pada kuartal iv bernilai 1 dan meningkatkan skor risiko dengan kontribusi SHAP sekitar 3.6506.",2,medium,Draft AI review: risiko didukung oleh hubungan buyer-supplier yang berulang dan lonjakan kemenangan supplier dalam 90 hari.,yes,3,yes,Draft AI review: penjelasan tampak cukup membantu untuk prioritisasi audit awal.,ai_prefill_draft,AI-assisted draft only. Human reviewers must verify/edit before treating as reviewed evidence.
123,test,91632,high_risk_probability,ocds-20h3g7-21258044,VAKSINASI INFLUENSA DI LINGKUNGAN KORBRIMOB POLRI TA 2023,2023-10-27 00:00:00+00:00,Kepolisian Negara Republik Indonesia,PT. Zalfa Mandiri,309062850.0,222657675.0,2,2,High Risk,0.875804,0.050043,0.074153,0.875804,0.458934,f_buyer_supplier_repeat_count=3.8515 | f_supplier_recent_90d_award_count=3.8044 | f_is_q4=3.5909,"Model mengklasifikasikan paket ini sebagai **High Risk** dengan probabilitas 100.00%.
Faktor yang paling memengaruhi prediksi adalah:
- Frekuensi hubungan buyer-supplier berulang bernilai 3 dan meningkatkan skor risiko dengan kontribusi SHAP sekitar 3.8515.
- F supplier recent 90d award count bernilai 3 dan meningkatkan skor risiko dengan kontribusi SHAP sekitar 3.8044.
- Waktu publikasi pada kuartal iv bernilai 1 dan meningkatkan skor risiko dengan kontribusi SHAP sekitar 3.5909.",2,medium,Draft AI review: risiko didukung oleh hubungan buyer-supplier yang berulang dan lonjakan kemenangan supplier dalam 90 hari.,yes,3,yes,Draft AI review: penjelasan tampak cukup membantu untuk prioritisasi audit awal.,ai_prefill_draft,AI-assisted draft only. Human reviewers must verify/edit before treating as reviewed evidence.
124,test,92490,high_risk_probability,ocds-20h3g7-10009107,Pembangunan Bronjong Desa Lubuk Nipis,2023-11-03 00:00:00+00:00,Pemerintah Daerah Kabupaten Muara Enim,CV. GENTAM GEMURUH,999500000.0,984550000.0,2,2,High Risk,0.875658,0.049225,0.075117,0.875658,0.458958,f_buyer_supplier_repeat_count=4.0293 | f_supplier_recent_90d_award_count=3.6737 | f_is_q4=3.6224,"Model mengklasifikasikan paket ini sebagai **High Risk** dengan probabilitas 100.00%.
Faktor yang paling memengaruhi prediksi adalah:
- Frekuensi hubungan buyer-supplier berulang bernilai 8 dan meningkatkan skor risiko dengan kontribusi SHAP sekitar 4.0293.
- F supplier recent 90d award count bernilai 4 dan meningkatkan skor risiko dengan kontribusi SHAP sekitar 3.6737.
- Waktu publikasi pada kuartal iv bernilai 1 dan meningkatkan skor risiko dengan kontribusi SHAP sekitar 3.6224.",2,medium,Draft AI review: risiko didukung oleh hubungan buyer-supplier yang berulang dan lonjakan kemenangan supplier dalam 90 hari.,yes,3,yes,Draft AI review: penjelasan tampak cukup membantu untuk prioritisasi audit awal.,ai_prefill_draft,AI-assisted draft only. Human reviewers must verify/edit before treating as reviewed evidence.
125,test,88981,high_risk_probability,ocds-20h3g7-6509596,Lanjutan Pembangunan Gedung Pkm Sempaja (APBD-P),2023-10-11 00:00:00+00:00,Pemerintah Daerah Kota Samarinda,VENUS MAGESTY,6887771900.0,6836752000.0,2,2,High Risk,0.875648,0.048456,0.075895,0.875648,0.458648,f_buyer_supplier_repeat_count=3.7708 | f_is_q4=3.6587 | f_tender_value_log=3.4773,"Model mengklasifikasikan paket ini sebagai **High Risk** dengan probabilitas 100.00%.
Faktor yang paling memengaruhi prediksi adalah:
- Frekuensi hubungan buyer-supplier berulang bernilai 4 dan meningkatkan skor risiko dengan kontribusi SHAP sekitar 3.7708.
- Waktu publikasi pada kuartal iv bernilai 1 dan meningkatkan skor risiko dengan kontribusi SHAP sekitar 3.6587.
- Nilai tender bernilai 22.653 dan meningkatkan skor risiko dengan kontribusi SHAP sekitar 3.4773.",2,medium,Draft AI review: risiko didukung oleh hubungan buyer-supplier yang berulang dan timing akhir tahun anggaran.,yes,3,yes,Draft AI review: penjelasan tampak cukup membantu untuk prioritisasi audit awal.,ai_prefill_draft,AI-assisted draft only. Human reviewers must verify/edit before treating as reviewed evidence.
126,test,38194,high_risk_probability,ocds-20h3g7-85170064,Peningkatan Jalan Jl. Kelurahan Naioni,2023-05-31 00:00:00+00:00,Kementerian Pekerjaan Umum dan Perumahan Rakyat,PT. GELORA MEGAH SEJAHTERA,19537500000.0,19129712000.0,2,2,High Risk,0.875606,0.053309,0.071085,0.875606,0.460538,f_tender_value_log=3.7982 | f_buyer_supplier_repeat_count=3.7331 | f_supplier_recent_90d_award_count=3.6111,"Model mengklasifikasikan paket ini sebagai **High Risk** dengan probabilitas 100.00%.
Faktor yang paling memengaruhi prediksi adalah:
- Nilai tender bernilai 23.6956 dan meningkatkan skor risiko dengan kontribusi SHAP sekitar 3.7982.
- Frekuensi hubungan buyer-supplier berulang bernilai 2 dan meningkatkan skor risiko dengan kontribusi SHAP sekitar 3.7331.
- F supplier recent 90d award count bernilai 3 dan meningkatkan skor risiko dengan kontribusi SHAP sekitar 3.6111.",2,medium,Draft AI review: risiko didukung oleh nilai tender yang besar dan hubungan buyer-supplier yang berulang.,yes,3,yes,Draft AI review: penjelasan tampak cukup membantu untuk prioritisasi audit awal.,ai_prefill_draft,AI-assisted draft only. Human reviewers must verify/edit before treating as reviewed evidence.
127,test,91804,high_risk_probability,ocds-20h3g7-3143729,Peningkatan Jalan Hot Mix Ruas Jalan Pelabuhan-KM3,2023-10-30 00:00:00+00:00,Pemerintah Daerah Kabupaten Halmahera Tengah,CV. JJWOOD,10000000000.0,9880808022.88,2,2,High Risk,0.875536,0.046396,0.078068,0.875536,0.457924,f_tender_value_zscore_buyer=4.5019 | f_tender_value_log=4.3121 | f_is_q4=3.2374,"Model mengklasifikasikan paket ini sebagai **High Risk** dengan probabilitas 100.00%.
Faktor yang paling memengaruhi prediksi adalah:
- F tender value zscore buyer bernilai 10.4327 dan meningkatkan skor risiko dengan kontribusi SHAP sekitar 4.5019.
- Nilai tender bernilai 23.0259 dan meningkatkan skor risiko dengan kontribusi SHAP sekitar 4.3121.
- Waktu publikasi pada kuartal iv bernilai 1 dan meningkatkan skor risiko dengan kontribusi SHAP sekitar 3.2374.",2,medium,Draft AI review: risiko didukung oleh lonjakan nilai tender relatif terhadap histori buyer dan nilai tender yang besar.,yes,3,yes,Draft AI review: penjelasan tampak cukup membantu untuk prioritisasi audit awal.,ai_prefill_draft,AI-assisted draft only. Human reviewers must verify/edit before treating as reviewed evidence.
128,test,58597,high_risk_probability,ocds-20h3g7-2403374,Pembangunan/Revitalisasi Sarana Produksi,2023-07-03 00:00:00+00:00,Pemerintah Daerah Kabupaten Belu,CV. Super Star,8441328000.0,8421201000.0,2,2,High Risk,0.875501,0.054654,0.069845,0.875501,0.461161,f_tender_value_zscore_buyer=4.3134 | f_tender_value_log=4.1229 | f_buyer_supplier_repeat_count=3.2409,"Model mengklasifikasikan paket ini sebagai **High Risk** dengan probabilitas 100.00%.
Faktor yang paling memengaruhi prediksi adalah:
- F tender value zscore buyer bernilai 7.6839 dan meningkatkan skor risiko dengan kontribusi SHAP sekitar 4.3134.
- Nilai tender bernilai 22.8564 dan meningkatkan skor risiko dengan kontribusi SHAP sekitar 4.1229.
- Frekuensi hubungan buyer-supplier berulang bernilai 2 dan meningkatkan skor risiko dengan kontribusi SHAP sekitar 3.2409.",2,medium,Draft AI review: risiko didukung oleh lonjakan nilai tender relatif terhadap histori buyer dan nilai tender yang besar.,yes,3,yes,Draft AI review: penjelasan tampak cukup membantu untuk prioritisasi audit awal.,ai_prefill_draft,AI-assisted draft only. Human reviewers must verify/edit before treating as reviewed evidence.
129,test,92814,high_risk_probability,ocds-20h3g7-38848011,Pengadaan Jasa Keamanan KPK Tahun 2024,2023-11-10 18:00:00+00:00,Komisi Pemberantasan Korupsi,PT. Artha Kreasi Utama,13208712669.91,12327775774.55,2,2,High Risk,0.875498,0.043225,0.081277,0.875498,0.45619,f_tender_value_log=4.8215 | f_tender_value_zscore_buyer=4.3081 | f_is_q4=3.1914,"Model mengklasifikasikan paket ini sebagai **High Risk** dengan probabilitas 100.00%.
Faktor yang paling memengaruhi prediksi adalah:
- Nilai tender bernilai 23.3041 dan meningkatkan skor risiko dengan kontribusi SHAP sekitar 4.8215.
- F tender value zscore buyer bernilai 5.8189 dan meningkatkan skor risiko dengan kontribusi SHAP sekitar 4.3081.
- Waktu publikasi pada kuartal iv bernilai 1 dan meningkatkan skor risiko dengan kontribusi SHAP sekitar 3.1914.",2,medium,Draft AI review: risiko didukung oleh nilai tender yang besar dan lonjakan nilai tender relatif terhadap histori buyer.,yes,3,yes,Draft AI review: penjelasan tampak cukup membantu untuk prioritisasi audit awal.,ai_prefill_draft,AI-assisted draft only. Human reviewers must verify/edit before treating as reviewed evidence.
130,test,92551,high_risk_probability,ocds-20h3g7-7509495,Belanja Modal Bangunan Gedung Kantor,2023-11-03 00:00:00+00:00,Pemerintah Daerah Kabupaten Bintan,CV. BENGKEL SPESIALIS KEPRI,497647214.55,493831589.56,2,2,High Risk,0.875443,0.049211,0.075346,0.875443,0.459481,f_buyer_supplier_repeat_count=3.8427 | f_is_q4=3.6842 | f_supplier_recent_90d_award_count=3.6824,"Model mengklasifikasikan paket ini sebagai **High Risk** dengan probabilitas 100.00%.
Faktor yang paling memengaruhi prediksi adalah:
- Frekuensi hubungan buyer-supplier berulang bernilai 3 dan meningkatkan skor risiko dengan kontribusi SHAP sekitar 3.8427.
- Waktu publikasi pada kuartal iv bernilai 1 dan meningkatkan skor risiko dengan kontribusi SHAP sekitar 3.6842.
- F supplier recent 90d award count bernilai 3 dan meningkatkan skor risiko dengan kontribusi SHAP sekitar 3.6824.",2,medium,Draft AI review: risiko didukung oleh hubungan buyer-supplier yang berulang dan timing akhir tahun anggaran.,yes,3,yes,Draft AI review: penjelasan tampak cukup membantu untuk prioritisasi audit awal.,ai_prefill_draft,AI-assisted draft only. Human reviewers must verify/edit before treating as reviewed evidence.
131,test,87890,high_risk_probability,ocds-20h3g7-3037729,Pembangunan  Lapangan Bola Basket Tahap II;,2023-10-05 00:00:00+00:00,Pemerintah Daerah Kabupaten Halmahera Tengah,CV. ARINA JAYA BAKTI,499994371.79,498898000.0,2,2,High Risk,0.875345,0.049311,0.075344,0.875345,0.459765,f_buyer_supplier_repeat_count=3.8811 | f_is_q4=3.7381 | f_supplier_recent_90d_award_count=3.6870,"Model mengklasifikasikan paket ini sebagai **High Risk** dengan probabilitas 100.00%.
Faktor yang paling memengaruhi prediksi adalah:
- Frekuensi hubungan buyer-supplier berulang bernilai 3 dan meningkatkan skor risiko dengan kontribusi SHAP sekitar 3.8811.
- Waktu publikasi pada kuartal iv bernilai 1 dan meningkatkan skor risiko dengan kontribusi SHAP sekitar 3.7381.
- F supplier recent 90d award count bernilai 3 dan meningkatkan skor risiko dengan kontribusi SHAP sekitar 3.6870.",2,medium,Draft AI review: risiko didukung oleh hubungan buyer-supplier yang berulang dan timing akhir tahun anggaran.,yes,3,yes,Draft AI review: penjelasan tampak cukup membantu untuk prioritisasi audit awal.,ai_prefill_draft,AI-assisted draft only. Human reviewers must verify/edit before treating as reviewed evidence.
132,test,89488,high_risk_probability,ocds-20h3g7-3917675,Pembangunan Ruang Guru SD NEGERI Napallicin,2023-10-13 00:00:00+00:00,Pemerintah Daerah Kabupaten Musi Rawas Utara,CV. BUKIT KECIL KONSTRUKSI,264700000.0,264242542.78,2,2,High Risk,0.875323,0.050025,0.074652,0.875323,0.460113,f_buyer_supplier_repeat_count=3.9076 | f_is_q4=3.7443 | f_supplier_recent_90d_award_count=3.7349,"Model mengklasifikasikan paket ini sebagai **High Risk** dengan probabilitas 100.00%.
Faktor yang paling memengaruhi prediksi adalah:
- Frekuensi hubungan buyer-supplier berulang bernilai 4 dan meningkatkan skor risiko dengan kontribusi SHAP sekitar 3.9076.
- Waktu publikasi pada kuartal iv bernilai 1 dan meningkatkan skor risiko dengan kontribusi SHAP sekitar 3.7443.
- F supplier recent 90d award count bernilai 4 dan meningkatkan skor risiko dengan kontribusi SHAP sekitar 3.7349.",2,medium,Draft AI review: risiko didukung oleh hubungan buyer-supplier yang berulang dan timing akhir tahun anggaran.,yes,3,yes,Draft AI review: penjelasan tampak cukup membantu untuk prioritisasi audit awal.,ai_prefill_draft,AI-assisted draft only. Human reviewers must verify/edit before treating as reviewed evidence.
133,test,28516,high_risk_probability,ocds-20h3g7-4289194,Pembangunan Kantor BPVP Padang 2 Lantai,2023-05-15 00:00:00+00:00,Kementerian Ketenagakerjaan,PT.INOVASI MULTI KREASI,12830970023.44,12189421521.84,2,2,High Risk,0.875272,0.04916,0.075568,0.875272,0.459878,f_tender_value_zscore_buyer=4.8184 | f_tender_value_log=4.5541 | f_supplier_recent_90d_award_count=3.4521,"Model mengklasifikasikan paket ini sebagai **High Risk** dengan probabilitas 100.00%.
Faktor yang paling memengaruhi prediksi adalah:
- F tender value zscore buyer bernilai 3.1609 dan meningkatkan skor risiko dengan kontribusi SHAP sekitar 4.8184.
- Nilai tender bernilai 23.2751 dan meningkatkan skor risiko dengan kontribusi SHAP sekitar 4.5541.
- F supplier recent 90d award count bernilai 3 dan meningkatkan skor risiko dengan kontribusi SHAP sekitar 3.4521.",2,medium,Draft AI review: risiko didukung oleh lonjakan nilai tender relatif terhadap histori buyer dan nilai tender yang besar.,yes,3,yes,Draft AI review: penjelasan tampak cukup membantu untuk prioritisasi audit awal.,ai_prefill_draft,AI-assisted draft only. Human reviewers must verify/edit before treating as reviewed evidence.
134,test,91408,high_risk_probability,ocds-20h3g7-1823603,Pengembangan Lapangan Olah Raga Sesko TNI,2023-10-27 00:00:00+00:00,Kementerian Pertahanan,PT DWI SAHABAT INDONESIA,4000000000.0,3995700000.0,2,2,High Risk,0.875269,0.050543,0.074187,0.875269,0.460447,f_buyer_supplier_repeat_count=3.8005 | f_is_q4=3.6975 | f_supplier_recent_90d_award_count=3.6533,"Model mengklasifikasikan paket ini sebagai **High Risk** dengan probabilitas 100.00%.
Faktor yang paling memengaruhi prediksi adalah:
- Frekuensi hubungan buyer-supplier berulang bernilai 7 dan meningkatkan skor risiko dengan kontribusi SHAP sekitar 3.8005.
- Waktu publikasi pada kuartal iv bernilai 1 dan meningkatkan skor risiko dengan kontribusi SHAP sekitar 3.6975.
- F supplier recent 90d award count bernilai 3 dan meningkatkan skor risiko dengan kontribusi SHAP sekitar 3.6533.",2,medium,Draft AI review: risiko didukung oleh hubungan buyer-supplier yang berulang dan timing akhir tahun anggaran.,yes,3,yes,Draft AI review: penjelasan tampak cukup membantu untuk prioritisasi audit awal.,ai_prefill_draft,AI-assisted draft only. Human reviewers must verify/edit before treating as reviewed evidence.
135,test,27397,high_risk_probability,ocds-20h3g7-3945673,Belanja Barang untuk Dijual/Diserahkan kepada Masyarakat,2023-05-12 00:00:00+00:00,Pemerintah Daerah Kota Tanjung Pinang,CV. NURHAYATI 3,6596800000.0,6401957098.09,2,2,High Risk,0.875266,0.045208,0.079526,0.875266,0.457928,f_tender_value_zscore_buyer=4.7666 | f_tender_value_log=4.4561 | f_supplier_recent_90d_award_count=3.5742,"Model mengklasifikasikan paket ini sebagai **High Risk** dengan probabilitas 100.00%.
Faktor yang paling memengaruhi prediksi adalah:
- F tender value zscore buyer bernilai 3.4904 dan meningkatkan skor risiko dengan kontribusi SHAP sekitar 4.7666.
- Nilai tender bernilai 22.6099 dan meningkatkan skor risiko dengan kontribusi SHAP sekitar 4.4561.
- F supplier recent 90d award count bernilai 5 dan meningkatkan skor risiko dengan kontribusi SHAP sekitar 3.5742.",2,medium,Draft AI review: risiko didukung oleh lonjakan nilai tender relatif terhadap histori buyer dan nilai tender yang besar.,yes,3,yes,Draft AI review: penjelasan tampak cukup membantu untuk prioritisasi audit awal.,ai_prefill_draft,AI-assisted draft only. Human reviewers must verify/edit before treating as reviewed evidence.
136,test,91724,high_risk_probability,ocds-20h3g7-24900198,Normalisasi Sungai Sindang Kel. Muara Jawa Tengah,2023-10-28 00:00:00+00:00,Pemerintah Daerah Kabupaten Kutai Kartanegara,CV. EXIST SARANA MANDIRI,776926400.0,768580042.5,2,2,High Risk,0.875217,0.049506,0.075277,0.875217,0.46016,f_buyer_supplier_repeat_count=3.8325 | f_is_q4=3.6883 | f_supplier_recent_90d_award_count=3.6760,"Model mengklasifikasikan paket ini sebagai **High Risk** dengan probabilitas 100.00%.
Faktor yang paling memengaruhi prediksi adalah:
- Frekuensi hubungan buyer-supplier berulang bernilai 4 dan meningkatkan skor risiko dengan kontribusi SHAP sekitar 3.8325.
- Waktu publikasi pada kuartal iv bernilai 1 dan meningkatkan skor risiko dengan kontribusi SHAP sekitar 3.6883.
- F supplier recent 90d award count bernilai 3 dan meningkatkan skor risiko dengan kontribusi SHAP sekitar 3.6760.",2,medium,Draft AI review: risiko didukung oleh hubungan buyer-supplier yang berulang dan timing akhir tahun anggaran.,yes,3,yes,Draft AI review: penjelasan tampak cukup membantu untuk prioritisasi audit awal.,ai_prefill_draft,AI-assisted draft only. Human reviewers must verify/edit before treating as reviewed evidence.
137,test,89246,high_risk_probability,ocds-20h3g7-4843322,Pekerjaan Rehab Ruang Gabungan,2023-10-13 00:00:00+00:00,Pemerintah Daerah Kabupaten Kapuas,CV. ALAM MITRA KARYA,358518908.0,353146014.5,2,2,High Risk,0.875216,0.049026,0.075758,0.875216,0.459957,f_buyer_supplier_repeat_count=3.9033 | f_supplier_recent_90d_award_count=3.7498 | f_is_q4=3.6935,"Model mengklasifikasikan paket ini sebagai **High Risk** dengan probabilitas 100.00%.
Faktor yang paling memengaruhi prediksi adalah:
- Frekuensi hubungan buyer-supplier berulang bernilai 2 dan meningkatkan skor risiko dengan kontribusi SHAP sekitar 3.9033.
- F supplier recent 90d award count bernilai 4 dan meningkatkan skor risiko dengan kontribusi SHAP sekitar 3.7498.
- Waktu publikasi pada kuartal iv bernilai 1 dan meningkatkan skor risiko dengan kontribusi SHAP sekitar 3.6935.",2,medium,Draft AI review: risiko didukung oleh hubungan buyer-supplier yang berulang dan lonjakan kemenangan supplier dalam 90 hari.,yes,3,yes,Draft AI review: penjelasan tampak cukup membantu untuk prioritisasi audit awal.,ai_prefill_draft,AI-assisted draft only. Human reviewers must verify/edit before treating as reviewed evidence.
138,test,91735,high_risk_probability,ocds-20h3g7-3100238,Jalan Lingkungan Samping SMA Giri Mulya,2023-10-28 00:00:00+00:00,Pemerintah Daerah Kabupaten Bengkulu Utara,CV. ALEANDRO PERDANA,499900000.0,494752185.14,2,2,High Risk,0.875182,0.049326,0.075493,0.875182,0.460171,f_buyer_supplier_repeat_count=3.9535 | f_is_q4=3.7217 | f_supplier_recent_90d_award_count=3.7164,"Model mengklasifikasikan paket ini sebagai **High Risk** dengan probabilitas 100.00%.
Faktor yang paling memengaruhi prediksi adalah:
- Frekuensi hubungan buyer-supplier berulang bernilai 6 dan meningkatkan skor risiko dengan kontribusi SHAP sekitar 3.9535.
- Waktu publikasi pada kuartal iv bernilai 1 dan meningkatkan skor risiko dengan kontribusi SHAP sekitar 3.7217.
- F supplier recent 90d award count bernilai 3 dan meningkatkan skor risiko dengan kontribusi SHAP sekitar 3.7164.",2,medium,Draft AI review: risiko didukung oleh hubungan buyer-supplier yang berulang dan timing akhir tahun anggaran.,yes,3,yes,Draft AI review: penjelasan tampak cukup membantu untuk prioritisasi audit awal.,ai_prefill_draft,AI-assisted draft only. Human reviewers must verify/edit before treating as reviewed evidence.
139,test,92153,high_risk_probability,ocds-20h3g7-5484434,Pembangunan Plat Duiker Bandar Jaya Kecamatan Lahat,2023-11-01 00:00:00+00:00,Pemerintah Daerah Kabupaten Lahat,BAJA ALAM SEJAHTERA,399999000.0,396604852.78,2,2,High Risk,0.875148,0.050096,0.074755,0.875148,0.46057,f_buyer_supplier_repeat_count=4.0051 | f_supplier_recent_90d_award_count=3.8711 | f_is_q4=3.7451,"Model mengklasifikasikan paket ini sebagai **High Risk** dengan probabilitas 100.00%.
Faktor yang paling memengaruhi prediksi adalah:
- Frekuensi hubungan buyer-supplier berulang bernilai 8 dan meningkatkan skor risiko dengan kontribusi SHAP sekitar 4.0051.
- F supplier recent 90d award count bernilai 6 dan meningkatkan skor risiko dengan kontribusi SHAP sekitar 3.8711.
- Waktu publikasi pada kuartal iv bernilai 1 dan meningkatkan skor risiko dengan kontribusi SHAP sekitar 3.7451.",2,medium,Draft AI review: risiko didukung oleh hubungan buyer-supplier yang berulang dan lonjakan kemenangan supplier dalam 90 hari.,yes,3,yes,Draft AI review: penjelasan tampak cukup membantu untuk prioritisasi audit awal.,ai_prefill_draft,AI-assisted draft only. Human reviewers must verify/edit before treating as reviewed evidence.
140,test,77185,high_risk_probability,ocds-20h3g7-39961352,Pembangunan Gedung Serbaguna Kecamatan Tambun Utara,2023-08-25 00:00:00+00:00,Pemerintah Daerah Kabupaten Bekasi,"ZAKI KARYA,CV",6330375000.0,6013857011.83,2,2,High Risk,0.875091,0.049931,0.074978,0.875091,0.460645,f_tender_value_log=4.1909 | f_tender_value_zscore_buyer=4.1366 | f_buyer_supplier_repeat_count=3.3979,"Model mengklasifikasikan paket ini sebagai **High Risk** dengan probabilitas 100.00%.
Faktor yang paling memengaruhi prediksi adalah:
- Nilai tender bernilai 22.5686 dan meningkatkan skor risiko dengan kontribusi SHAP sekitar 4.1909.
- F tender value zscore buyer bernilai 2.9397 dan meningkatkan skor risiko dengan kontribusi SHAP sekitar 4.1366.
- Frekuensi hubungan buyer-supplier berulang bernilai 2 dan meningkatkan skor risiko dengan kontribusi SHAP sekitar 3.3979.",2,medium,Draft AI review: risiko didukung oleh nilai tender yang besar dan lonjakan nilai tender relatif terhadap histori buyer.,yes,3,yes,Draft AI review: penjelasan tampak cukup membantu untuk prioritisasi audit awal.,ai_prefill_draft,AI-assisted draft only. Human reviewers must verify/edit before treating as reviewed evidence.
141,test,92306,high_risk_probability,ocds-20h3g7-7323052,Peningkatan Jalan Lingkungan Desa Suliliran,2023-11-02 00:00:00+00:00,Pemerintah Daerah Kabupaten Paser,CV. NUSANTARA BERJAYA MANDIRI,1352828456.0,1339000747.15,2,2,High Risk,0.874998,0.049963,0.075039,0.874998,0.460887,f_buyer_supplier_repeat_count=3.9395 | f_supplier_recent_90d_award_count=3.7218 | f_is_q4=3.7149,"Model mengklasifikasikan paket ini sebagai **High Risk** dengan probabilitas 100.00%.
Faktor yang paling memengaruhi prediksi adalah:
- Frekuensi hubungan buyer-supplier berulang bernilai 3 dan meningkatkan skor risiko dengan kontribusi SHAP sekitar 3.9395.
- F supplier recent 90d award count bernilai 3 dan meningkatkan skor risiko dengan kontribusi SHAP sekitar 3.7218.
- Waktu publikasi pada kuartal iv bernilai 1 dan meningkatkan skor risiko dengan kontribusi SHAP sekitar 3.7149.",2,medium,Draft AI review: risiko didukung oleh hubungan buyer-supplier yang berulang dan lonjakan kemenangan supplier dalam 90 hari.,yes,3,yes,Draft AI review: penjelasan tampak cukup membantu untuk prioritisasi audit awal.,ai_prefill_draft,AI-assisted draft only. Human reviewers must verify/edit before treating as reviewed evidence.
142,test,91211,high_risk_probability,ocds-20h3g7-7385052,Pembangunan Gudang KPU,2023-10-25 00:00:00+00:00,Pemerintah Daerah Kabupaten Paser,CV. PAGER PASER JAYA ABADI,1351838000.0,1337629462.76,2,2,High Risk,0.874972,0.048726,0.076302,0.874972,0.460421,f_buyer_supplier_repeat_count=3.9473 | f_supplier_recent_90d_award_count=3.7217 | f_is_q4=3.6496,"Model mengklasifikasikan paket ini sebagai **High Risk** dengan probabilitas 100.00%.
Faktor yang paling memengaruhi prediksi adalah:
- Frekuensi hubungan buyer-supplier berulang bernilai 7 dan meningkatkan skor risiko dengan kontribusi SHAP sekitar 3.9473.
- F supplier recent 90d award count bernilai 3 dan meningkatkan skor risiko dengan kontribusi SHAP sekitar 3.7217.
- Waktu publikasi pada kuartal iv bernilai 1 dan meningkatkan skor risiko dengan kontribusi SHAP sekitar 3.6496.",2,medium,Draft AI review: risiko didukung oleh hubungan buyer-supplier yang berulang dan lonjakan kemenangan supplier dalam 90 hari.,yes,3,yes,Draft AI review: penjelasan tampak cukup membantu untuk prioritisasi audit awal.,ai_prefill_draft,AI-assisted draft only. Human reviewers must verify/edit before treating as reviewed evidence.
143,test,91847,high_risk_probability,ocds-20h3g7-7364052,Peningkatan Jalan Lingkungan Kec. Long Ikis,2023-10-30 00:00:00+00:00,Pemerintah Daerah Kabupaten Paser,CITRA KARYATAMA,1052349833.0,1041771140.19,2,2,High Risk,0.874958,0.049782,0.07526,0.874958,0.46091,f_buyer_supplier_repeat_count=3.9197 | f_supplier_recent_90d_award_count=3.7349 | f_is_q4=3.7192,"Model mengklasifikasikan paket ini sebagai **High Risk** dengan probabilitas 100.00%.
Faktor yang paling memengaruhi prediksi adalah:
- Frekuensi hubungan buyer-supplier berulang bernilai 3 dan meningkatkan skor risiko dengan kontribusi SHAP sekitar 3.9197.
- F supplier recent 90d award count bernilai 3 dan meningkatkan skor risiko dengan kontribusi SHAP sekitar 3.7349.
- Waktu publikasi pada kuartal iv bernilai 1 dan meningkatkan skor risiko dengan kontribusi SHAP sekitar 3.7192.",2,medium,Draft AI review: risiko didukung oleh hubungan buyer-supplier yang berulang dan lonjakan kemenangan supplier dalam 90 hari.,yes,3,yes,Draft AI review: penjelasan tampak cukup membantu untuk prioritisasi audit awal.,ai_prefill_draft,AI-assisted draft only. Human reviewers must verify/edit before treating as reviewed evidence.
144,test,92436,high_risk_probability,ocds-20h3g7-9953107,Rehab/Pemeliharaan Ruas jalan Tebat Agung - Muara Niru,2023-11-03 00:00:00+00:00,Pemerintah Daerah Kabupaten Muara Enim,CV. ARIF LUTFI ZULEYKA,9997000000.0,9896744000.0,2,2,High Risk,0.874869,0.049483,0.075647,0.874869,0.461003,f_buyer_supplier_repeat_count=3.7460 | f_is_q4=3.5312 | f_tender_value_log=3.3825,"Model mengklasifikasikan paket ini sebagai **High Risk** dengan probabilitas 100.00%.
Faktor yang paling memengaruhi prediksi adalah:
- Frekuensi hubungan buyer-supplier berulang bernilai 2 dan meningkatkan skor risiko dengan kontribusi SHAP sekitar 3.7460.
- Waktu publikasi pada kuartal iv bernilai 1 dan meningkatkan skor risiko dengan kontribusi SHAP sekitar 3.5312.
- Nilai tender bernilai 23.0256 dan meningkatkan skor risiko dengan kontribusi SHAP sekitar 3.3825.",2,medium,Draft AI review: risiko didukung oleh hubungan buyer-supplier yang berulang dan timing akhir tahun anggaran.,yes,3,yes,Draft AI review: penjelasan tampak cukup membantu untuk prioritisasi audit awal.,ai_prefill_draft,AI-assisted draft only. Human reviewers must verify/edit before treating as reviewed evidence.
145,test,88099,high_risk_probability,ocds-20h3g7-2796729,Pembangunan Jalan Pesisir Pantai Desa Wailegi,2023-10-06 00:00:00+00:00,Pemerintah Daerah Kabupaten Halmahera Tengah,CV. Gemilang Halmahera,1000000000.0,990799450.79,2,2,High Risk,0.874831,0.049744,0.075425,0.874831,0.461205,f_buyer_supplier_repeat_count=3.8650 | f_is_q4=3.6898 | f_supplier_recent_90d_award_count=3.6480,"Model mengklasifikasikan paket ini sebagai **High Risk** dengan probabilitas 100.00%.
Faktor yang paling memengaruhi prediksi adalah:
- Frekuensi hubungan buyer-supplier berulang bernilai 3 dan meningkatkan skor risiko dengan kontribusi SHAP sekitar 3.8650.
- Waktu publikasi pada kuartal iv bernilai 1 dan meningkatkan skor risiko dengan kontribusi SHAP sekitar 3.6898.
- F supplier recent 90d award count bernilai 3 dan meningkatkan skor risiko dengan kontribusi SHAP sekitar 3.6480.",2,medium,Draft AI review: risiko didukung oleh hubungan buyer-supplier yang berulang dan timing akhir tahun anggaran.,yes,3,yes,Draft AI review: penjelasan tampak cukup membantu untuk prioritisasi audit awal.,ai_prefill_draft,AI-assisted draft only. Human reviewers must verify/edit before treating as reviewed evidence.
146,test,89632,high_risk_probability,ocds-20h3g7-24735198,Perencanaan longsoran jalan Pesut,2023-10-16 00:00:00+00:00,Pemerintah Daerah Kabupaten Kutai Kartanegara,CV. HARSINDO,374900000.0,367604805.0,2,2,High Risk,0.874806,0.050182,0.075013,0.874806,0.461448,f_buyer_supplier_repeat_count=3.9822 | f_supplier_recent_90d_award_count=3.7670 | f_is_q4=3.6944,"Model mengklasifikasikan paket ini sebagai **High Risk** dengan probabilitas 100.00%.
Faktor yang paling memengaruhi prediksi adalah:
- Frekuensi hubungan buyer-supplier berulang bernilai 9 dan meningkatkan skor risiko dengan kontribusi SHAP sekitar 3.9822.
- F supplier recent 90d award count bernilai 9 dan meningkatkan skor risiko dengan kontribusi SHAP sekitar 3.7670.
- Waktu publikasi pada kuartal iv bernilai 1 dan meningkatkan skor risiko dengan kontribusi SHAP sekitar 3.6944.",2,medium,Draft AI review: risiko didukung oleh hubungan buyer-supplier yang berulang dan lonjakan kemenangan supplier dalam 90 hari.,yes,3,yes,Draft AI review: penjelasan tampak cukup membantu untuk prioritisasi audit awal.,ai_prefill_draft,AI-assisted draft only. Human reviewers must verify/edit before treating as reviewed evidence.
147,test,91777,high_risk_probability,ocds-20h3g7-3135729,Pengadaan Armada Tangkap < 5GT (Perikanan) Paket 2,2023-10-30 00:00:00+00:00,Pemerintah Daerah Kabupaten Halmahera Tengah,cv.azfer construction,948995554.5,941219558.28,2,2,High Risk,0.874788,0.04938,0.075831,0.874788,0.461157,f_buyer_supplier_repeat_count=3.8871 | f_is_q4=3.7056 | f_supplier_recent_90d_award_count=3.6860,"Model mengklasifikasikan paket ini sebagai **High Risk** dengan probabilitas 100.00%.
Faktor yang paling memengaruhi prediksi adalah:
- Frekuensi hubungan buyer-supplier berulang bernilai 6 dan meningkatkan skor risiko dengan kontribusi SHAP sekitar 3.8871.
- Waktu publikasi pada kuartal iv bernilai 1 dan meningkatkan skor risiko dengan kontribusi SHAP sekitar 3.7056.
- F supplier recent 90d award count bernilai 6 dan meningkatkan skor risiko dengan kontribusi SHAP sekitar 3.6860.",2,medium,Draft AI review: risiko didukung oleh hubungan buyer-supplier yang berulang dan timing akhir tahun anggaran.,yes,3,yes,Draft AI review: penjelasan tampak cukup membantu untuk prioritisasi audit awal.,ai_prefill_draft,AI-assisted draft only. Human reviewers must verify/edit before treating as reviewed evidence.
148,test,91574,high_risk_probability,ocds-20h3g7-4460357,Pembangunan Pagar Asrama Polsek Indralaya,2023-10-27 00:00:00+00:00,Pemerintah Daerah Kabupaten Ogan Ilir,USAHA DWI MANDIRI,500000000.0,497243000.0,2,2,High Risk,0.874782,0.049976,0.075242,0.874782,0.461422,f_buyer_supplier_repeat_count=3.9107 | f_supplier_recent_90d_award_count=3.8651 | f_is_q4=3.7283,"Model mengklasifikasikan paket ini sebagai **High Risk** dengan probabilitas 100.00%.
Faktor yang paling memengaruhi prediksi adalah:
- Frekuensi hubungan buyer-supplier berulang bernilai 3 dan meningkatkan skor risiko dengan kontribusi SHAP sekitar 3.9107.
- F supplier recent 90d award count bernilai 5 dan meningkatkan skor risiko dengan kontribusi SHAP sekitar 3.8651.
- Waktu publikasi pada kuartal iv bernilai 1 dan meningkatkan skor risiko dengan kontribusi SHAP sekitar 3.7283.",2,medium,Draft AI review: risiko didukung oleh hubungan buyer-supplier yang berulang dan lonjakan kemenangan supplier dalam 90 hari.,yes,3,yes,Draft AI review: penjelasan tampak cukup membantu untuk prioritisasi audit awal.,ai_prefill_draft,AI-assisted draft only. Human reviewers must verify/edit before treating as reviewed evidence.
149,test,38066,high_risk_probability,ocds-20h3g7-85513064,Pembangunan Stadion Utama Sumatera Utara,2023-05-31 00:00:00+00:00,Kementerian Pekerjaan Umum dan Perumahan Rakyat,PT. ADHI KARYA (Persero) Tbk,598000000000.0,587000000000.0,2,2,High Risk,0.874733,0.049857,0.07541,0.874733,0.461493,f_tender_value_zscore_buyer=4.7137 | f_tender_value_log=4.3959 | f_supplier_recent_90d_award_count=3.6289,"Model mengklasifikasikan paket ini sebagai **High Risk** dengan probabilitas 100.00%.
Faktor yang paling memengaruhi prediksi adalah:
- F tender value zscore buyer bernilai 2.7064 dan meningkatkan skor risiko dengan kontribusi SHAP sekitar 4.7137.
- Nilai tender bernilai 27.1169 dan meningkatkan skor risiko dengan kontribusi SHAP sekitar 4.3959.
- F supplier recent 90d award count bernilai 5 dan meningkatkan skor risiko dengan kontribusi SHAP sekitar 3.6289.",2,medium,Draft AI review: risiko didukung oleh lonjakan nilai tender relatif terhadap histori buyer dan nilai tender yang besar.,yes,3,yes,Draft AI review: penjelasan tampak cukup membantu untuk prioritisasi audit awal.,ai_prefill_draft,AI-assisted draft only. Human reviewers must verify/edit before treating as reviewed evidence.
150,test,92783,high_risk_probability,ocds-20h3g7-6157311,Peningkatan Jalan Sadar Karya - G.2 Dwijaya,2023-11-08 00:00:00+00:00,Pemerintah Daerah Kabupaten Musi Rawas,CV.GILANKDIRGA,499980000.0,499638060.07,2,2,High Risk,0.874729,0.05034,0.07493,0.874729,0.461699,f_buyer_supplier_repeat_count=3.9039 | f_supplier_recent_90d_award_count=3.8626 | f_is_q4=3.7601,"Model mengklasifikasikan paket ini sebagai **High Risk** dengan probabilitas 100.00%.
Faktor yang paling memengaruhi prediksi adalah:
- Frekuensi hubungan buyer-supplier berulang bernilai 6 dan meningkatkan skor risiko dengan kontribusi SHAP sekitar 3.9039.
- F supplier recent 90d award count bernilai 6 dan meningkatkan skor risiko dengan kontribusi SHAP sekitar 3.8626.
- Waktu publikasi pada kuartal iv bernilai 1 dan meningkatkan skor risiko dengan kontribusi SHAP sekitar 3.7601.",2,medium,Draft AI review: risiko didukung oleh hubungan buyer-supplier yang berulang dan lonjakan kemenangan supplier dalam 90 hari.,yes,3,yes,Draft AI review: penjelasan tampak cukup membantu untuk prioritisasi audit awal.,ai_prefill_draft,AI-assisted draft only. Human reviewers must verify/edit before treating as reviewed evidence.
151,test,42598,high_risk_probability,ocds-20h3g7-4326264,Pembangunan Gedung Kantor Pemerintahan Kab. PPU,2023-06-07 00:00:00+00:00,Pemerintah Daerah Kabupaten Penajam Paser Utara,cv. Karya Arumi Irsandi,9423069364.93,9314628238.31,2,2,High Risk,0.874711,0.055482,0.069807,0.874711,0.463354,f_tender_value_log=4.2834 | f_tender_value_zscore_buyer=4.2257 | f_buyer_supplier_repeat_count=3.3388,"Model mengklasifikasikan paket ini sebagai **High Risk** dengan probabilitas 100.00%.
Faktor yang paling memengaruhi prediksi adalah:
- Nilai tender bernilai 22.9664 dan meningkatkan skor risiko dengan kontribusi SHAP sekitar 4.2834.
- F tender value zscore buyer bernilai 2.7249 dan meningkatkan skor risiko dengan kontribusi SHAP sekitar 4.2257.
- Frekuensi hubungan buyer-supplier berulang bernilai 2 dan meningkatkan skor risiko dengan kontribusi SHAP sekitar 3.3388.",2,medium,Draft AI review: risiko didukung oleh nilai tender yang besar dan lonjakan nilai tender relatif terhadap histori buyer.,yes,3,yes,Draft AI review: penjelasan tampak cukup membantu untuk prioritisasi audit awal.,ai_prefill_draft,AI-assisted draft only. Human reviewers must verify/edit before treating as reviewed evidence.
152,test,88975,high_risk_probability,ocds-20h3g7-25957638,Pembangunan Yonarmed 5/105 Tarik Subang,2023-10-11 00:00:00+00:00,Kementerian Pertahanan,PT. KARYA BHAKTI WIRATAMA,7728720000.0,7655457000.0,2,2,High Risk,0.8747,0.049709,0.075591,0.8747,0.461513,f_is_q4=3.6671 | f_buyer_supplier_repeat_count=3.6443 | f_tender_value_log=3.4894,"Model mengklasifikasikan paket ini sebagai **High Risk** dengan probabilitas 100.00%.
Faktor yang paling memengaruhi prediksi adalah:
- Waktu publikasi pada kuartal iv bernilai 1 dan meningkatkan skor risiko dengan kontribusi SHAP sekitar 3.6671.
- Frekuensi hubungan buyer-supplier berulang bernilai 2 dan meningkatkan skor risiko dengan kontribusi SHAP sekitar 3.6443.
- Nilai tender bernilai 22.7682 dan meningkatkan skor risiko dengan kontribusi SHAP sekitar 3.4894.",2,medium,Draft AI review: risiko didukung oleh timing akhir tahun anggaran dan hubungan buyer-supplier yang berulang.,yes,3,yes,Draft AI review: penjelasan tampak cukup membantu untuk prioritisasi audit awal.,ai_prefill_draft,AI-assisted draft only. Human reviewers must verify/edit before treating as reviewed evidence.
153,test,34128,high_risk_probability,ocds-20h3g7-3684715,Pembangunan RS. Pratama Dofa,2023-05-24 00:00:00+00:00,Pemerintah Daerah Kabupaten Kepulauan Sula,PT. Bumi Aceh Citra Persada,44296942171.42,43838512171.44,2,2,High Risk,0.87467,0.05141,0.07392,0.87467,0.462251,f_tender_value_zscore_buyer=4.8448 | f_tender_value_log=4.5075 | f_supplier_recent_90d_award_count=3.4934,"Model mengklasifikasikan paket ini sebagai **High Risk** dengan probabilitas 100.00%.
Faktor yang paling memengaruhi prediksi adalah:
- F tender value zscore buyer bernilai 9.4813 dan meningkatkan skor risiko dengan kontribusi SHAP sekitar 4.8448.
- Nilai tender bernilai 24.5142 dan meningkatkan skor risiko dengan kontribusi SHAP sekitar 4.5075.
- F supplier recent 90d award count bernilai 4 dan meningkatkan skor risiko dengan kontribusi SHAP sekitar 3.4934.",2,medium,Draft AI review: risiko didukung oleh lonjakan nilai tender relatif terhadap histori buyer dan nilai tender yang besar.,yes,3,yes,Draft AI review: penjelasan tampak cukup membantu untuk prioritisasi audit awal.,ai_prefill_draft,AI-assisted draft only. Human reviewers must verify/edit before treating as reviewed evidence.
154,test,32067,high_risk_probability,ocds-20h3g7-85143064,.PENINGKATAN JALAN JUWETKENONGO - KREMBUNG (1).,2023-05-22 00:00:00+00:00,Kementerian Pekerjaan Umum dan Perumahan Rakyat,PT. CAHAYA INDAH MADYA PRATAMA,59734666000.0,49261098843.0,2,2,High Risk,0.87466,0.053413,0.071927,0.87466,0.462938,f_tender_value_log=3.8954 | f_buyer_supplier_repeat_count=3.6966 | f_supplier_recent_90d_award_count=3.6061,"Model mengklasifikasikan paket ini sebagai **High Risk** dengan probabilitas 100.00%.
Faktor yang paling memengaruhi prediksi adalah:
- Nilai tender bernilai 24.8132 dan meningkatkan skor risiko dengan kontribusi SHAP sekitar 3.8954.
- Frekuensi hubungan buyer-supplier berulang bernilai 3 dan meningkatkan skor risiko dengan kontribusi SHAP sekitar 3.6966.
- F supplier recent 90d award count bernilai 3 dan meningkatkan skor risiko dengan kontribusi SHAP sekitar 3.6061.",2,medium,Draft AI review: risiko didukung oleh nilai tender yang besar dan hubungan buyer-supplier yang berulang.,yes,3,yes,Draft AI review: penjelasan tampak cukup membantu untuk prioritisasi audit awal.,ai_prefill_draft,AI-assisted draft only. Human reviewers must verify/edit before treating as reviewed evidence.
155,test,40394,high_risk_probability,ocds-20h3g7-6455421,Pembangunan Sekolah Terpadu di Kecamatan Bacan,2023-06-05 00:00:00+00:00,Pemerintah Daerah Kabupaten Halmahera Selatan,MUTHIA KARYA MANDIRI,14999995092.9,14896121069.24,2,2,High Risk,0.874631,0.049514,0.075855,0.874631,0.461598,f_tender_value_zscore_buyer=4.8565 | f_tender_value_log=4.4166 | f_supplier_recent_90d_award_count=3.6748,"Model mengklasifikasikan paket ini sebagai **High Risk** dengan probabilitas 100.00%.
Faktor yang paling memengaruhi prediksi adalah:
- F tender value zscore buyer bernilai 9.5811 dan meningkatkan skor risiko dengan kontribusi SHAP sekitar 4.8565.
- Nilai tender bernilai 23.4313 dan meningkatkan skor risiko dengan kontribusi SHAP sekitar 4.4166.
- F supplier recent 90d award count bernilai 4 dan meningkatkan skor risiko dengan kontribusi SHAP sekitar 3.6748.",2,medium,Draft AI review: risiko didukung oleh lonjakan nilai tender relatif terhadap histori buyer dan nilai tender yang besar.,yes,3,yes,Draft AI review: penjelasan tampak cukup membantu untuk prioritisasi audit awal.,ai_prefill_draft,AI-assisted draft only. Human reviewers must verify/edit before treating as reviewed evidence.
156,test,90803,high_risk_probability,ocds-20h3g7-3085729,Pembangunan Jembatan Ruas Jalan Sif-Loman,2023-10-23 00:00:00+00:00,Pemerintah Daerah Kabupaten Halmahera Tengah,cv. zeki karya,799970046.32,797188385.88,2,2,High Risk,0.874599,0.050841,0.07456,0.874599,0.462214,f_buyer_supplier_repeat_count=3.8580 | f_supplier_recent_90d_award_count=3.6619 | f_is_q4=3.6380,"Model mengklasifikasikan paket ini sebagai **High Risk** dengan probabilitas 100.00%.
Faktor yang paling memengaruhi prediksi adalah:
- Frekuensi hubungan buyer-supplier berulang bernilai 3 dan meningkatkan skor risiko dengan kontribusi SHAP sekitar 3.8580.
- F supplier recent 90d award count bernilai 4 dan meningkatkan skor risiko dengan kontribusi SHAP sekitar 3.6619.
- Waktu publikasi pada kuartal iv bernilai 1 dan meningkatkan skor risiko dengan kontribusi SHAP sekitar 3.6380.",2,medium,Draft AI review: risiko didukung oleh hubungan buyer-supplier yang berulang dan lonjakan kemenangan supplier dalam 90 hari.,yes,3,yes,Draft AI review: penjelasan tampak cukup membantu untuk prioritisasi audit awal.,ai_prefill_draft,AI-assisted draft only. Human reviewers must verify/edit before treating as reviewed evidence.
157,test,89598,high_risk_probability,ocds-20h3g7-14107043,Revitalisasi Jl. Bukit Berbunga dan sekitarnya (APBD-P),2023-10-16 00:00:00+00:00,Pemerintah Daerah Kabupaten Berau,CV. Mulia Feli Konstruksi,12675000000.0,12448907605.66,2,2,High Risk,0.874573,0.04875,0.076677,0.874573,0.461403,f_buyer_supplier_repeat_count=3.7217 | f_is_q4=3.6960 | f_tender_value_log=3.4428,"Model mengklasifikasikan paket ini sebagai **High Risk** dengan probabilitas 100.00%.
Faktor yang paling memengaruhi prediksi adalah:
- Frekuensi hubungan buyer-supplier berulang bernilai 3 dan meningkatkan skor risiko dengan kontribusi SHAP sekitar 3.7217.
- Waktu publikasi pada kuartal iv bernilai 1 dan meningkatkan skor risiko dengan kontribusi SHAP sekitar 3.6960.
- Nilai tender bernilai 23.2629 dan meningkatkan skor risiko dengan kontribusi SHAP sekitar 3.4428.",2,medium,Draft AI review: risiko didukung oleh hubungan buyer-supplier yang berulang dan timing akhir tahun anggaran.,yes,3,yes,Draft AI review: penjelasan tampak cukup membantu untuk prioritisasi audit awal.,ai_prefill_draft,AI-assisted draft only. Human reviewers must verify/edit before treating as reviewed evidence.
158,test,87608,high_risk_probability,ocds-20h3g7-3708586,Pemasangan Secondary Skin Pada Pertokoan Pasar Poso,2023-10-04 00:00:00+00:00,Pemerintah Daerah Kabupaten Poso,CV.LOGAM JAYA,803243940.0,799778718.92,2,2,High Risk,0.874566,0.047311,0.078123,0.874566,0.460736,f_buyer_supplier_repeat_count=3.9319 | f_tender_value_zscore_buyer=3.8778 | f_is_q4=3.8189,"Model mengklasifikasikan paket ini sebagai **High Risk** dengan probabilitas 100.00%.
Faktor yang paling memengaruhi prediksi adalah:
- Frekuensi hubungan buyer-supplier berulang bernilai 2 dan meningkatkan skor risiko dengan kontribusi SHAP sekitar 3.9319.
- F tender value zscore buyer bernilai 4.3674 dan meningkatkan skor risiko dengan kontribusi SHAP sekitar 3.8778.
- Waktu publikasi pada kuartal iv bernilai 1 dan meningkatkan skor risiko dengan kontribusi SHAP sekitar 3.8189.",2,medium,Draft AI review: risiko didukung oleh hubungan buyer-supplier yang berulang dan lonjakan nilai tender relatif terhadap histori buyer.,yes,3,yes,Draft AI review: penjelasan tampak cukup membantu untuk prioritisasi audit awal.,ai_prefill_draft,AI-assisted draft only. Human reviewers must verify/edit before treating as reviewed evidence.
159,test,89376,high_risk_probability,ocds-20h3g7-9639156,Pembangunan DAM Desa Seritanjung Kec. Tanjung Lubuk,2023-10-13 00:00:00+00:00,Pemerintah Daerah Kabupaten Ogan Komering Ilir,CV. BAYA,250000000.0,248141578.27,2,2,High Risk,0.87455,0.050261,0.075189,0.87455,0.462107,f_buyer_supplier_repeat_count=4.0064 | f_supplier_recent_90d_award_count=3.8968 | f_is_q4=3.7067,"Model mengklasifikasikan paket ini sebagai **High Risk** dengan probabilitas 100.00%.
Faktor yang paling memengaruhi prediksi adalah:
- Frekuensi hubungan buyer-supplier berulang bernilai 7 dan meningkatkan skor risiko dengan kontribusi SHAP sekitar 4.0064.
- F supplier recent 90d award count bernilai 7 dan meningkatkan skor risiko dengan kontribusi SHAP sekitar 3.8968.
- Waktu publikasi pada kuartal iv bernilai 1 dan meningkatkan skor risiko dengan kontribusi SHAP sekitar 3.7067.",2,medium,Draft AI review: risiko didukung oleh hubungan buyer-supplier yang berulang dan lonjakan kemenangan supplier dalam 90 hari.,yes,3,yes,Draft AI review: penjelasan tampak cukup membantu untuk prioritisasi audit awal.,ai_prefill_draft,AI-assisted draft only. Human reviewers must verify/edit before treating as reviewed evidence.
160,test,92315,high_risk_probability,ocds-20h3g7-6135311,Pembangunan Drainase Desa Mambang Kecamatan Muara Kelingi,2023-11-02 00:00:00+00:00,Pemerintah Daerah Kabupaten Musi Rawas,CV. ARIMBI,346869600.0,346230500.0,2,2,High Risk,0.874529,0.050737,0.074733,0.874529,0.462346,f_buyer_supplier_repeat_count=4.0388 | f_supplier_recent_90d_award_count=3.8417 | f_is_q4=3.7216,"Model mengklasifikasikan paket ini sebagai **High Risk** dengan probabilitas 100.00%.
Faktor yang paling memengaruhi prediksi adalah:
- Frekuensi hubungan buyer-supplier berulang bernilai 7 dan meningkatkan skor risiko dengan kontribusi SHAP sekitar 4.0388.
- F supplier recent 90d award count bernilai 3 dan meningkatkan skor risiko dengan kontribusi SHAP sekitar 3.8417.
- Waktu publikasi pada kuartal iv bernilai 1 dan meningkatkan skor risiko dengan kontribusi SHAP sekitar 3.7216.",2,medium,Draft AI review: risiko didukung oleh hubungan buyer-supplier yang berulang dan lonjakan kemenangan supplier dalam 90 hari.,yes,3,yes,Draft AI review: penjelasan tampak cukup membantu untuk prioritisasi audit awal.,ai_prefill_draft,AI-assisted draft only. Human reviewers must verify/edit before treating as reviewed evidence.
161,test,90606,high_risk_probability,ocds-20h3g7-16889333,Rehabilitasi Jalan Cikupa Serdang Kulon Kec Panongan,2023-10-20 00:00:00+00:00,Pemerintah Daerah Kabupaten Tangerang,CV. MIKA KONTRUKSI,388000000.0,382189003.7,2,2,High Risk,0.874518,0.050213,0.075269,0.874518,0.462167,f_buyer_supplier_repeat_count=3.9625 | f_supplier_recent_90d_award_count=3.7902 | f_is_q4=3.7512,"Model mengklasifikasikan paket ini sebagai **High Risk** dengan probabilitas 100.00%.
Faktor yang paling memengaruhi prediksi adalah:
- Frekuensi hubungan buyer-supplier berulang bernilai 7 dan meningkatkan skor risiko dengan kontribusi SHAP sekitar 3.9625.
- F supplier recent 90d award count bernilai 4 dan meningkatkan skor risiko dengan kontribusi SHAP sekitar 3.7902.
- Waktu publikasi pada kuartal iv bernilai 1 dan meningkatkan skor risiko dengan kontribusi SHAP sekitar 3.7512.",2,medium,Draft AI review: risiko didukung oleh hubungan buyer-supplier yang berulang dan lonjakan kemenangan supplier dalam 90 hari.,yes,3,yes,Draft AI review: penjelasan tampak cukup membantu untuk prioritisasi audit awal.,ai_prefill_draft,AI-assisted draft only. Human reviewers must verify/edit before treating as reviewed evidence.
162,test,92358,high_risk_probability,ocds-20h3g7-21272044,DUKUNGAN OBAT-OBATAN DAN ALKES HABIS PAKAI,2023-11-03 00:00:00+00:00,Kepolisian Negara Republik Indonesia,SEKAR ANUGRAH MANDIRI,369042193.95,363502800.0,2,2,High Risk,0.874422,0.049264,0.076314,0.874422,0.462001,f_buyer_supplier_repeat_count=3.8269 | f_supplier_recent_90d_award_count=3.8000 | f_is_q4=3.6465,"Model mengklasifikasikan paket ini sebagai **High Risk** dengan probabilitas 100.00%.
Faktor yang paling memengaruhi prediksi adalah:
- Frekuensi hubungan buyer-supplier berulang bernilai 5 dan meningkatkan skor risiko dengan kontribusi SHAP sekitar 3.8269.
- F supplier recent 90d award count bernilai 3 dan meningkatkan skor risiko dengan kontribusi SHAP sekitar 3.8000.
- Waktu publikasi pada kuartal iv bernilai 1 dan meningkatkan skor risiko dengan kontribusi SHAP sekitar 3.6465.",2,medium,Draft AI review: risiko didukung oleh hubungan buyer-supplier yang berulang dan lonjakan kemenangan supplier dalam 90 hari.,yes,3,yes,Draft AI review: penjelasan tampak cukup membantu untuk prioritisasi audit awal.,ai_prefill_draft,AI-assisted draft only. Human reviewers must verify/edit before treating as reviewed evidence.
163,test,87546,high_risk_probability,ocds-20h3g7-12990415,Pemeliharan Berkala Jalan Poros Desa Binangun - Majol,2023-10-04 00:00:00+00:00,Pemerintah Daerah Kabupaten Tuban,CV.BAROKAH,597000000.0,595026691.32,2,2,High Risk,0.874391,0.050093,0.075516,0.874391,0.462428,f_buyer_supplier_repeat_count=3.9489 | f_supplier_recent_90d_award_count=3.7767 | f_is_q4=3.7530,"Model mengklasifikasikan paket ini sebagai **High Risk** dengan probabilitas 100.00%.
Faktor yang paling memengaruhi prediksi adalah:
- Frekuensi hubungan buyer-supplier berulang bernilai 9 dan meningkatkan skor risiko dengan kontribusi SHAP sekitar 3.9489.
- F supplier recent 90d award count bernilai 3 dan meningkatkan skor risiko dengan kontribusi SHAP sekitar 3.7767.
- Waktu publikasi pada kuartal iv bernilai 1 dan meningkatkan skor risiko dengan kontribusi SHAP sekitar 3.7530.",2,medium,Draft AI review: risiko didukung oleh hubungan buyer-supplier yang berulang dan lonjakan kemenangan supplier dalam 90 hari.,yes,3,yes,Draft AI review: penjelasan tampak cukup membantu untuk prioritisasi audit awal.,ai_prefill_draft,AI-assisted draft only. Human reviewers must verify/edit before treating as reviewed evidence.
164,test,91666,high_risk_probability,ocds-20h3g7-9660156,Normalisasi Sungai Desa Rambai Kec. Pangkalan Lampam,2023-10-27 00:00:00+00:00,Pemerintah Daerah Kabupaten Ogan Komering Ilir,CV. KREASINDO PUTRA NIKAN,500000000.0,497678481.81,2,2,High Risk,0.874357,0.050582,0.075061,0.874357,0.46271,f_buyer_supplier_repeat_count=3.9310 | f_supplier_recent_90d_award_count=3.7844 | f_is_q4=3.7786,"Model mengklasifikasikan paket ini sebagai **High Risk** dengan probabilitas 100.00%.
Faktor yang paling memengaruhi prediksi adalah:
- Frekuensi hubungan buyer-supplier berulang bernilai 9 dan meningkatkan skor risiko dengan kontribusi SHAP sekitar 3.9310.
- F supplier recent 90d award count bernilai 14 dan meningkatkan skor risiko dengan kontribusi SHAP sekitar 3.7844.
- Waktu publikasi pada kuartal iv bernilai 1 dan meningkatkan skor risiko dengan kontribusi SHAP sekitar 3.7786.",2,medium,Draft AI review: risiko didukung oleh hubungan buyer-supplier yang berulang dan lonjakan kemenangan supplier dalam 90 hari.,yes,3,yes,Draft AI review: penjelasan tampak cukup membantu untuk prioritisasi audit awal.,ai_prefill_draft,AI-assisted draft only. Human reviewers must verify/edit before treating as reviewed evidence.
165,test,91642,high_risk_probability,ocds-20h3g7-9658156,Pembangunan jalan Cor Bertiang Desa Tulung Selapan Ilir,2023-10-27 00:00:00+00:00,Pemerintah Daerah Kabupaten Ogan Komering Ilir,CV. AZHAR PRATAMA NIKAN,346620900.0,344600001.07,2,2,High Risk,0.874314,0.050833,0.074853,0.874314,0.462914,f_buyer_supplier_repeat_count=3.9503 | f_supplier_recent_90d_award_count=3.8226 | f_is_q4=3.7726,"Model mengklasifikasikan paket ini sebagai **High Risk** dengan probabilitas 100.00%.
Faktor yang paling memengaruhi prediksi adalah:
- Frekuensi hubungan buyer-supplier berulang bernilai 7 dan meningkatkan skor risiko dengan kontribusi SHAP sekitar 3.9503.
- F supplier recent 90d award count bernilai 8 dan meningkatkan skor risiko dengan kontribusi SHAP sekitar 3.8226.
- Waktu publikasi pada kuartal iv bernilai 1 dan meningkatkan skor risiko dengan kontribusi SHAP sekitar 3.7726.",2,medium,Draft AI review: risiko didukung oleh hubungan buyer-supplier yang berulang dan lonjakan kemenangan supplier dalam 90 hari.,yes,3,yes,Draft AI review: penjelasan tampak cukup membantu untuk prioritisasi audit awal.,ai_prefill_draft,AI-assisted draft only. Human reviewers must verify/edit before treating as reviewed evidence.
166,test,85813,high_risk_probability,ocds-20h3g7-2190722,Rehabilitasi Jalan Ruas Lili - Dorosagu,2023-09-27 00:00:00+00:00,Pemerintah Daerah Kabupaten Halmahera Timur,CV. BIASTAMA,5599997864.04,5545000000.0,2,2,High Risk,0.874219,0.055184,0.070597,0.874219,0.464526,f_tender_value_zscore_buyer=4.1637 | f_tender_value_log=4.1329 | f_buyer_supplier_repeat_count=3.5401,"Model mengklasifikasikan paket ini sebagai **High Risk** dengan probabilitas 100.00%.
Faktor yang paling memengaruhi prediksi adalah:
- F tender value zscore buyer bernilai 2.0707 dan meningkatkan skor risiko dengan kontribusi SHAP sekitar 4.1637.
- Nilai tender bernilai 22.446 dan meningkatkan skor risiko dengan kontribusi SHAP sekitar 4.1329.
- Frekuensi hubungan buyer-supplier berulang bernilai 4 dan meningkatkan skor risiko dengan kontribusi SHAP sekitar 3.5401.",2,medium,Draft AI review: risiko didukung oleh lonjakan nilai tender relatif terhadap histori buyer dan nilai tender yang besar.,yes,3,yes,Draft AI review: penjelasan tampak cukup membantu untuk prioritisasi audit awal.,ai_prefill_draft,AI-assisted draft only. Human reviewers must verify/edit before treating as reviewed evidence.
167,test,92520,high_risk_probability,ocds-20h3g7-10033107,Pembangunan Box Culvert Ayek Putih Kelurahan Muara Enim,2023-11-03 00:00:00+00:00,Pemerintah Daerah Kabupaten Muara Enim,CV. ARHAM,397500000.0,389999900.0,2,2,High Risk,0.874211,0.050047,0.075742,0.874211,0.46285,f_buyer_supplier_repeat_count=3.9094 | f_supplier_recent_90d_award_count=3.7523 | f_is_q4=3.7036,"Model mengklasifikasikan paket ini sebagai **High Risk** dengan probabilitas 100.00%.
Faktor yang paling memengaruhi prediksi adalah:
- Frekuensi hubungan buyer-supplier berulang bernilai 4 dan meningkatkan skor risiko dengan kontribusi SHAP sekitar 3.9094.
- F supplier recent 90d award count bernilai 4 dan meningkatkan skor risiko dengan kontribusi SHAP sekitar 3.7523.
- Waktu publikasi pada kuartal iv bernilai 1 dan meningkatkan skor risiko dengan kontribusi SHAP sekitar 3.7036.",2,medium,Draft AI review: risiko didukung oleh hubungan buyer-supplier yang berulang dan lonjakan kemenangan supplier dalam 90 hari.,yes,3,yes,Draft AI review: penjelasan tampak cukup membantu untuk prioritisasi audit awal.,ai_prefill_draft,AI-assisted draft only. Human reviewers must verify/edit before treating as reviewed evidence.
168,test,89016,high_risk_probability,ocds-20h3g7-9537156,Rehab Jembatan Desa Sinar Harapan Mulya,2023-10-11 00:00:00+00:00,Pemerintah Daerah Kabupaten Ogan Komering Ilir,ADITIA PUTRA JAYA,599994451.46,597681000.16,2,2,High Risk,0.874209,0.050513,0.075278,0.874209,0.463044,f_buyer_supplier_repeat_count=4.0385 | f_supplier_recent_90d_award_count=3.7232 | f_is_q4=3.7204,"Model mengklasifikasikan paket ini sebagai **High Risk** dengan probabilitas 100.00%.
Faktor yang paling memengaruhi prediksi adalah:
- Frekuensi hubungan buyer-supplier berulang bernilai 9 dan meningkatkan skor risiko dengan kontribusi SHAP sekitar 4.0385.
- F supplier recent 90d award count bernilai 4 dan meningkatkan skor risiko dengan kontribusi SHAP sekitar 3.7232.
- Waktu publikasi pada kuartal iv bernilai 1 dan meningkatkan skor risiko dengan kontribusi SHAP sekitar 3.7204.",2,medium,Draft AI review: risiko didukung oleh hubungan buyer-supplier yang berulang dan lonjakan kemenangan supplier dalam 90 hari.,yes,3,yes,Draft AI review: penjelasan tampak cukup membantu untuk prioritisasi audit awal.,ai_prefill_draft,AI-assisted draft only. Human reviewers must verify/edit before treating as reviewed evidence.
169,test,86688,high_risk_probability,ocds-20h3g7-2028369,Peningkatan dan Rehabilitasi Jalan Dalam Kecamatan Lepar,2023-10-02 00:00:00+00:00,Pemerintah Daerah Kabupaten Bangka Selatan,CITRA JAYA MANDIRI,14926480000.0,14851629000.0,2,2,High Risk,0.874187,0.048748,0.077065,0.874187,0.462342,f_tender_value_log=4.4229 | f_tender_value_zscore_buyer=4.2798 | f_is_q4=3.2323,"Model mengklasifikasikan paket ini sebagai **High Risk** dengan probabilitas 100.00%.
Faktor yang paling memengaruhi prediksi adalah:
- Nilai tender bernilai 23.4264 dan meningkatkan skor risiko dengan kontribusi SHAP sekitar 4.4229.
- F tender value zscore buyer bernilai 3.5204 dan meningkatkan skor risiko dengan kontribusi SHAP sekitar 4.2798.
- Waktu publikasi pada kuartal iv bernilai 1 dan meningkatkan skor risiko dengan kontribusi SHAP sekitar 3.2323.",2,medium,Draft AI review: risiko didukung oleh nilai tender yang besar dan lonjakan nilai tender relatif terhadap histori buyer.,yes,3,yes,Draft AI review: penjelasan tampak cukup membantu untuk prioritisasi audit awal.,ai_prefill_draft,AI-assisted draft only. Human reviewers must verify/edit before treating as reviewed evidence.
170,test,91451,high_risk_probability,ocds-20h3g7-9892107,Interior Kantor DISPERKIM,2023-10-27 00:00:00+00:00,Pemerintah Daerah Kabupaten Muara Enim,CV. TIGA MUARA,1119978000.0,1096535000.0,2,2,High Risk,0.874178,0.048892,0.07693,0.874178,0.46243,f_buyer_supplier_repeat_count=3.8759 | f_supplier_recent_90d_award_count=3.6852 | f_is_q4=3.6272,"Model mengklasifikasikan paket ini sebagai **High Risk** dengan probabilitas 100.00%.
Faktor yang paling memengaruhi prediksi adalah:
- Frekuensi hubungan buyer-supplier berulang bernilai 5 dan meningkatkan skor risiko dengan kontribusi SHAP sekitar 3.8759.
- F supplier recent 90d award count bernilai 3 dan meningkatkan skor risiko dengan kontribusi SHAP sekitar 3.6852.
- Waktu publikasi pada kuartal iv bernilai 1 dan meningkatkan skor risiko dengan kontribusi SHAP sekitar 3.6272.",2,medium,Draft AI review: risiko didukung oleh hubungan buyer-supplier yang berulang dan lonjakan kemenangan supplier dalam 90 hari.,yes,3,yes,Draft AI review: penjelasan tampak cukup membantu untuk prioritisasi audit awal.,ai_prefill_draft,AI-assisted draft only. Human reviewers must verify/edit before treating as reviewed evidence.
171,test,89208,high_risk_probability,ocds-20h3g7-7308052,Peningkatan Jalan Poros Atang Pait Tajur,2023-10-13 00:00:00+00:00,Pemerintah Daerah Kabupaten Paser,CV. NURUL BAROKHAH,10270646349.0,10212985000.0,2,2,High Risk,0.874167,0.048365,0.077468,0.874167,0.462212,f_buyer_supplier_repeat_count=3.7847 | f_is_q4=3.5417 | f_tender_value_log=3.4601,"Model mengklasifikasikan paket ini sebagai **High Risk** dengan probabilitas 100.00%.
Faktor yang paling memengaruhi prediksi adalah:
- Frekuensi hubungan buyer-supplier berulang bernilai 5 dan meningkatkan skor risiko dengan kontribusi SHAP sekitar 3.7847.
- Waktu publikasi pada kuartal iv bernilai 1 dan meningkatkan skor risiko dengan kontribusi SHAP sekitar 3.5417.
- Nilai tender bernilai 23.0526 dan meningkatkan skor risiko dengan kontribusi SHAP sekitar 3.4601.",2,medium,Draft AI review: risiko didukung oleh hubungan buyer-supplier yang berulang dan timing akhir tahun anggaran.,yes,3,yes,Draft AI review: penjelasan tampak cukup membantu untuk prioritisasi audit awal.,ai_prefill_draft,AI-assisted draft only. Human reviewers must verify/edit before treating as reviewed evidence.
172,test,89881,high_risk_probability,ocds-20h3g7-5287306,Rehab Gedung Kantor Dinas PUPRPERKIMTAN,2023-10-17 00:00:00+00:00,Pemerintah Daerah Kabupaten Lamandau,CV. PUTRA BORNEO MANDIRI,299987000.0,239989600.0,2,2,High Risk,0.874156,0.048714,0.07713,0.874156,0.4624,f_buyer_supplier_repeat_count=3.9250 | f_supplier_recent_90d_award_count=3.7468 | f_is_q4=3.7114,"Model mengklasifikasikan paket ini sebagai **High Risk** dengan probabilitas 100.00%.
Faktor yang paling memengaruhi prediksi adalah:
- Frekuensi hubungan buyer-supplier berulang bernilai 2 dan meningkatkan skor risiko dengan kontribusi SHAP sekitar 3.9250.
- F supplier recent 90d award count bernilai 3 dan meningkatkan skor risiko dengan kontribusi SHAP sekitar 3.7468.
- Waktu publikasi pada kuartal iv bernilai 1 dan meningkatkan skor risiko dengan kontribusi SHAP sekitar 3.7114.",2,medium,Draft AI review: risiko didukung oleh hubungan buyer-supplier yang berulang dan lonjakan kemenangan supplier dalam 90 hari.,yes,3,yes,Draft AI review: penjelasan tampak cukup membantu untuk prioritisasi audit awal.,ai_prefill_draft,AI-assisted draft only. Human reviewers must verify/edit before treating as reviewed evidence.
173,test,90797,high_risk_probability,ocds-20h3g7-3078729,Pengadaan Fiber Dinas Perikanan Perubahan 2023,2023-10-23 00:00:00+00:00,Pemerintah Daerah Kabupaten Halmahera Tengah,cv.azfer construction,959996598.0,955196615.01,2,2,High Risk,0.87412,0.049863,0.076017,0.87412,0.462996,f_buyer_supplier_repeat_count=3.8301 | f_is_q4=3.6866 | f_supplier_recent_90d_award_count=3.6563,"Model mengklasifikasikan paket ini sebagai **High Risk** dengan probabilitas 100.00%.
Faktor yang paling memengaruhi prediksi adalah:
- Frekuensi hubungan buyer-supplier berulang bernilai 5 dan meningkatkan skor risiko dengan kontribusi SHAP sekitar 3.8301.
- Waktu publikasi pada kuartal iv bernilai 1 dan meningkatkan skor risiko dengan kontribusi SHAP sekitar 3.6866.
- F supplier recent 90d award count bernilai 5 dan meningkatkan skor risiko dengan kontribusi SHAP sekitar 3.6563.",2,medium,Draft AI review: risiko didukung oleh hubungan buyer-supplier yang berulang dan timing akhir tahun anggaran.,yes,3,yes,Draft AI review: penjelasan tampak cukup membantu untuk prioritisasi audit awal.,ai_prefill_draft,AI-assisted draft only. Human reviewers must verify/edit before treating as reviewed evidence.
174,test,91012,high_risk_probability,ocds-20h3g7-46601047,Penyediaan Obat Penyakit Menular (Kusta) Tahun 2023,2023-10-24 00:00:00+00:00,Kementerian Kesehatan,PT. Kimia Farma Trading & Distribution,8617707000.0,8599225500.0,2,2,High Risk,0.874044,0.049834,0.076122,0.874044,0.463169,f_buyer_supplier_repeat_count=3.6892 | f_is_q4=3.6625 | f_tender_value_log=3.5920,"Model mengklasifikasikan paket ini sebagai **High Risk** dengan probabilitas 100.00%.
Faktor yang paling memengaruhi prediksi adalah:
- Frekuensi hubungan buyer-supplier berulang bernilai 2 dan meningkatkan skor risiko dengan kontribusi SHAP sekitar 3.6892.
- Waktu publikasi pada kuartal iv bernilai 1 dan meningkatkan skor risiko dengan kontribusi SHAP sekitar 3.6625.
- Nilai tender bernilai 22.8771 dan meningkatkan skor risiko dengan kontribusi SHAP sekitar 3.5920.",2,medium,Draft AI review: risiko didukung oleh hubungan buyer-supplier yang berulang dan timing akhir tahun anggaran.,yes,3,yes,Draft AI review: penjelasan tampak cukup membantu untuk prioritisasi audit awal.,ai_prefill_draft,AI-assisted draft only. Human reviewers must verify/edit before treating as reviewed evidence.
175,test,87894,high_risk_probability,ocds-20h3g7-3054729,Pembangunan Pagar Keliling Sementara (RSUD Perubahan 2023),2023-10-05 00:00:00+00:00,Pemerintah Daerah Kabupaten Halmahera Tengah,CV. ARINA JAYA BAKTI,250000000.0,249496740.65,2,2,High Risk,0.87404,0.049661,0.076298,0.87404,0.463104,f_buyer_supplier_repeat_count=3.9592 | f_supplier_recent_90d_award_count=3.7195 | f_is_q4=3.6968,"Model mengklasifikasikan paket ini sebagai **High Risk** dengan probabilitas 100.00%.
Faktor yang paling memengaruhi prediksi adalah:
- Frekuensi hubungan buyer-supplier berulang bernilai 4 dan meningkatkan skor risiko dengan kontribusi SHAP sekitar 3.9592.
- F supplier recent 90d award count bernilai 4 dan meningkatkan skor risiko dengan kontribusi SHAP sekitar 3.7195.
- Waktu publikasi pada kuartal iv bernilai 1 dan meningkatkan skor risiko dengan kontribusi SHAP sekitar 3.6968.",2,medium,Draft AI review: risiko didukung oleh hubungan buyer-supplier yang berulang dan lonjakan kemenangan supplier dalam 90 hari.,yes,3,yes,Draft AI review: penjelasan tampak cukup membantu untuk prioritisasi audit awal.,ai_prefill_draft,AI-assisted draft only. Human reviewers must verify/edit before treating as reviewed evidence.
176,test,89207,high_risk_probability,ocds-20h3g7-3910675,Pembangunan Conblok Lanjutan SMP NEGERI 2 Muara Rupit,2023-10-13 00:00:00+00:00,Pemerintah Daerah Kabupaten Musi Rawas Utara,CV.RAISYAH DAN RAIHAN KONSTRUKSI,299900000.0,298599515.8,2,2,High Risk,0.873931,0.050921,0.075148,0.873931,0.463886,f_buyer_supplier_repeat_count=3.9276 | f_is_q4=3.7969 | f_supplier_recent_90d_award_count=3.7800,"Model mengklasifikasikan paket ini sebagai **High Risk** dengan probabilitas 100.00%.
Faktor yang paling memengaruhi prediksi adalah:
- Frekuensi hubungan buyer-supplier berulang bernilai 7 dan meningkatkan skor risiko dengan kontribusi SHAP sekitar 3.9276.
- Waktu publikasi pada kuartal iv bernilai 1 dan meningkatkan skor risiko dengan kontribusi SHAP sekitar 3.7969.
- F supplier recent 90d award count bernilai 3 dan meningkatkan skor risiko dengan kontribusi SHAP sekitar 3.7800.",2,medium,Draft AI review: risiko didukung oleh hubungan buyer-supplier yang berulang dan timing akhir tahun anggaran.,yes,3,yes,Draft AI review: penjelasan tampak cukup membantu untuk prioritisasi audit awal.,ai_prefill_draft,AI-assisted draft only. Human reviewers must verify/edit before treating as reviewed evidence.
177,test,92778,high_risk_probability,ocds-20h3g7-6155311,Peningkatan Jalan Desa M. Sitiharjo,2023-11-08 00:00:00+00:00,Pemerintah Daerah Kabupaten Musi Rawas,CV.GILANKDIRGA,499970000.0,499675582.46,2,2,High Risk,0.873928,0.050651,0.075421,0.873928,0.463789,f_buyer_supplier_repeat_count=3.8713 | f_supplier_recent_90d_award_count=3.8153 | f_is_q4=3.7707,"Model mengklasifikasikan paket ini sebagai **High Risk** dengan probabilitas 100.00%.
Faktor yang paling memengaruhi prediksi adalah:
- Frekuensi hubungan buyer-supplier berulang bernilai 5 dan meningkatkan skor risiko dengan kontribusi SHAP sekitar 3.8713.
- F supplier recent 90d award count bernilai 5 dan meningkatkan skor risiko dengan kontribusi SHAP sekitar 3.8153.
- Waktu publikasi pada kuartal iv bernilai 1 dan meningkatkan skor risiko dengan kontribusi SHAP sekitar 3.7707.",2,medium,Draft AI review: risiko didukung oleh hubungan buyer-supplier yang berulang dan lonjakan kemenangan supplier dalam 90 hari.,yes,3,yes,Draft AI review: penjelasan tampak cukup membantu untuk prioritisasi audit awal.,ai_prefill_draft,AI-assisted draft only. Human reviewers must verify/edit before treating as reviewed evidence.
178,test,66247,high_risk_probability,ocds-20h3g7-2857729,Pembangunan Trotoar dalam Kota weda,2023-07-21 00:00:00+00:00,Pemerintah Daerah Kabupaten Halmahera Tengah,CV. SURYA PRIMA SAKTI,7000000000.0,6996484534.96,2,2,High Risk,0.873868,0.051605,0.074527,0.873868,0.464301,f_tender_value_zscore_buyer=4.7762 | f_tender_value_log=4.3609 | f_supplier_recent_90d_award_count=3.6126,"Model mengklasifikasikan paket ini sebagai **High Risk** dengan probabilitas 100.00%.
Faktor yang paling memengaruhi prediksi adalah:
- F tender value zscore buyer bernilai 6.2445 dan meningkatkan skor risiko dengan kontribusi SHAP sekitar 4.7762.
- Nilai tender bernilai 22.6692 dan meningkatkan skor risiko dengan kontribusi SHAP sekitar 4.3609.
- F supplier recent 90d award count bernilai 10 dan meningkatkan skor risiko dengan kontribusi SHAP sekitar 3.6126.",2,medium,Draft AI review: risiko didukung oleh lonjakan nilai tender relatif terhadap histori buyer dan nilai tender yang besar.,yes,3,yes,Draft AI review: penjelasan tampak cukup membantu untuk prioritisasi audit awal.,ai_prefill_draft,AI-assisted draft only. Human reviewers must verify/edit before treating as reviewed evidence.
179,test,87420,high_risk_probability,ocds-20h3g7-12854415,Pelebaran Jalan Poros Desa Rengel-Waturongko,2023-10-04 00:00:00+00:00,Pemerintah Daerah Kabupaten Tuban,PT. PUTRA PUTRI BAROKAH,710000000.0,707351924.97,2,2,High Risk,0.873864,0.050464,0.075672,0.873864,0.463869,f_buyer_supplier_repeat_count=4.0233 | f_supplier_recent_90d_award_count=3.6923 | f_is_q4=3.6640,"Model mengklasifikasikan paket ini sebagai **High Risk** dengan probabilitas 100.00%.
Faktor yang paling memengaruhi prediksi adalah:
- Frekuensi hubungan buyer-supplier berulang bernilai 8 dan meningkatkan skor risiko dengan kontribusi SHAP sekitar 4.0233.
- F supplier recent 90d award count bernilai 3 dan meningkatkan skor risiko dengan kontribusi SHAP sekitar 3.6923.
- Waktu publikasi pada kuartal iv bernilai 1 dan meningkatkan skor risiko dengan kontribusi SHAP sekitar 3.6640.",2,medium,Draft AI review: risiko didukung oleh hubungan buyer-supplier yang berulang dan lonjakan kemenangan supplier dalam 90 hari.,yes,3,yes,Draft AI review: penjelasan tampak cukup membantu untuk prioritisasi audit awal.,ai_prefill_draft,AI-assisted draft only. Human reviewers must verify/edit before treating as reviewed evidence.
180,test,90780,high_risk_probability,ocds-20h3g7-6126311,Peningkatan Jalan Desa Sidodadi,2023-10-23 00:00:00+00:00,Pemerintah Daerah Kabupaten Musi Rawas,CV. DAYA GUNA ARTA,399964000.0,399540805.86,2,2,High Risk,0.873858,0.050841,0.075302,0.873858,0.464036,f_buyer_supplier_repeat_count=3.9536 | f_supplier_recent_90d_award_count=3.8472 | f_is_q4=3.7699,"Model mengklasifikasikan paket ini sebagai **High Risk** dengan probabilitas 100.00%.
Faktor yang paling memengaruhi prediksi adalah:
- Frekuensi hubungan buyer-supplier berulang bernilai 15 dan meningkatkan skor risiko dengan kontribusi SHAP sekitar 3.9536.
- F supplier recent 90d award count bernilai 9 dan meningkatkan skor risiko dengan kontribusi SHAP sekitar 3.8472.
- Waktu publikasi pada kuartal iv bernilai 1 dan meningkatkan skor risiko dengan kontribusi SHAP sekitar 3.7699.",2,medium,Draft AI review: risiko didukung oleh hubungan buyer-supplier yang berulang dan lonjakan kemenangan supplier dalam 90 hari.,yes,3,yes,Draft AI review: penjelasan tampak cukup membantu untuk prioritisasi audit awal.,ai_prefill_draft,AI-assisted draft only. Human reviewers must verify/edit before treating as reviewed evidence.
181,test,80989,high_risk_probability,ocds-20h3g7-5073177,Rehab Jalan Simpang Salam Babaris - Kembang Habang,2023-09-08 00:00:00+00:00,Pemerintah Daerah Kabupaten Tapin,NATA NUSA BORNEO,5999984392.18,5938524420.17,2,2,High Risk,0.873816,0.055755,0.07043,0.873816,0.465677,f_tender_value_log=4.2278 | f_tender_value_zscore_buyer=4.1771 | f_buyer_supplier_repeat_count=3.4588,"Model mengklasifikasikan paket ini sebagai **High Risk** dengan probabilitas 100.00%.
Faktor yang paling memengaruhi prediksi adalah:
- Nilai tender bernilai 22.515 dan meningkatkan skor risiko dengan kontribusi SHAP sekitar 4.2278.
- F tender value zscore buyer bernilai 2.4153 dan meningkatkan skor risiko dengan kontribusi SHAP sekitar 4.1771.
- Frekuensi hubungan buyer-supplier berulang bernilai 3 dan meningkatkan skor risiko dengan kontribusi SHAP sekitar 3.4588.",2,medium,Draft AI review: risiko didukung oleh nilai tender yang besar dan lonjakan nilai tender relatif terhadap histori buyer.,yes,3,yes,Draft AI review: penjelasan tampak cukup membantu untuk prioritisasi audit awal.,ai_prefill_draft,AI-assisted draft only. Human reviewers must verify/edit before treating as reviewed evidence.
182,test,42369,high_risk_probability,ocds-20h3g7-85491064,Peningkatan Jalan Bts. Kota Amlapura - Seraya - Culik,2023-06-07 00:00:00+00:00,Kementerian Pekerjaan Umum dan Perumahan Rakyat,PT. Sinar Tunas Karya Utama,43825979000.0,36335372713.49,2,2,High Risk,0.87379,0.052389,0.073821,0.87379,0.464771,f_tender_value_log=3.8849 | f_buyer_supplier_repeat_count=3.6821 | f_supplier_recent_90d_award_count=3.5689,"Model mengklasifikasikan paket ini sebagai **High Risk** dengan probabilitas 100.00%.
Faktor yang paling memengaruhi prediksi adalah:
- Nilai tender bernilai 24.5035 dan meningkatkan skor risiko dengan kontribusi SHAP sekitar 3.8849.
- Frekuensi hubungan buyer-supplier berulang bernilai 2 dan meningkatkan skor risiko dengan kontribusi SHAP sekitar 3.6821.
- F supplier recent 90d award count bernilai 3 dan meningkatkan skor risiko dengan kontribusi SHAP sekitar 3.5689.",2,medium,Draft AI review: risiko didukung oleh nilai tender yang besar dan hubungan buyer-supplier yang berulang.,yes,3,yes,Draft AI review: penjelasan tampak cukup membantu untuk prioritisasi audit awal.,ai_prefill_draft,AI-assisted draft only. Human reviewers must verify/edit before treating as reviewed evidence.
183,test,89551,high_risk_probability,ocds-20h3g7-6512596,SID Pintu Air DAS Mahakam (P-APBD 2023),2023-10-14 00:00:00+00:00,Pemerintah Daerah Kota Samarinda,CV. EXECUTIVE 04 CONSULTANT,149994000.0,148469715.0,2,2,High Risk,0.873765,0.049579,0.076655,0.873765,0.463738,f_buyer_supplier_repeat_count=4.0207 | f_supplier_recent_90d_award_count=3.7850 | f_is_q4=3.5963,"Model mengklasifikasikan paket ini sebagai **High Risk** dengan probabilitas 100.00%.
Faktor yang paling memengaruhi prediksi adalah:
- Frekuensi hubungan buyer-supplier berulang bernilai 5 dan meningkatkan skor risiko dengan kontribusi SHAP sekitar 4.0207.
- F supplier recent 90d award count bernilai 9 dan meningkatkan skor risiko dengan kontribusi SHAP sekitar 3.7850.
- Waktu publikasi pada kuartal iv bernilai 1 dan meningkatkan skor risiko dengan kontribusi SHAP sekitar 3.5963.",2,medium,Draft AI review: risiko didukung oleh hubungan buyer-supplier yang berulang dan lonjakan kemenangan supplier dalam 90 hari.,yes,3,yes,Draft AI review: penjelasan tampak cukup membantu untuk prioritisasi audit awal.,ai_prefill_draft,AI-assisted draft only. Human reviewers must verify/edit before treating as reviewed evidence.
184,test,91593,high_risk_probability,ocds-20h3g7-13109415,Rehabilitasi Ruang Kelas SMPN 1 Grabagan (P-APBD),2023-10-27 00:00:00+00:00,Pemerintah Daerah Kabupaten Tuban,ENDIK MULYA,301394415.55,295926777.98,2,2,High Risk,0.873761,0.050377,0.075862,0.873761,0.464086,f_buyer_supplier_repeat_count=3.9998 | f_supplier_recent_90d_award_count=3.7590 | f_is_q4=3.7550,"Model mengklasifikasikan paket ini sebagai **High Risk** dengan probabilitas 100.00%.
Faktor yang paling memengaruhi prediksi adalah:
- Frekuensi hubungan buyer-supplier berulang bernilai 7 dan meningkatkan skor risiko dengan kontribusi SHAP sekitar 3.9998.
- F supplier recent 90d award count bernilai 3 dan meningkatkan skor risiko dengan kontribusi SHAP sekitar 3.7590.
- Waktu publikasi pada kuartal iv bernilai 1 dan meningkatkan skor risiko dengan kontribusi SHAP sekitar 3.7550.",2,medium,Draft AI review: risiko didukung oleh hubungan buyer-supplier yang berulang dan lonjakan kemenangan supplier dalam 90 hari.,yes,3,yes,Draft AI review: penjelasan tampak cukup membantu untuk prioritisasi audit awal.,ai_prefill_draft,AI-assisted draft only. Human reviewers must verify/edit before treating as reviewed evidence.
185,test,92435,high_risk_probability,ocds-20h3g7-10045107,Rehab Jalan Lingkar Desa Muara Lematang,2023-11-03 00:00:00+00:00,Pemerintah Daerah Kabupaten Muara Enim,CV. Robema,999000000.0,995346207.84,2,2,High Risk,0.873716,0.049944,0.07634,0.873716,0.464015,f_buyer_supplier_repeat_count=3.9610 | f_supplier_recent_90d_award_count=3.6902 | f_is_q4=3.6140,"Model mengklasifikasikan paket ini sebagai **High Risk** dengan probabilitas 100.00%.
Faktor yang paling memengaruhi prediksi adalah:
- Frekuensi hubungan buyer-supplier berulang bernilai 4 dan meningkatkan skor risiko dengan kontribusi SHAP sekitar 3.9610.
- F supplier recent 90d award count bernilai 3 dan meningkatkan skor risiko dengan kontribusi SHAP sekitar 3.6902.
- Waktu publikasi pada kuartal iv bernilai 1 dan meningkatkan skor risiko dengan kontribusi SHAP sekitar 3.6140.",2,medium,Draft AI review: risiko didukung oleh hubungan buyer-supplier yang berulang dan lonjakan kemenangan supplier dalam 90 hari.,yes,3,yes,Draft AI review: penjelasan tampak cukup membantu untuk prioritisasi audit awal.,ai_prefill_draft,AI-assisted draft only. Human reviewers must verify/edit before treating as reviewed evidence.
186,test,89442,high_risk_probability,ocds-20h3g7-3919675,Pembangunan 1 Ruang Kelas SD Negeri 2 Karya Makmur,2023-10-13 00:00:00+00:00,Pemerintah Daerah Kabupaten Musi Rawas Utara,CV.DION,254950000.0,254436205.85,2,2,High Risk,0.873704,0.050642,0.075654,0.873704,0.464334,f_buyer_supplier_repeat_count=3.9169 | f_is_q4=3.7373 | f_supplier_recent_90d_award_count=3.7371,"Model mengklasifikasikan paket ini sebagai **High Risk** dengan probabilitas 100.00%.
Faktor yang paling memengaruhi prediksi adalah:
- Frekuensi hubungan buyer-supplier berulang bernilai 6 dan meningkatkan skor risiko dengan kontribusi SHAP sekitar 3.9169.
- Waktu publikasi pada kuartal iv bernilai 1 dan meningkatkan skor risiko dengan kontribusi SHAP sekitar 3.7373.
- F supplier recent 90d award count bernilai 3 dan meningkatkan skor risiko dengan kontribusi SHAP sekitar 3.7371.",2,medium,Draft AI review: risiko didukung oleh hubungan buyer-supplier yang berulang dan timing akhir tahun anggaran.,yes,3,yes,Draft AI review: penjelasan tampak cukup membantu untuk prioritisasi audit awal.,ai_prefill_draft,AI-assisted draft only. Human reviewers must verify/edit before treating as reviewed evidence.
187,test,55924,high_risk_probability,ocds-20h3g7-3195695,Pembangunan GEDUNG PUSKESMAS YAMBI DAK 2023,2023-06-26 00:00:00+00:00,Pemerintah Daerah Kabupaten Puncak Jaya,CV. FAJAR BINTANG TIRIWANDIN,14614753837.68,14444820085.56,2,2,High Risk,0.873676,0.055377,0.070948,0.873676,0.465939,f_tender_value_log=4.2654 | f_tender_value_zscore_buyer=4.1865 | f_buyer_supplier_repeat_count=3.3729,"Model mengklasifikasikan paket ini sebagai **High Risk** dengan probabilitas 100.00%.
Faktor yang paling memengaruhi prediksi adalah:
- Nilai tender bernilai 23.4053 dan meningkatkan skor risiko dengan kontribusi SHAP sekitar 4.2654.
- F tender value zscore buyer bernilai 2.4604 dan meningkatkan skor risiko dengan kontribusi SHAP sekitar 4.1865.
- Frekuensi hubungan buyer-supplier berulang bernilai 2 dan meningkatkan skor risiko dengan kontribusi SHAP sekitar 3.3729.",2,medium,Draft AI review: risiko didukung oleh nilai tender yang besar dan lonjakan nilai tender relatif terhadap histori buyer.,yes,3,yes,Draft AI review: penjelasan tampak cukup membantu untuk prioritisasi audit awal.,ai_prefill_draft,AI-assisted draft only. Human reviewers must verify/edit before treating as reviewed evidence.
188,test,91912,high_risk_probability,ocds-20h3g7-9923107,Peningkatan Jalan Desa Babat,2023-10-31 00:00:00+00:00,Pemerintah Daerah Kabupaten Muara Enim,CV.ADHITYA NUGRAHA,499500000.0,491155000.0,2,2,High Risk,0.873666,0.04911,0.077224,0.873666,0.463771,f_buyer_supplier_repeat_count=3.9372 | f_is_q4=3.7479 | f_supplier_recent_90d_award_count=3.6729,"Model mengklasifikasikan paket ini sebagai **High Risk** dengan probabilitas 100.00%.
Faktor yang paling memengaruhi prediksi adalah:
- Frekuensi hubungan buyer-supplier berulang bernilai 5 dan meningkatkan skor risiko dengan kontribusi SHAP sekitar 3.9372.
- Waktu publikasi pada kuartal iv bernilai 1 dan meningkatkan skor risiko dengan kontribusi SHAP sekitar 3.7479.
- F supplier recent 90d award count bernilai 3 dan meningkatkan skor risiko dengan kontribusi SHAP sekitar 3.6729.",2,medium,Draft AI review: risiko didukung oleh hubungan buyer-supplier yang berulang dan timing akhir tahun anggaran.,yes,3,yes,Draft AI review: penjelasan tampak cukup membantu untuk prioritisasi audit awal.,ai_prefill_draft,AI-assisted draft only. Human reviewers must verify/edit before treating as reviewed evidence.
189,test,91802,high_risk_probability,ocds-20h3g7-7407052,Peningkatan Jalan Usaha Tani Desa Lolo Kecamatan Kuaro,2023-10-30 00:00:00+00:00,Pemerintah Daerah Kabupaten Paser,CV. AL-FATIH,858000000.0,849398743.0,2,2,High Risk,0.873609,0.050417,0.075974,0.873609,0.464474,f_buyer_supplier_repeat_count=3.9165 | f_supplier_recent_90d_award_count=3.7314 | f_is_q4=3.7278,"Model mengklasifikasikan paket ini sebagai **High Risk** dengan probabilitas 100.00%.
Faktor yang paling memengaruhi prediksi adalah:
- Frekuensi hubungan buyer-supplier berulang bernilai 4 dan meningkatkan skor risiko dengan kontribusi SHAP sekitar 3.9165.
- F supplier recent 90d award count bernilai 3 dan meningkatkan skor risiko dengan kontribusi SHAP sekitar 3.7314.
- Waktu publikasi pada kuartal iv bernilai 1 dan meningkatkan skor risiko dengan kontribusi SHAP sekitar 3.7278.",2,medium,Draft AI review: risiko didukung oleh hubungan buyer-supplier yang berulang dan lonjakan kemenangan supplier dalam 90 hari.,yes,3,yes,Draft AI review: penjelasan tampak cukup membantu untuk prioritisasi audit awal.,ai_prefill_draft,AI-assisted draft only. Human reviewers must verify/edit before treating as reviewed evidence.
190,test,89655,high_risk_probability,ocds-20h3g7-3077238,Jalan Lingkungan Desa Tanjung Harapan Kecamatan Ulok Kupai,2023-10-16 00:00:00+00:00,Pemerintah Daerah Kabupaten Bengkulu Utara,CV. SURYA DARMA LAKSANA,399980000.0,379995228.23,2,2,High Risk,0.873601,0.04905,0.077348,0.873601,0.463902,f_buyer_supplier_repeat_count=3.8692 | f_is_q4=3.7348 | f_supplier_recent_90d_award_count=3.7203,"Model mengklasifikasikan paket ini sebagai **High Risk** dengan probabilitas 100.00%.
Faktor yang paling memengaruhi prediksi adalah:
- Frekuensi hubungan buyer-supplier berulang bernilai 3 dan meningkatkan skor risiko dengan kontribusi SHAP sekitar 3.8692.
- Waktu publikasi pada kuartal iv bernilai 1 dan meningkatkan skor risiko dengan kontribusi SHAP sekitar 3.7348.
- F supplier recent 90d award count bernilai 3 dan meningkatkan skor risiko dengan kontribusi SHAP sekitar 3.7203.",2,medium,Draft AI review: risiko didukung oleh hubungan buyer-supplier yang berulang dan timing akhir tahun anggaran.,yes,3,yes,Draft AI review: penjelasan tampak cukup membantu untuk prioritisasi audit awal.,ai_prefill_draft,AI-assisted draft only. Human reviewers must verify/edit before treating as reviewed evidence.
191,test,89971,high_risk_probability,ocds-20h3g7-2512379,Pembangunan Box Culvert di Desa Tangki Dahuyan,2023-10-18 00:00:00+00:00,Pemerintah Daerah Kabupaten Gunung Mas,CV. TATA BANGUN KONSTRUKSI,654000000.0,646000000.0,2,2,High Risk,0.873539,0.049581,0.07688,0.873539,0.464289,f_buyer_supplier_repeat_count=3.8470 | f_supplier_recent_90d_award_count=3.6826 | f_is_q4=3.6779,"Model mengklasifikasikan paket ini sebagai **High Risk** dengan probabilitas 100.00%.
Faktor yang paling memengaruhi prediksi adalah:
- Frekuensi hubungan buyer-supplier berulang bernilai 3 dan meningkatkan skor risiko dengan kontribusi SHAP sekitar 3.8470.
- F supplier recent 90d award count bernilai 3 dan meningkatkan skor risiko dengan kontribusi SHAP sekitar 3.6826.
- Waktu publikasi pada kuartal iv bernilai 1 dan meningkatkan skor risiko dengan kontribusi SHAP sekitar 3.6779.",2,medium,Draft AI review: risiko didukung oleh hubungan buyer-supplier yang berulang dan lonjakan kemenangan supplier dalam 90 hari.,yes,3,yes,Draft AI review: penjelasan tampak cukup membantu untuk prioritisasi audit awal.,ai_prefill_draft,AI-assisted draft only. Human reviewers must verify/edit before treating as reviewed evidence.
192,test,91571,high_risk_probability,ocds-20h3g7-4463357,Pembangunan Jalan Lingkungan Kelurahan Tanjung Batu,2023-10-27 00:00:00+00:00,Pemerintah Daerah Kabupaten Ogan Ilir,CV. Puncak Indah,500000000.0,497293778.29,2,2,High Risk,0.873507,0.050516,0.075977,0.873507,0.464764,f_buyer_supplier_repeat_count=3.9416 | f_supplier_recent_90d_award_count=3.8132 | f_is_q4=3.7661,"Model mengklasifikasikan paket ini sebagai **High Risk** dengan probabilitas 100.00%.
Faktor yang paling memengaruhi prediksi adalah:
- Frekuensi hubungan buyer-supplier berulang bernilai 5 dan meningkatkan skor risiko dengan kontribusi SHAP sekitar 3.9416.
- F supplier recent 90d award count bernilai 4 dan meningkatkan skor risiko dengan kontribusi SHAP sekitar 3.8132.
- Waktu publikasi pada kuartal iv bernilai 1 dan meningkatkan skor risiko dengan kontribusi SHAP sekitar 3.7661.",2,medium,Draft AI review: risiko didukung oleh hubungan buyer-supplier yang berulang dan lonjakan kemenangan supplier dalam 90 hari.,yes,3,yes,Draft AI review: penjelasan tampak cukup membantu untuk prioritisasi audit awal.,ai_prefill_draft,AI-assisted draft only. Human reviewers must verify/edit before treating as reviewed evidence.
193,test,35172,high_risk_probability,ocds-20h3g7-29917244,Rekonstruksi Jalan Turi Kaliklampok,2023-05-26 00:00:00+00:00,Pemerintah Daerah Kabupaten Bojonegoro,CV. MARWAH,14000000000.0,10909570871.98,2,2,High Risk,0.873497,0.051465,0.075037,0.873497,0.46516,f_tender_value_log=4.2945 | f_tender_value_zscore_buyer=4.1723 | f_buyer_supplier_repeat_count=3.2400,"Model mengklasifikasikan paket ini sebagai **High Risk** dengan probabilitas 100.00%.
Faktor yang paling memengaruhi prediksi adalah:
- Nilai tender bernilai 23.3623 dan meningkatkan skor risiko dengan kontribusi SHAP sekitar 4.2945.
- F tender value zscore buyer bernilai 2.5289 dan meningkatkan skor risiko dengan kontribusi SHAP sekitar 4.1723.
- Frekuensi hubungan buyer-supplier berulang bernilai 2 dan meningkatkan skor risiko dengan kontribusi SHAP sekitar 3.2400.",2,medium,Draft AI review: risiko didukung oleh nilai tender yang besar dan lonjakan nilai tender relatif terhadap histori buyer.,yes,3,yes,Draft AI review: penjelasan tampak cukup membantu untuk prioritisasi audit awal.,ai_prefill_draft,AI-assisted draft only. Human reviewers must verify/edit before treating as reviewed evidence.
194,test,87495,high_risk_probability,ocds-20h3g7-9720290,Perencanaan Perluasan Gedung Kantor,2023-10-04 00:00:00+00:00,Pemerintah Daerah Kabupaten Tanjung Jabung Barat,CV. AKSARA KONSULTAN,199985000.0,198178290.0,2,2,High Risk,0.873492,0.049522,0.076986,0.873492,0.464377,f_buyer_supplier_repeat_count=4.0555 | f_supplier_recent_90d_award_count=3.8475 | f_is_q4=3.6292,"Model mengklasifikasikan paket ini sebagai **High Risk** dengan probabilitas 100.00%.
Faktor yang paling memengaruhi prediksi adalah:
- Frekuensi hubungan buyer-supplier berulang bernilai 5 dan meningkatkan skor risiko dengan kontribusi SHAP sekitar 4.0555.
- F supplier recent 90d award count bernilai 4 dan meningkatkan skor risiko dengan kontribusi SHAP sekitar 3.8475.
- Waktu publikasi pada kuartal iv bernilai 1 dan meningkatkan skor risiko dengan kontribusi SHAP sekitar 3.6292.",2,medium,Draft AI review: risiko didukung oleh hubungan buyer-supplier yang berulang dan lonjakan kemenangan supplier dalam 90 hari.,yes,3,yes,Draft AI review: penjelasan tampak cukup membantu untuk prioritisasi audit awal.,ai_prefill_draft,AI-assisted draft only. Human reviewers must verify/edit before treating as reviewed evidence.
195,test,90658,high_risk_probability,ocds-20h3g7-5228434,Rehabilitasi Irigasi Desa Sadan Kecamatan Jarai,2023-10-21 00:00:00+00:00,Pemerintah Daerah Kabupaten Lahat,CV. SUMBER KARYA ABADI,581999000.0,570501217.45,2,2,High Risk,0.873469,0.050393,0.076137,0.873469,0.464805,f_buyer_supplier_repeat_count=4.0087 | f_is_q4=3.7399 | f_supplier_recent_90d_award_count=3.6913,"Model mengklasifikasikan paket ini sebagai **High Risk** dengan probabilitas 100.00%.
Faktor yang paling memengaruhi prediksi adalah:
- Frekuensi hubungan buyer-supplier berulang bernilai 6 dan meningkatkan skor risiko dengan kontribusi SHAP sekitar 4.0087.
- Waktu publikasi pada kuartal iv bernilai 1 dan meningkatkan skor risiko dengan kontribusi SHAP sekitar 3.7399.
- F supplier recent 90d award count bernilai 3 dan meningkatkan skor risiko dengan kontribusi SHAP sekitar 3.6913.",2,medium,Draft AI review: risiko didukung oleh hubungan buyer-supplier yang berulang dan timing akhir tahun anggaran.,yes,3,yes,Draft AI review: penjelasan tampak cukup membantu untuk prioritisasi audit awal.,ai_prefill_draft,AI-assisted draft only. Human reviewers must verify/edit before treating as reviewed evidence.
196,test,87675,high_risk_probability,ocds-20h3g7-3058729,Survey Kondisi Infrastruktur Jalan dan Jembatan Kabupaten,2023-10-04 00:00:00+00:00,Pemerintah Daerah Kabupaten Halmahera Tengah,CV. MEGACOPOLE RAYA,499935952.5,494716177.5,2,2,High Risk,0.873448,0.049404,0.077147,0.873448,0.464432,f_buyer_supplier_repeat_count=3.8914 | f_supplier_recent_90d_award_count=3.8157 | f_is_q4=3.7213,"Model mengklasifikasikan paket ini sebagai **High Risk** dengan probabilitas 100.00%.
Faktor yang paling memengaruhi prediksi adalah:
- Frekuensi hubungan buyer-supplier berulang bernilai 2 dan meningkatkan skor risiko dengan kontribusi SHAP sekitar 3.8914.
- F supplier recent 90d award count bernilai 3 dan meningkatkan skor risiko dengan kontribusi SHAP sekitar 3.8157.
- Waktu publikasi pada kuartal iv bernilai 1 dan meningkatkan skor risiko dengan kontribusi SHAP sekitar 3.7213.",2,medium,Draft AI review: risiko didukung oleh hubungan buyer-supplier yang berulang dan lonjakan kemenangan supplier dalam 90 hari.,yes,3,yes,Draft AI review: penjelasan tampak cukup membantu untuk prioritisasi audit awal.,ai_prefill_draft,AI-assisted draft only. Human reviewers must verify/edit before treating as reviewed evidence.
197,test,87488,high_risk_probability,ocds-20h3g7-12886415,Pemeliharaan Berkala Jalan Poros Desa Dalwo - Tluwe,2023-10-04 00:00:00+00:00,Pemerintah Daerah Kabupaten Tuban,CV. ALAM JAYA MANDIRI,745000000.0,742833974.29,2,2,High Risk,0.873426,0.050538,0.076035,0.873426,0.464969,f_buyer_supplier_repeat_count=3.9550 | f_supplier_recent_90d_award_count=3.7000 | f_is_q4=3.6714,"Model mengklasifikasikan paket ini sebagai **High Risk** dengan probabilitas 100.00%.
Faktor yang paling memengaruhi prediksi adalah:
- Frekuensi hubungan buyer-supplier berulang bernilai 10 dan meningkatkan skor risiko dengan kontribusi SHAP sekitar 3.9550.
- F supplier recent 90d award count bernilai 4 dan meningkatkan skor risiko dengan kontribusi SHAP sekitar 3.7000.
- Waktu publikasi pada kuartal iv bernilai 1 dan meningkatkan skor risiko dengan kontribusi SHAP sekitar 3.6714.",2,medium,Draft AI review: risiko didukung oleh hubungan buyer-supplier yang berulang dan lonjakan kemenangan supplier dalam 90 hari.,yes,3,yes,Draft AI review: penjelasan tampak cukup membantu untuk prioritisasi audit awal.,ai_prefill_draft,AI-assisted draft only. Human reviewers must verify/edit before treating as reviewed evidence.
198,test,58631,high_risk_probability,ocds-20h3g7-85842064,Pembangunan Sarana Prasarana Pemerintahan IB di Ibu Kota Negara,2023-07-03 00:00:00+00:00,Kementerian Pekerjaan Umum dan Perumahan Rakyat,PT. ADHI KARYA (Persero) Tbk,751179000000.0,711387000000.0,2,2,High Risk,0.873422,0.057295,0.069283,0.873422,0.466999,f_tender_value_zscore_buyer=4.6079 | f_tender_value_log=3.9089 | f_supplier_recent_90d_award_count=3.6865,"Model mengklasifikasikan paket ini sebagai **High Risk** dengan probabilitas 100.00%.
Faktor yang paling memengaruhi prediksi adalah:
- F tender value zscore buyer bernilai 4.0089 dan meningkatkan skor risiko dengan kontribusi SHAP sekitar 4.6079.
- Nilai tender bernilai 27.3449 dan meningkatkan skor risiko dengan kontribusi SHAP sekitar 3.9089.
- F supplier recent 90d award count bernilai 6 dan meningkatkan skor risiko dengan kontribusi SHAP sekitar 3.6865.",2,medium,Draft AI review: risiko didukung oleh lonjakan nilai tender relatif terhadap histori buyer dan nilai tender yang besar.,yes,3,yes,Draft AI review: penjelasan tampak cukup membantu untuk prioritisasi audit awal.,ai_prefill_draft,AI-assisted draft only. Human reviewers must verify/edit before treating as reviewed evidence.
199,test,92576,high_risk_probability,ocds-20h3g7-10073107,Peningkatan Jalan Dusun 6 Talang Kelapa Desa Karang Raja,2023-11-03 00:00:00+00:00,Pemerintah Daerah Kabupaten Muara Enim,CV. DELIMA MAKMUR BERSAMA,499650000.0,497500000.0,2,2,High Risk,0.873399,0.050699,0.075901,0.873399,0.4651,f_buyer_supplier_repeat_count=3.8906 | f_is_q4=3.7797 | f_supplier_recent_90d_award_count=3.6937,"Model mengklasifikasikan paket ini sebagai **High Risk** dengan probabilitas 100.00%.
Faktor yang paling memengaruhi prediksi adalah:
- Frekuensi hubungan buyer-supplier berulang bernilai 3 dan meningkatkan skor risiko dengan kontribusi SHAP sekitar 3.8906.
- Waktu publikasi pada kuartal iv bernilai 1 dan meningkatkan skor risiko dengan kontribusi SHAP sekitar 3.7797.
- F supplier recent 90d award count bernilai 4 dan meningkatkan skor risiko dengan kontribusi SHAP sekitar 3.6937.",2,medium,Draft AI review: risiko didukung oleh hubungan buyer-supplier yang berulang dan timing akhir tahun anggaran.,yes,3,yes,Draft AI review: penjelasan tampak cukup membantu untuk prioritisasi audit awal.,ai_prefill_draft,AI-assisted draft only. Human reviewers must verify/edit before treating as reviewed evidence.
200,test,91539,high_risk_probability,ocds-20h3g7-4465357,Pembangunan Jalan dan Siring Kelurahan Timbangan,2023-10-27 00:00:00+00:00,Pemerintah Daerah Kabupaten Ogan Ilir,CV. Puncak Indah,500000000.0,498354581.68,2,2,High Risk,0.873389,0.050577,0.076034,0.873389,0.465078,f_buyer_supplier_repeat_count=3.9492 | f_supplier_recent_90d_award_count=3.8034 | f_is_q4=3.7687,"Model mengklasifikasikan paket ini sebagai **High Risk** dengan probabilitas 100.00%.
Faktor yang paling memengaruhi prediksi adalah:
- Frekuensi hubungan buyer-supplier berulang bernilai 4 dan meningkatkan skor risiko dengan kontribusi SHAP sekitar 3.9492.
- F supplier recent 90d award count bernilai 3 dan meningkatkan skor risiko dengan kontribusi SHAP sekitar 3.8034.
- Waktu publikasi pada kuartal iv bernilai 1 dan meningkatkan skor risiko dengan kontribusi SHAP sekitar 3.7687.",2,medium,Draft AI review: risiko didukung oleh hubungan buyer-supplier yang berulang dan lonjakan kemenangan supplier dalam 90 hari.,yes,3,yes,Draft AI review: penjelasan tampak cukup membantu untuk prioritisasi audit awal.,ai_prefill_draft,AI-assisted draft only. Human reviewers must verify/edit before treating as reviewed evidence.
201,test,45534,high_uncertainty,ocds-20h3g7-2162342,Rehabilitasi ruang laboratorium Ilmu pengetahuan alam (IPA) dengan tingkat kerusakan minimal sedang SMP NEGERI 2 HARIAN,2023-06-12 00:00:00+00:00,Pemerintah Daerah Kabupaten Samosir,CV. ABIGAEL WIGATA MANDIRI,296594717.27,296594717.27,1,1,Medium Risk,0.445023,0.366313,0.445023,0.188664,1.042831,f_buyer_supplier_repeat_count=0.6991 | f_price_deviation_ratio=-0.6499 | f_is_q4=0.4586,"Model mengklasifikasikan paket ini sebagai **Medium Risk** dengan probabilitas 80.85%.
Faktor yang paling memengaruhi prediksi adalah:
- Frekuensi hubungan buyer-supplier berulang bernilai 1 dan meningkatkan skor risiko dengan kontribusi SHAP sekitar 0.6991.
- Rasio deviasi harga terhadap nilai tender bernilai 1 dan menurunkan skor risiko dengan kontribusi SHAP sekitar 0.6499.
- Waktu publikasi pada kuartal iv bernilai 0 dan meningkatkan skor risiko dengan kontribusi SHAP sekitar 0.4586.",1,low,Draft AI review: risiko didukung oleh hubungan buyer-supplier yang berulang dan deviasi harga tender-award.,yes,2,yes,Draft AI review: penjelasan tampak cukup membantu untuk prioritisasi audit awal.,ai_prefill_draft,AI-assisted draft only. Human reviewers must verify/edit before treating as reviewed evidence.
202,test,56934,high_uncertainty,ocds-20h3g7-6074245,Pembangunan TPST,2023-06-27 00:00:00+00:00,Pemerintah Daerah Kabupaten Serang,"Bangkit Karya Cont, CV",4564994463.79,4336744740.6,2,1,Medium Risk,0.483532,0.204231,0.483532,0.312237,1.039216,f_title_length=-2.0019 | f_is_q4=0.9594 | f_buyer_supplier_repeat_count=0.8149,"Model mengklasifikasikan paket ini sebagai **Medium Risk** dengan probabilitas 96.12%.
Faktor yang paling memengaruhi prediksi adalah:
- Panjang judul tender bernilai 16 dan menurunkan skor risiko dengan kontribusi SHAP sekitar 2.0019.
- Waktu publikasi pada kuartal iv bernilai 0 dan meningkatkan skor risiko dengan kontribusi SHAP sekitar 0.9594.
- Frekuensi hubungan buyer-supplier berulang bernilai 0 dan meningkatkan skor risiko dengan kontribusi SHAP sekitar 0.8149.",1,low,Draft AI review: risiko didukung oleh judul tender yang terlalu singkat dan timing akhir tahun anggaran.,yes,2,yes,Draft AI review: penjelasan tampak cukup membantu untuk prioritisasi audit awal.,ai_prefill_draft,AI-assisted draft only. Human reviewers must verify/edit before treating as reviewed evidence.
203,test,46103,high_uncertainty,ocds-20h3g7-25053638,Alsatri Poltekad,2023-06-13 00:00:00+00:00,Kementerian Pertahanan,PT. HASTA KARYA MULTI,4026592433.0,4020940000.0,2,1,Medium Risk,0.476738,0.18795,0.476738,0.335312,1.033729,f_title_length=-1.8551 | f_is_q4=1.0100 | f_buyer_supplier_repeat_count=0.8245,"Model mengklasifikasikan paket ini sebagai **Medium Risk** dengan probabilitas 93.11%.
Faktor yang paling memengaruhi prediksi adalah:
- Panjang judul tender bernilai 16 dan menurunkan skor risiko dengan kontribusi SHAP sekitar 1.8551.
- Waktu publikasi pada kuartal iv bernilai 0 dan meningkatkan skor risiko dengan kontribusi SHAP sekitar 1.0100.
- Frekuensi hubungan buyer-supplier berulang bernilai 0 dan meningkatkan skor risiko dengan kontribusi SHAP sekitar 0.8245.",1,low,Draft AI review: risiko didukung oleh judul tender yang terlalu singkat dan timing akhir tahun anggaran.,yes,2,yes,Draft AI review: penjelasan tampak cukup membantu untuk prioritisasi audit awal.,ai_prefill_draft,AI-assisted draft only. Human reviewers must verify/edit before treating as reviewed evidence.
204,test,84977,high_uncertainty,ocds-20h3g7-8343259,Jl. Rukam (DID),2023-09-22 00:00:00+00:00,Pemerintah Daerah Kota Jambi,CV. MULIA ARDHANA,2046907488.87,2040000006.43,1,1,Medium Risk,0.486967,0.193576,0.486967,0.319456,1.032813,f_title_length=-2.0415 | f_is_q4=1.0410 | f_buyer_supplier_repeat_count=1.0120,"Model mengklasifikasikan paket ini sebagai **Medium Risk** dengan probabilitas 95.73%.
Faktor yang paling memengaruhi prediksi adalah:
- Panjang judul tender bernilai 15 dan menurunkan skor risiko dengan kontribusi SHAP sekitar 2.0415.
- Waktu publikasi pada kuartal iv bernilai 0 dan meningkatkan skor risiko dengan kontribusi SHAP sekitar 1.0410.
- Frekuensi hubungan buyer-supplier berulang bernilai 1 dan meningkatkan skor risiko dengan kontribusi SHAP sekitar 1.0120.",1,low,Draft AI review: risiko didukung oleh judul tender yang terlalu singkat dan timing akhir tahun anggaran.,yes,2,yes,Draft AI review: penjelasan tampak cukup membantu untuk prioritisasi audit awal.,ai_prefill_draft,AI-assisted draft only. Human reviewers must verify/edit before treating as reviewed evidence.
205,test,22047,high_uncertainty,ocds-20h3g7-24642638,Alsatri Pussenif,2023-05-02 00:00:00+00:00,Kementerian Pertahanan,CV. NUSACIPTA RUKUN MAKMUR,3881295375.0,3868000000.0,1,1,Medium Risk,0.479482,0.187208,0.479482,0.33331,1.032318,f_title_length=-1.8473 | f_is_q4=1.0668 | f_buyer_supplier_repeat_count=0.8335,"Model mengklasifikasikan paket ini sebagai **Medium Risk** dengan probabilitas 93.65%.
Faktor yang paling memengaruhi prediksi adalah:
- Panjang judul tender bernilai 16 dan menurunkan skor risiko dengan kontribusi SHAP sekitar 1.8473.
- Waktu publikasi pada kuartal iv bernilai 0 dan meningkatkan skor risiko dengan kontribusi SHAP sekitar 1.0668.
- Frekuensi hubungan buyer-supplier berulang bernilai 0 dan meningkatkan skor risiko dengan kontribusi SHAP sekitar 0.8335.",1,low,Draft AI review: risiko didukung oleh judul tender yang terlalu singkat dan timing akhir tahun anggaran.,yes,2,yes,Draft AI review: penjelasan tampak cukup membantu untuk prioritisasi audit awal.,ai_prefill_draft,AI-assisted draft only. Human reviewers must verify/edit before treating as reviewed evidence.
206,test,63413,high_uncertainty,ocds-20h3g7-5788639,Dooking Kapal,2023-07-13 00:00:00+00:00,Pemerintah Daerah Kabupaten Mimika,PT.SAMUDERA PURANABILE ABADI,2300000000.0,2184495624.96,1,1,Medium Risk,0.490141,0.192162,0.490141,0.317696,1.030746,f_title_length=-2.0086 | f_is_q4=1.0270 | f_buyer_supplier_repeat_count=0.8788,"Model mengklasifikasikan paket ini sebagai **Medium Risk** dengan probabilitas 96.09%.
Faktor yang paling memengaruhi prediksi adalah:
- Panjang judul tender bernilai 13 dan menurunkan skor risiko dengan kontribusi SHAP sekitar 2.0086.
- Waktu publikasi pada kuartal iv bernilai 0 dan meningkatkan skor risiko dengan kontribusi SHAP sekitar 1.0270.
- Frekuensi hubungan buyer-supplier berulang bernilai 0 dan meningkatkan skor risiko dengan kontribusi SHAP sekitar 0.8788.",1,low,Draft AI review: risiko didukung oleh judul tender yang terlalu singkat dan timing akhir tahun anggaran.,yes,2,yes,Draft AI review: penjelasan tampak cukup membantu untuk prioritisasi audit awal.,ai_prefill_draft,AI-assisted draft only. Human reviewers must verify/edit before treating as reviewed evidence.
207,test,73406,high_uncertainty,ocds-20h3g7-3453578,Pengadaan FIFO,2023-08-11 00:00:00+00:00,Kepolisian Negara Republik Indonesia,LALINDO JAYA ABADI,4181077000.0,4171155590.19,2,1,Medium Risk,0.4823,0.185969,0.4823,0.331731,1.030562,f_title_length=-1.8447 | f_is_q4=0.9983 | f_buyer_supplier_repeat_count=0.8494,"Model mengklasifikasikan paket ini sebagai **Medium Risk** dengan probabilitas 94.10%.
Faktor yang paling memengaruhi prediksi adalah:
- Panjang judul tender bernilai 14 dan menurunkan skor risiko dengan kontribusi SHAP sekitar 1.8447.
- Waktu publikasi pada kuartal iv bernilai 0 dan meningkatkan skor risiko dengan kontribusi SHAP sekitar 0.9983.
- Frekuensi hubungan buyer-supplier berulang bernilai 0 dan meningkatkan skor risiko dengan kontribusi SHAP sekitar 0.8494.",1,low,Draft AI review: risiko didukung oleh judul tender yang terlalu singkat dan timing akhir tahun anggaran.,yes,2,yes,Draft AI review: penjelasan tampak cukup membantu untuk prioritisasi audit awal.,ai_prefill_draft,AI-assisted draft only. Human reviewers must verify/edit before treating as reviewed evidence.
208,test,20096,high_uncertainty,ocds-20h3g7-2450579,"PENGADAAN PEMELIHARAAN BERMOTOR RODA 2 POLRES BANGLI, POLSEK BANGLI, POLSEK SUSUT DAN POLSEK TEMBUKU T.A. 2023",2023-04-19 00:00:00+00:00,Kepolisian Negara Republik Indonesia,UD. SUMBER CAHAYA BALI,504000000.0,504000000.0,1,1,Medium Risk,0.480336,0.180906,0.480336,0.338758,1.028219,f_price_deviation_ratio=-2.2213 | f_title_length=1.0711 | f_is_q4=0.8558,"Model mengklasifikasikan paket ini sebagai **Medium Risk** dengan probabilitas 93.00%.
Faktor yang paling memengaruhi prediksi adalah:
- Rasio deviasi harga terhadap nilai tender bernilai 1 dan menurunkan skor risiko dengan kontribusi SHAP sekitar 2.2213.
- Panjang judul tender bernilai 110 dan meningkatkan skor risiko dengan kontribusi SHAP sekitar 1.0711.
- Waktu publikasi pada kuartal iv bernilai 0 dan meningkatkan skor risiko dengan kontribusi SHAP sekitar 0.8558.",1,low,Draft AI review: risiko didukung oleh deviasi harga tender-award dan judul tender yang terlalu singkat.,yes,2,yes,Draft AI review: penjelasan tampak cukup membantu untuk prioritisasi audit awal.,ai_prefill_draft,AI-assisted draft only. Human reviewers must verify/edit before treating as reviewed evidence.
209,test,53851,high_uncertainty,ocds-20h3g7-25151638,Alsatri Makostrad,2023-06-22 00:00:00+00:00,Kementerian Pertahanan,CV. Purnama Rosa,3767673606.0,3756236000.0,1,1,Medium Risk,0.485731,0.181703,0.485731,0.332566,1.026747,f_title_length=-1.8346 | f_is_q4=1.1135 | f_buyer_supplier_repeat_count=0.8235,"Model mengklasifikasikan paket ini sebagai **Medium Risk** dengan probabilitas 94.30%.
Faktor yang paling memengaruhi prediksi adalah:
- Panjang judul tender bernilai 17 dan menurunkan skor risiko dengan kontribusi SHAP sekitar 1.8346.
- Waktu publikasi pada kuartal iv bernilai 0 dan meningkatkan skor risiko dengan kontribusi SHAP sekitar 1.1135.
- Frekuensi hubungan buyer-supplier berulang bernilai 0 dan meningkatkan skor risiko dengan kontribusi SHAP sekitar 0.8235.",1,low,Draft AI review: risiko didukung oleh judul tender yang terlalu singkat dan timing akhir tahun anggaran.,yes,2,yes,Draft AI review: penjelasan tampak cukup membantu untuk prioritisasi audit awal.,ai_prefill_draft,AI-assisted draft only. Human reviewers must verify/edit before treating as reviewed evidence.
210,test,33935,high_uncertainty,ocds-20h3g7-18330035,SEMENISASI JALAN,2023-05-24 00:00:00+00:00,Pemerintah Daerah Provinsi Kalimantan Timur,CV. Wadah Etam Mandiri,3740365000.0,2882120666.7,1,1,Medium Risk,0.492707,0.184815,0.492707,0.322478,1.025754,f_title_length=-1.7414 | f_is_q4=1.0920 | f_buyer_supplier_repeat_count=0.8135,"Model mengklasifikasikan paket ini sebagai **Medium Risk** dengan probabilitas 95.84%.
Faktor yang paling memengaruhi prediksi adalah:
- Panjang judul tender bernilai 16 dan menurunkan skor risiko dengan kontribusi SHAP sekitar 1.7414.
- Waktu publikasi pada kuartal iv bernilai 0 dan meningkatkan skor risiko dengan kontribusi SHAP sekitar 1.0920.
- Frekuensi hubungan buyer-supplier berulang bernilai 0 dan meningkatkan skor risiko dengan kontribusi SHAP sekitar 0.8135.",1,low,Draft AI review: risiko didukung oleh judul tender yang terlalu singkat dan timing akhir tahun anggaran.,yes,2,yes,Draft AI review: penjelasan tampak cukup membantu untuk prioritisasi audit awal.,ai_prefill_draft,AI-assisted draft only. Human reviewers must verify/edit before treating as reviewed evidence.
211,test,75092,high_uncertainty,ocds-20h3g7-16275081,Pekerjaan Interior,2023-08-17 00:00:00+00:00,Pemerintah Daerah Provinsi Sulawesi Tenggara,CV.Tranaya Multicipta,2999364812.8,2659208262.67,1,1,Medium Risk,0.504758,0.185821,0.504758,0.309421,1.02079,f_title_length=-1.6664 | f_is_q4=1.1347 | f_buyer_supplier_repeat_count=0.8634,"Model mengklasifikasikan paket ini sebagai **Medium Risk** dengan probabilitas 97.38%.
Faktor yang paling memengaruhi prediksi adalah:
- Panjang judul tender bernilai 18 dan menurunkan skor risiko dengan kontribusi SHAP sekitar 1.6664.
- Waktu publikasi pada kuartal iv bernilai 0 dan meningkatkan skor risiko dengan kontribusi SHAP sekitar 1.1347.
- Frekuensi hubungan buyer-supplier berulang bernilai 0 dan meningkatkan skor risiko dengan kontribusi SHAP sekitar 0.8634.",1,low,Draft AI review: risiko didukung oleh judul tender yang terlalu singkat dan timing akhir tahun anggaran.,yes,2,yes,Draft AI review: penjelasan tampak cukup membantu untuk prioritisasi audit awal.,ai_prefill_draft,AI-assisted draft only. Human reviewers must verify/edit before treating as reviewed evidence.
212,test,65719,high_uncertainty,ocds-20h3g7-2008591,HAR Gedung,2023-07-20 00:00:00+00:00,Kepolisian Negara Republik Indonesia,CV. RIZKY MAHAPUTRA,256450000.0,251215875.01,1,1,Medium Risk,0.507078,0.187959,0.507078,0.304964,1.020694,f_title_length=-1.8836 | f_is_q4=1.1164 | f_buyer_supplier_repeat_count=0.9683,"Model mengklasifikasikan paket ini sebagai **Medium Risk** dengan probabilitas 97.71%.
Faktor yang paling memengaruhi prediksi adalah:
- Panjang judul tender bernilai 10 dan menurunkan skor risiko dengan kontribusi SHAP sekitar 1.8836.
- Waktu publikasi pada kuartal iv bernilai 0 dan meningkatkan skor risiko dengan kontribusi SHAP sekitar 1.1164.
- Frekuensi hubungan buyer-supplier berulang bernilai 0 dan meningkatkan skor risiko dengan kontribusi SHAP sekitar 0.9683.",1,low,Draft AI review: risiko didukung oleh judul tender yang terlalu singkat dan timing akhir tahun anggaran.,yes,2,yes,Draft AI review: penjelasan tampak cukup membantu untuk prioritisasi audit awal.,ai_prefill_draft,AI-assisted draft only. Human reviewers must verify/edit before treating as reviewed evidence.
213,test,83878,high_uncertainty,ocds-20h3g7-25785638,Alsatri Secapaad,2023-09-19 00:00:00+00:00,Kementerian Pertahanan,PT BINTANG MAS SEJAHTERA,3048507219.0,3036840500.0,1,1,Medium Risk,0.495538,0.177351,0.495538,0.32711,1.020205,f_title_length=-1.7416 | f_is_q4=1.0974 | f_buyer_supplier_repeat_count=0.8386,"Model mengklasifikasikan paket ini sebagai **Medium Risk** dengan probabilitas 95.60%.
Faktor yang paling memengaruhi prediksi adalah:
- Panjang judul tender bernilai 16 dan menurunkan skor risiko dengan kontribusi SHAP sekitar 1.7416.
- Waktu publikasi pada kuartal iv bernilai 0 dan meningkatkan skor risiko dengan kontribusi SHAP sekitar 1.0974.
- Frekuensi hubungan buyer-supplier berulang bernilai 0 dan meningkatkan skor risiko dengan kontribusi SHAP sekitar 0.8386.",1,low,Draft AI review: risiko didukung oleh judul tender yang terlalu singkat dan timing akhir tahun anggaran.,yes,2,yes,Draft AI review: penjelasan tampak cukup membantu untuk prioritisasi audit awal.,ai_prefill_draft,AI-assisted draft only. Human reviewers must verify/edit before treating as reviewed evidence.
214,test,13744,high_uncertainty,ocds-20h3g7-24464638,Fasbeng,2023-04-03 00:00:00+00:00,Kementerian Pertahanan,PT PUTINDO TRADA WISESA,2089830284.91,2089191000.0,1,1,Medium Risk,0.506133,0.182927,0.506133,0.310939,1.018613,f_title_length=-1.6104 | f_is_q4=1.1126 | f_buyer_supplier_repeat_count=0.8531,"Model mengklasifikasikan paket ini sebagai **Medium Risk** dengan probabilitas 97.35%.
Faktor yang paling memengaruhi prediksi adalah:
- Panjang judul tender bernilai 7 dan menurunkan skor risiko dengan kontribusi SHAP sekitar 1.6104.
- Waktu publikasi pada kuartal iv bernilai 0 dan meningkatkan skor risiko dengan kontribusi SHAP sekitar 1.1126.
- Frekuensi hubungan buyer-supplier berulang bernilai 0 dan meningkatkan skor risiko dengan kontribusi SHAP sekitar 0.8531.",1,low,Draft AI review: risiko didukung oleh judul tender yang terlalu singkat dan timing akhir tahun anggaran.,yes,2,yes,Draft AI review: penjelasan tampak cukup membantu untuk prioritisasi audit awal.,ai_prefill_draft,AI-assisted draft only. Human reviewers must verify/edit before treating as reviewed evidence.
215,test,6271,high_uncertainty,ocds-20h3g7-4707405,Jalan Poros Kolese,2023-03-23 00:00:00+00:00,Pemerintah Daerah Kota Bau-Bau,CV. ADYA RAMDHANI,3764545000.0,3743880177.25,1,1,Medium Risk,0.516715,0.189489,0.516715,0.293797,1.016231,f_title_length=-1.9029 | f_is_q4=1.0485 | f_buyer_supplier_repeat_count=0.8559,"Model mengklasifikasikan paket ini sebagai **Medium Risk** dengan probabilitas 98.46%.
Faktor yang paling memengaruhi prediksi adalah:
- Panjang judul tender bernilai 18 dan menurunkan skor risiko dengan kontribusi SHAP sekitar 1.9029.
- Waktu publikasi pada kuartal iv bernilai 0 dan meningkatkan skor risiko dengan kontribusi SHAP sekitar 1.0485.
- Frekuensi hubungan buyer-supplier berulang bernilai 0 dan meningkatkan skor risiko dengan kontribusi SHAP sekitar 0.8559.",1,low,Draft AI review: risiko didukung oleh judul tender yang terlalu singkat dan timing akhir tahun anggaran.,yes,2,yes,Draft AI review: penjelasan tampak cukup membantu untuk prioritisasi audit awal.,ai_prefill_draft,AI-assisted draft only. Human reviewers must verify/edit before treating as reviewed evidence.
216,test,65267,high_uncertainty,ocds-20h3g7-10209667,Pembangunan Gedung Pengujian Kendaraan Bermotor (PKB) Dinas Perhubungan Kab. Purwakarta,2023-07-18 00:00:00+00:00,Pemerintah Daerah Kabupaten Purwakarta,CV. VESTA DHARMA,5000083356.52,4423635856.19,2,1,Medium Risk,0.437617,0.154157,0.437617,0.408226,1.015636,f_tender_value_zscore_buyer=-2.0791 | f_buyer_supplier_repeat_count=-1.8363 | f_title_length=1.1221,"Model mengklasifikasikan paket ini sebagai **Medium Risk** dengan probabilitas 62.63%.
Faktor yang paling memengaruhi prediksi adalah:
- F tender value zscore buyer bernilai 2.2911 dan menurunkan skor risiko dengan kontribusi SHAP sekitar 2.0791.
- Frekuensi hubungan buyer-supplier berulang bernilai 2 dan menurunkan skor risiko dengan kontribusi SHAP sekitar 1.8363.
- Panjang judul tender bernilai 87 dan meningkatkan skor risiko dengan kontribusi SHAP sekitar 1.1221.",1,low,Draft AI review: risiko didukung oleh lonjakan nilai tender relatif terhadap histori buyer dan hubungan buyer-supplier yang berulang.,yes,2,yes,Draft AI review: penjelasan tampak cukup membantu untuk prioritisasi audit awal.,ai_prefill_draft,AI-assisted draft only. Human reviewers must verify/edit before treating as reviewed evidence.
217,test,23121,high_uncertainty,ocds-20h3g7-2853310,Jembatan Nangarodo,2023-05-04 00:00:00+00:00,Pemerintah Daerah Kabupaten Ngada,CV. NORE GORE,3499978319.82,3477018708.69,1,1,Medium Risk,0.515953,0.185115,0.515953,0.298932,1.014647,f_title_length=-1.7352 | f_is_q4=1.0982 | f_buyer_supplier_repeat_count=0.8404,"Model mengklasifikasikan paket ini sebagai **Medium Risk** dengan probabilitas 98.25%.
Faktor yang paling memengaruhi prediksi adalah:
- Panjang judul tender bernilai 18 dan menurunkan skor risiko dengan kontribusi SHAP sekitar 1.7352.
- Waktu publikasi pada kuartal iv bernilai 0 dan meningkatkan skor risiko dengan kontribusi SHAP sekitar 1.0982.
- Frekuensi hubungan buyer-supplier berulang bernilai 0 dan meningkatkan skor risiko dengan kontribusi SHAP sekitar 0.8404.",1,low,Draft AI review: risiko didukung oleh judul tender yang terlalu singkat dan timing akhir tahun anggaran.,yes,2,yes,Draft AI review: penjelasan tampak cukup membantu untuk prioritisasi audit awal.,ai_prefill_draft,AI-assisted draft only. Human reviewers must verify/edit before treating as reviewed evidence.
218,test,69323,high_uncertainty,ocds-20h3g7-2269457,Pembangunan RTJK,2023-07-29 00:00:00+00:00,Pemerintah Daerah Kabupaten Sumba Barat,CV. AQIL JAYA,360000000.0,359552233.32,1,1,Medium Risk,0.521276,0.189111,0.521276,0.289613,1.013439,f_title_length=-1.9863 | f_is_q4=1.1342 | f_buyer_supplier_repeat_count=0.9495,"Model mengklasifikasikan paket ini sebagai **Medium Risk** dengan probabilitas 98.70%.
Faktor yang paling memengaruhi prediksi adalah:
- Panjang judul tender bernilai 16 dan menurunkan skor risiko dengan kontribusi SHAP sekitar 1.9863.
- Waktu publikasi pada kuartal iv bernilai 0 dan meningkatkan skor risiko dengan kontribusi SHAP sekitar 1.1342.
- Frekuensi hubungan buyer-supplier berulang bernilai 0 dan meningkatkan skor risiko dengan kontribusi SHAP sekitar 0.9495.",1,low,Draft AI review: risiko didukung oleh judul tender yang terlalu singkat dan timing akhir tahun anggaran.,yes,2,yes,Draft AI review: penjelasan tampak cukup membantu untuk prioritisasi audit awal.,ai_prefill_draft,AI-assisted draft only. Human reviewers must verify/edit before treating as reviewed evidence.
219,test,83110,high_uncertainty,ocds-20h3g7-3467578,PENGADAAN E-DRIVES,2023-09-15 00:00:00+00:00,Kepolisian Negara Republik Indonesia,Gautama Muda Berkarya,2473470000.0,2472970000.0,1,1,Medium Risk,0.515837,0.180862,0.515837,0.303301,1.012591,f_title_length=-1.5705 | f_is_q4=1.1373 | f_buyer_supplier_repeat_count=0.8703,"Model mengklasifikasikan paket ini sebagai **Medium Risk** dengan probabilitas 98.07%.
Faktor yang paling memengaruhi prediksi adalah:
- Panjang judul tender bernilai 18 dan menurunkan skor risiko dengan kontribusi SHAP sekitar 1.5705.
- Waktu publikasi pada kuartal iv bernilai 0 dan meningkatkan skor risiko dengan kontribusi SHAP sekitar 1.1373.
- Frekuensi hubungan buyer-supplier berulang bernilai 0 dan meningkatkan skor risiko dengan kontribusi SHAP sekitar 0.8703.",1,low,Draft AI review: risiko didukung oleh judul tender yang terlalu singkat dan timing akhir tahun anggaran.,yes,2,yes,Draft AI review: penjelasan tampak cukup membantu untuk prioritisasi audit awal.,ai_prefill_draft,AI-assisted draft only. Human reviewers must verify/edit before treating as reviewed evidence.
220,test,80951,high_uncertainty,ocds-20h3g7-5589045,PAKET 5 JALAN BM,2023-09-08 00:00:00+00:00,Pemerintah Daerah Kabupaten Luwu Utara,CV. ILHAM JAYA ABADI,2884164000.0,2714693562.89,1,1,Medium Risk,0.526227,0.194341,0.526227,0.279432,1.012482,f_title_length=-1.9719 | f_is_q4=0.9783 | f_buyer_supplier_repeat_count=0.9388,"Model mengklasifikasikan paket ini sebagai **Medium Risk** dengan probabilitas 99.05%.
Faktor yang paling memengaruhi prediksi adalah:
- Panjang judul tender bernilai 16 dan menurunkan skor risiko dengan kontribusi SHAP sekitar 1.9719.
- Waktu publikasi pada kuartal iv bernilai 0 dan meningkatkan skor risiko dengan kontribusi SHAP sekitar 0.9783.
- Frekuensi hubungan buyer-supplier berulang bernilai 0 dan meningkatkan skor risiko dengan kontribusi SHAP sekitar 0.9388.",1,low,Draft AI review: risiko didukung oleh judul tender yang terlalu singkat dan timing akhir tahun anggaran.,yes,2,yes,Draft AI review: penjelasan tampak cukup membantu untuk prioritisasi audit awal.,ai_prefill_draft,AI-assisted draft only. Human reviewers must verify/edit before treating as reviewed evidence.
221,test,16158,high_uncertainty,ocds-20h3g7-91750114,REKONDISI PKP-PK,2023-04-08 00:00:00+00:00,Kementerian Perhubungan,KEYLIOSH MULTIKARYA SERVICES,749972166.0,637200162.0,1,1,Medium Risk,0.521682,0.187411,0.521682,0.290907,1.012466,f_title_length=-1.5478 | f_is_q4=1.1941 | f_buyer_supplier_repeat_count=0.8548,"Model mengklasifikasikan paket ini sebagai **Medium Risk** dengan probabilitas 98.67%.
Faktor yang paling memengaruhi prediksi adalah:
- Panjang judul tender bernilai 16 dan menurunkan skor risiko dengan kontribusi SHAP sekitar 1.5478.
- Waktu publikasi pada kuartal iv bernilai 0 dan meningkatkan skor risiko dengan kontribusi SHAP sekitar 1.1941.
- Frekuensi hubungan buyer-supplier berulang bernilai 0 dan meningkatkan skor risiko dengan kontribusi SHAP sekitar 0.8548.",1,low,Draft AI review: risiko didukung oleh judul tender yang terlalu singkat dan timing akhir tahun anggaran.,yes,2,yes,Draft AI review: penjelasan tampak cukup membantu untuk prioritisasi audit awal.,ai_prefill_draft,AI-assisted draft only. Human reviewers must verify/edit before treating as reviewed evidence.
222,test,25437,high_uncertainty,ocds-20h3g7-3642305,Ongkos Umroh,2023-05-09 00:00:00+00:00,Pemerintah Daerah Kabupaten Lampung Barat,PT. Kaisa Rossie,665000000.0,660250000.0,1,1,Medium Risk,0.518503,0.183335,0.518503,0.298162,1.012385,f_title_length=-1.7183 | f_is_q4=1.2151 | f_buyer_supplier_repeat_count=0.9151,"Model mengklasifikasikan paket ini sebagai **Medium Risk** dengan probabilitas 98.35%.
Faktor yang paling memengaruhi prediksi adalah:
- Panjang judul tender bernilai 12 dan menurunkan skor risiko dengan kontribusi SHAP sekitar 1.7183.
- Waktu publikasi pada kuartal iv bernilai 0 dan meningkatkan skor risiko dengan kontribusi SHAP sekitar 1.2151.
- Frekuensi hubungan buyer-supplier berulang bernilai 0 dan meningkatkan skor risiko dengan kontribusi SHAP sekitar 0.9151.",1,low,Draft AI review: risiko didukung oleh judul tender yang terlalu singkat dan timing akhir tahun anggaran.,yes,2,yes,Draft AI review: penjelasan tampak cukup membantu untuk prioritisasi audit awal.,ai_prefill_draft,AI-assisted draft only. Human reviewers must verify/edit before treating as reviewed evidence.
223,test,64221,high_uncertainty,ocds-20h3g7-7069098,Kerta - Pasirbuntu,2023-07-14 00:00:00+00:00,Pemerintah Daerah Kabupaten Lebak,CV. KARYA GIFFA PUTRA UTAMA,1517006000.0,1472828342.51,1,1,Medium Risk,0.516024,0.180439,0.516024,0.303537,1.012272,f_title_length=-1.8671 | f_is_q4=1.0438 | f_buyer_supplier_repeat_count=0.9719,"Model mengklasifikasikan paket ini sebagai **Medium Risk** dengan probabilitas 98.06%.
Faktor yang paling memengaruhi prediksi adalah:
- Panjang judul tender bernilai 18 dan menurunkan skor risiko dengan kontribusi SHAP sekitar 1.8671.
- Waktu publikasi pada kuartal iv bernilai 0 dan meningkatkan skor risiko dengan kontribusi SHAP sekitar 1.0438.
- Frekuensi hubungan buyer-supplier berulang bernilai 1 dan meningkatkan skor risiko dengan kontribusi SHAP sekitar 0.9719.",1,low,Draft AI review: risiko didukung oleh judul tender yang terlalu singkat dan timing akhir tahun anggaran.,yes,2,yes,Draft AI review: penjelasan tampak cukup membantu untuk prioritisasi audit awal.,ai_prefill_draft,AI-assisted draft only. Human reviewers must verify/edit before treating as reviewed evidence.
224,test,85515,high_uncertainty,ocds-20h3g7-12935318,Jalan Arjuna (293),2023-09-26 00:00:00+00:00,Pemerintah Daerah Kota Cilegon,CV. QUALITY,302418304.62,294662524.37,1,1,Medium Risk,0.524126,0.190319,0.524126,0.285555,1.012239,f_title_length=-1.9352 | f_is_q4=1.0431 | f_buyer_supplier_repeat_count=0.9860,"Model mengklasifikasikan paket ini sebagai **Medium Risk** dengan probabilitas 98.87%.
Faktor yang paling memengaruhi prediksi adalah:
- Panjang judul tender bernilai 18 dan menurunkan skor risiko dengan kontribusi SHAP sekitar 1.9352.
- Waktu publikasi pada kuartal iv bernilai 0 dan meningkatkan skor risiko dengan kontribusi SHAP sekitar 1.0431.
- Frekuensi hubungan buyer-supplier berulang bernilai 1 dan meningkatkan skor risiko dengan kontribusi SHAP sekitar 0.9860.",1,low,Draft AI review: risiko didukung oleh judul tender yang terlalu singkat dan timing akhir tahun anggaran.,yes,2,yes,Draft AI review: penjelasan tampak cukup membantu untuk prioritisasi audit awal.,ai_prefill_draft,AI-assisted draft only. Human reviewers must verify/edit before treating as reviewed evidence.
225,test,6276,high_uncertainty,ocds-20h3g7-4709405,Jalan Baru Palabusa,2023-03-23 00:00:00+00:00,Pemerintah Daerah Kota Bau-Bau,CV. NAUVAL,6473249000.0,6440463612.63,2,2,High Risk,0.468332,0.154429,0.377239,0.468332,1.011505,f_tender_value_log=3.5143 | f_title_length=3.3367 | f_is_q4=-1.9190,"Model mengklasifikasikan paket ini sebagai **High Risk** dengan probabilitas 83.30%.
Faktor yang paling memengaruhi prediksi adalah:
- Nilai tender bernilai 22.5909 dan meningkatkan skor risiko dengan kontribusi SHAP sekitar 3.5143.
- Panjang judul tender bernilai 19 dan meningkatkan skor risiko dengan kontribusi SHAP sekitar 3.3367.
- Waktu publikasi pada kuartal iv bernilai 0 dan menurunkan skor risiko dengan kontribusi SHAP sekitar 1.9190.",2,low,Draft AI review: risiko didukung oleh nilai tender yang besar dan judul tender yang terlalu singkat.,yes,2,yes,Draft AI review: penjelasan tampak cukup membantu untuk prioritisasi audit awal.,ai_prefill_draft,AI-assisted draft only. Human reviewers must verify/edit before treating as reviewed evidence.
226,test,80976,high_uncertainty,ocds-20h3g7-5587045,PAKET 2 JALAN BM,2023-09-08 00:00:00+00:00,Pemerintah Daerah Kabupaten Luwu Utara,CV.FARENRENGI MANDIRI,3244494500.0,2595595600.0,1,1,Medium Risk,0.530555,0.196666,0.530555,0.272779,1.010475,f_title_length=-1.8967 | f_is_q4=0.9886 | f_buyer_supplier_repeat_count=0.8835,"Model mengklasifikasikan paket ini sebagai **Medium Risk** dengan probabilitas 99.23%.
Faktor yang paling memengaruhi prediksi adalah:
- Panjang judul tender bernilai 16 dan menurunkan skor risiko dengan kontribusi SHAP sekitar 1.8967.
- Waktu publikasi pada kuartal iv bernilai 0 dan meningkatkan skor risiko dengan kontribusi SHAP sekitar 0.9886.
- Frekuensi hubungan buyer-supplier berulang bernilai 0 dan meningkatkan skor risiko dengan kontribusi SHAP sekitar 0.8835.",1,low,Draft AI review: risiko didukung oleh judul tender yang terlalu singkat dan timing akhir tahun anggaran.,yes,2,yes,Draft AI review: penjelasan tampak cukup membantu untuk prioritisasi audit awal.,ai_prefill_draft,AI-assisted draft only. Human reviewers must verify/edit before treating as reviewed evidence.
227,test,14777,high_uncertainty,ocds-20h3g7-2392605,86. Pembangunan Rumah Negara T-54 (10 unit),2023-04-05 00:00:00+00:00,Kementerian Pertahanan,CV. MARULI ASI,5078014000.0,5072600000.0,2,1,Medium Risk,0.448985,0.149931,0.448985,0.401084,1.010462,f_supplier_recent_90d_award_count=-2.4607 | f_buyer_supplier_repeat_count=1.3896 | f_is_q4=0.9095,"Model mengklasifikasikan paket ini sebagai **Medium Risk** dengan probabilitas 69.81%.
Faktor yang paling memengaruhi prediksi adalah:
- F supplier recent 90d award count bernilai 5 dan menurunkan skor risiko dengan kontribusi SHAP sekitar 2.4607.
- Frekuensi hubungan buyer-supplier berulang bernilai 1 dan meningkatkan skor risiko dengan kontribusi SHAP sekitar 1.3896.
- Waktu publikasi pada kuartal iv bernilai 0 dan meningkatkan skor risiko dengan kontribusi SHAP sekitar 0.9095.",1,low,Draft AI review: risiko didukung oleh lonjakan kemenangan supplier dalam 90 hari dan hubungan buyer-supplier yang berulang.,yes,2,yes,Draft AI review: penjelasan tampak cukup membantu untuk prioritisasi audit awal.,ai_prefill_draft,AI-assisted draft only. Human reviewers must verify/edit before treating as reviewed evidence.
228,test,48277,high_uncertainty,ocds-20h3g7-4952434,DED IPLT KAB.LAHAT,2023-06-15 00:00:00+00:00,Pemerintah Daerah Kabupaten Lahat,CV. LENEA Consultant,299700000.0,294199950.0,1,1,Medium Risk,0.526924,0.188441,0.526924,0.284635,1.00976,f_title_length=-1.7049 | f_is_q4=1.1405 | f_buyer_supplier_repeat_count=0.8630,"Model mengklasifikasikan paket ini sebagai **Medium Risk** dengan probabilitas 98.94%.
Faktor yang paling memengaruhi prediksi adalah:
- Panjang judul tender bernilai 18 dan menurunkan skor risiko dengan kontribusi SHAP sekitar 1.7049.
- Waktu publikasi pada kuartal iv bernilai 0 dan meningkatkan skor risiko dengan kontribusi SHAP sekitar 1.1405.
- Frekuensi hubungan buyer-supplier berulang bernilai 0 dan meningkatkan skor risiko dengan kontribusi SHAP sekitar 0.8630.",1,low,Draft AI review: risiko didukung oleh judul tender yang terlalu singkat dan timing akhir tahun anggaran.,yes,2,yes,Draft AI review: penjelasan tampak cukup membantu untuk prioritisasi audit awal.,ai_prefill_draft,AI-assisted draft only. Human reviewers must verify/edit before treating as reviewed evidence.
229,test,19724,high_uncertainty,ocds-20h3g7-24601638,RENOVASI TAHAP 3,2023-04-18 00:00:00+00:00,Kementerian Pertahanan,CV. RAJAWALI,2698426000.0,2695427953.5,1,1,Medium Risk,0.5238,0.183695,0.5238,0.292505,1.009549,f_title_length=-1.6658 | f_is_q4=1.0467 | f_buyer_supplier_repeat_count=0.8632,"Model mengklasifikasikan paket ini sebagai **Medium Risk** dengan probabilitas 98.66%.
Faktor yang paling memengaruhi prediksi adalah:
- Panjang judul tender bernilai 16 dan menurunkan skor risiko dengan kontribusi SHAP sekitar 1.6658.
- Waktu publikasi pada kuartal iv bernilai 0 dan meningkatkan skor risiko dengan kontribusi SHAP sekitar 1.0467.
- Frekuensi hubungan buyer-supplier berulang bernilai 0 dan meningkatkan skor risiko dengan kontribusi SHAP sekitar 0.8632.",1,low,Draft AI review: risiko didukung oleh judul tender yang terlalu singkat dan timing akhir tahun anggaran.,yes,2,yes,Draft AI review: penjelasan tampak cukup membantu untuk prioritisasi audit awal.,ai_prefill_draft,AI-assisted draft only. Human reviewers must verify/edit before treating as reviewed evidence.
230,test,51440,high_uncertainty,ocds-20h3g7-46142047,Emergency Kit,2023-06-20 00:00:00+00:00,Kementerian Kesehatan,CV HEXA KARANA,425000000.0,391000933.0,1,1,Medium Risk,0.517282,0.175787,0.517282,0.306931,1.009104,f_title_length=-1.5575 | f_is_q4=1.1938 | f_buyer_supplier_repeat_count=0.9093,"Model mengklasifikasikan paket ini sebagai **Medium Risk** dengan probabilitas 97.95%.
Faktor yang paling memengaruhi prediksi adalah:
- Panjang judul tender bernilai 13 dan menurunkan skor risiko dengan kontribusi SHAP sekitar 1.5575.
- Waktu publikasi pada kuartal iv bernilai 0 dan meningkatkan skor risiko dengan kontribusi SHAP sekitar 1.1938.
- Frekuensi hubungan buyer-supplier berulang bernilai 0 dan meningkatkan skor risiko dengan kontribusi SHAP sekitar 0.9093.",1,low,Draft AI review: risiko didukung oleh judul tender yang terlalu singkat dan timing akhir tahun anggaran.,yes,2,yes,Draft AI review: penjelasan tampak cukup membantu untuk prioritisasi audit awal.,ai_prefill_draft,AI-assisted draft only. Human reviewers must verify/edit before treating as reviewed evidence.
231,test,14159,high_uncertainty,ocds-20h3g7-19361170,Pembangunan KUA,2023-04-04 00:00:00+00:00,Kementerian Agama,CV.BUANA PERKASA,1056993337.5,1052039053.01,1,1,Medium Risk,0.528832,0.189408,0.528832,0.281761,1.008963,f_title_length=-1.6538 | f_is_q4=1.2347 | f_buyer_supplier_repeat_count=0.8426,"Model mengklasifikasikan paket ini sebagai **Medium Risk** dengan probabilitas 99.03%.
Faktor yang paling memengaruhi prediksi adalah:
- Panjang judul tender bernilai 15 dan menurunkan skor risiko dengan kontribusi SHAP sekitar 1.6538.
- Waktu publikasi pada kuartal iv bernilai 0 dan meningkatkan skor risiko dengan kontribusi SHAP sekitar 1.2347.
- Frekuensi hubungan buyer-supplier berulang bernilai 0 dan meningkatkan skor risiko dengan kontribusi SHAP sekitar 0.8426.",1,low,Draft AI review: risiko didukung oleh judul tender yang terlalu singkat dan timing akhir tahun anggaran.,yes,2,yes,Draft AI review: penjelasan tampak cukup membantu untuk prioritisasi audit awal.,ai_prefill_draft,AI-assisted draft only. Human reviewers must verify/edit before treating as reviewed evidence.
232,test,23549,high_uncertainty,ocds-20h3g7-5290511,Pembangunan RTJK,2023-05-05 00:00:00+00:00,Kementerian Desa Pembangunan Daerah Tertinggal dan Transmigrasi RI,CV. IBRIAND JAYA PRATAMA,700000000.0,697924944.3,1,1,Medium Risk,0.517054,0.17415,0.517054,0.308796,1.008298,f_title_length=-1.7223 | f_is_q4=1.2205 | f_buyer_supplier_repeat_count=0.9134,"Model mengklasifikasikan paket ini sebagai **Medium Risk** dengan probabilitas 97.85%.
Faktor yang paling memengaruhi prediksi adalah:
- Panjang judul tender bernilai 16 dan menurunkan skor risiko dengan kontribusi SHAP sekitar 1.7223.
- Waktu publikasi pada kuartal iv bernilai 0 dan meningkatkan skor risiko dengan kontribusi SHAP sekitar 1.2205.
- Frekuensi hubungan buyer-supplier berulang bernilai 0 dan meningkatkan skor risiko dengan kontribusi SHAP sekitar 0.9134.",1,low,Draft AI review: risiko didukung oleh judul tender yang terlalu singkat dan timing akhir tahun anggaran.,yes,2,yes,Draft AI review: penjelasan tampak cukup membantu untuk prioritisasi audit awal.,ai_prefill_draft,AI-assisted draft only. Human reviewers must verify/edit before treating as reviewed evidence.
233,test,83556,high_uncertainty,ocds-20h3g7-6681226,RTH BATIN XXIV,2023-09-18 00:00:00+00:00,Pemerintah Daerah Kabupaten Batanghari,CV.Karya Torikido Lestari,599710000.0,591742616.39,1,1,Medium Risk,0.531244,0.191002,0.531244,0.277754,1.008037,f_title_length=-1.8822 | f_is_q4=1.0939 | f_buyer_supplier_repeat_count=0.9347,"Model mengklasifikasikan paket ini sebagai **Medium Risk** dengan probabilitas 99.15%.
Faktor yang paling memengaruhi prediksi adalah:
- Panjang judul tender bernilai 14 dan menurunkan skor risiko dengan kontribusi SHAP sekitar 1.8822.
- Waktu publikasi pada kuartal iv bernilai 0 dan meningkatkan skor risiko dengan kontribusi SHAP sekitar 1.0939.
- Frekuensi hubungan buyer-supplier berulang bernilai 0 dan meningkatkan skor risiko dengan kontribusi SHAP sekitar 0.9347.",1,low,Draft AI review: risiko didukung oleh judul tender yang terlalu singkat dan timing akhir tahun anggaran.,yes,2,yes,Draft AI review: penjelasan tampak cukup membantu untuk prioritisasi audit awal.,ai_prefill_draft,AI-assisted draft only. Human reviewers must verify/edit before treating as reviewed evidence.
234,test,25593,high_uncertainty,ocds-20h3g7-6177581,Pengadaan Alkes,2023-05-09 00:00:00+00:00,Kepolisian Negara Republik Indonesia,ANUGERAH PUTRA MANDIRI ALKESINDO,1839782000.0,1839278000.0,1,1,Medium Risk,0.518276,0.174759,0.518276,0.306965,1.008008,f_title_length=-1.5569 | f_is_q4=1.1538 | f_buyer_supplier_repeat_count=0.8661,"Model mengklasifikasikan paket ini sebagai **Medium Risk** dengan probabilitas 97.98%.
Faktor yang paling memengaruhi prediksi adalah:
- Panjang judul tender bernilai 15 dan menurunkan skor risiko dengan kontribusi SHAP sekitar 1.5569.
- Waktu publikasi pada kuartal iv bernilai 0 dan meningkatkan skor risiko dengan kontribusi SHAP sekitar 1.1538.
- Frekuensi hubungan buyer-supplier berulang bernilai 0 dan meningkatkan skor risiko dengan kontribusi SHAP sekitar 0.8661.",1,low,Draft AI review: risiko didukung oleh judul tender yang terlalu singkat dan timing akhir tahun anggaran.,yes,2,yes,Draft AI review: penjelasan tampak cukup membantu untuk prioritisasi audit awal.,ai_prefill_draft,AI-assisted draft only. Human reviewers must verify/edit before treating as reviewed evidence.
235,test,78875,high_uncertainty,ocds-20h3g7-5082177,Pembangunan Sarana dan Prasarana Air Bersih dan Sanitasi Penanganan Desa Stunting Kabupaten Tapin,2023-08-31 00:00:00+00:00,Pemerintah Daerah Kabupaten Tapin,CV. DEWI KUNTI,5151318042.08,5139189000.0,2,2,High Risk,0.464585,0.148896,0.38652,0.464585,1.007144,f_supplier_recent_90d_award_count=3.4548 | f_buyer_supplier_repeat_count=3.4095 | f_title_length=-3.3353,"Model mengklasifikasikan paket ini sebagai **High Risk** dengan probabilitas 79.69%.
Faktor yang paling memengaruhi prediksi adalah:
- F supplier recent 90d award count bernilai 4 dan meningkatkan skor risiko dengan kontribusi SHAP sekitar 3.4548.
- Frekuensi hubungan buyer-supplier berulang bernilai 4 dan meningkatkan skor risiko dengan kontribusi SHAP sekitar 3.4095.
- Panjang judul tender bernilai 97 dan menurunkan skor risiko dengan kontribusi SHAP sekitar 3.3353.",2,low,Draft AI review: risiko didukung oleh lonjakan kemenangan supplier dalam 90 hari dan hubungan buyer-supplier yang berulang.,yes,2,yes,Draft AI review: penjelasan tampak cukup membantu untuk prioritisasi audit awal.,ai_prefill_draft,AI-assisted draft only. Human reviewers must verify/edit before treating as reviewed evidence.
236,test,23903,high_uncertainty,ocds-20h3g7-8135259,Jl. Cendrawasih,2023-05-05 00:00:00+00:00,Pemerintah Daerah Kota Jambi,AUCHY WIJAYA,799894146.16,797035993.95,1,1,Medium Risk,0.528179,0.183013,0.528179,0.288807,1.006637,f_title_length=-1.5549 | f_is_q4=1.1828 | f_buyer_supplier_repeat_count=0.8874,"Model mengklasifikasikan paket ini sebagai **Medium Risk** dengan probabilitas 98.85%.
Faktor yang paling memengaruhi prediksi adalah:
- Panjang judul tender bernilai 15 dan menurunkan skor risiko dengan kontribusi SHAP sekitar 1.5549.
- Waktu publikasi pada kuartal iv bernilai 0 dan meningkatkan skor risiko dengan kontribusi SHAP sekitar 1.1828.
- Frekuensi hubungan buyer-supplier berulang bernilai 0 dan meningkatkan skor risiko dengan kontribusi SHAP sekitar 0.8874.",1,low,Draft AI review: risiko didukung oleh judul tender yang terlalu singkat dan timing akhir tahun anggaran.,yes,2,yes,Draft AI review: penjelasan tampak cukup membantu untuk prioritisasi audit awal.,ai_prefill_draft,AI-assisted draft only. Human reviewers must verify/edit before treating as reviewed evidence.
237,test,3440,high_uncertainty,ocds-20h3g7-45687047,BMHP INSTALASI RADIODIAGNOSTIK TAHUN ANGGARAN 2023 (TENDER ULANG),2023-03-17 00:00:00+00:00,Kementerian Kesehatan,PT Amithya Satya Laras,6008828972.85,1059584294.0,1,1,Medium Risk,0.500905,0.160017,0.500905,0.339079,1.006244,f_price_deviation_ratio=-1.6090 | f_tender_value_log=-1.2887 | f_title_length=1.2637,"Model mengklasifikasikan paket ini sebagai **Medium Risk** dengan probabilitas 94.77%.
Faktor yang paling memengaruhi prediksi adalah:
- Rasio deviasi harga terhadap nilai tender bernilai 0.1763 dan menurunkan skor risiko dengan kontribusi SHAP sekitar 1.6090.
- Nilai tender bernilai 22.5165 dan menurunkan skor risiko dengan kontribusi SHAP sekitar 1.2887.
- Panjang judul tender bernilai 65 dan meningkatkan skor risiko dengan kontribusi SHAP sekitar 1.2637.",1,low,Draft AI review: risiko didukung oleh deviasi harga tender-award dan nilai tender yang besar.,yes,2,yes,Draft AI review: penjelasan tampak cukup membantu untuk prioritisasi audit awal.,ai_prefill_draft,AI-assisted draft only. Human reviewers must verify/edit before treating as reviewed evidence.
238,test,59492,high_uncertainty,ocds-20h3g7-25210638,Alat Proteksi Nubika,2023-07-04 00:00:00+00:00,Kementerian Pertahanan,PT CITRA AMINDO,5525069000.0,5497830000.0,1,2,High Risk,0.467348,0.148022,0.384631,0.467348,1.005787,f_title_length=3.4351 | f_tender_value_log=3.3294 | f_is_q4=-1.9492,"Model mengklasifikasikan paket ini sebagai **High Risk** dengan probabilitas 80.96%.
Faktor yang paling memengaruhi prediksi adalah:
- Panjang judul tender bernilai 20 dan meningkatkan skor risiko dengan kontribusi SHAP sekitar 3.4351.
- Nilai tender bernilai 22.4326 dan meningkatkan skor risiko dengan kontribusi SHAP sekitar 3.3294.
- Waktu publikasi pada kuartal iv bernilai 0 dan menurunkan skor risiko dengan kontribusi SHAP sekitar 1.9492.",1,low,Draft AI review: risiko didukung oleh judul tender yang terlalu singkat dan nilai tender yang besar.,yes,2,yes,Draft AI review: penjelasan tampak cukup membantu untuk prioritisasi audit awal.,ai_prefill_draft,AI-assisted draft only. Human reviewers must verify/edit before treating as reviewed evidence.
239,test,71154,high_uncertainty,ocds-20h3g7-3447493,Bangunan Kesehatan,2023-08-04 00:00:00+00:00,Pemerintah Daerah Kota Serang,CV. ZAHRA SURETYNDO,999996000.0,991705000.0,1,1,Medium Risk,0.533846,0.189285,0.533846,0.276869,1.005691,f_title_length=-1.8717 | f_is_q4=1.1101 | f_buyer_supplier_repeat_count=0.9192,"Model mengklasifikasikan paket ini sebagai **Medium Risk** dengan probabilitas 99.20%.
Faktor yang paling memengaruhi prediksi adalah:
- Panjang judul tender bernilai 18 dan menurunkan skor risiko dengan kontribusi SHAP sekitar 1.8717.
- Waktu publikasi pada kuartal iv bernilai 0 dan meningkatkan skor risiko dengan kontribusi SHAP sekitar 1.1101.
- Frekuensi hubungan buyer-supplier berulang bernilai 0 dan meningkatkan skor risiko dengan kontribusi SHAP sekitar 0.9192.",1,low,Draft AI review: risiko didukung oleh judul tender yang terlalu singkat dan timing akhir tahun anggaran.,yes,2,yes,Draft AI review: penjelasan tampak cukup membantu untuk prioritisasi audit awal.,ai_prefill_draft,AI-assisted draft only. Human reviewers must verify/edit before treating as reviewed evidence.
240,test,7889,high_uncertainty,ocds-20h3g7-1031532,Har Kapal,2023-03-27 00:00:00+00:00,Kepolisian Negara Republik Indonesia,CV SUMBER PERTAMA JAYA,1244256427.7,1213262639.55,1,1,Medium Risk,0.524842,0.177032,0.524842,0.298126,1.005665,f_title_length=-1.5331 | f_is_q4=1.1911 | f_buyer_supplier_repeat_count=0.8745,"Model mengklasifikasikan paket ini sebagai **Medium Risk** dengan probabilitas 98.50%.
Faktor yang paling memengaruhi prediksi adalah:
- Panjang judul tender bernilai 9 dan menurunkan skor risiko dengan kontribusi SHAP sekitar 1.5331.
- Waktu publikasi pada kuartal iv bernilai 0 dan meningkatkan skor risiko dengan kontribusi SHAP sekitar 1.1911.
- Frekuensi hubungan buyer-supplier berulang bernilai 0 dan meningkatkan skor risiko dengan kontribusi SHAP sekitar 0.8745.",1,low,Draft AI review: risiko didukung oleh judul tender yang terlalu singkat dan timing akhir tahun anggaran.,yes,2,yes,Draft AI review: penjelasan tampak cukup membantu untuk prioritisasi audit awal.,ai_prefill_draft,AI-assisted draft only. Human reviewers must verify/edit before treating as reviewed evidence.
241,test,42417,high_uncertainty,ocds-20h3g7-3697715,Pengadaan Obat,2023-06-07 00:00:00+00:00,Pemerintah Daerah Kabupaten Kepulauan Sula,PT. Rimatandu Motaro Pratama,2436778636.59,2372889294.0,1,1,Medium Risk,0.525485,0.176371,0.525485,0.298144,1.004955,f_title_length=-1.5626 | f_is_q4=1.0939 | f_buyer_supplier_repeat_count=0.8124,"Model mengklasifikasikan paket ini sebagai **Medium Risk** dengan probabilitas 98.51%.
Faktor yang paling memengaruhi prediksi adalah:
- Panjang judul tender bernilai 14 dan menurunkan skor risiko dengan kontribusi SHAP sekitar 1.5626.
- Waktu publikasi pada kuartal iv bernilai 0 dan meningkatkan skor risiko dengan kontribusi SHAP sekitar 1.0939.
- Frekuensi hubungan buyer-supplier berulang bernilai 0 dan meningkatkan skor risiko dengan kontribusi SHAP sekitar 0.8124.",1,low,Draft AI review: risiko didukung oleh judul tender yang terlalu singkat dan timing akhir tahun anggaran.,yes,2,yes,Draft AI review: penjelasan tampak cukup membantu untuk prioritisasi audit awal.,ai_prefill_draft,AI-assisted draft only. Human reviewers must verify/edit before treating as reviewed evidence.
242,test,45454,high_uncertainty,ocds-20h3g7-13902043,Perahu Fiber,2023-06-12 00:00:00+00:00,Pemerintah Daerah Kabupaten Berau,PUTRA SOETRADIREDJA,324419700.0,273235380.0,1,1,Medium Risk,0.519269,0.16973,0.519269,0.311001,1.004555,f_title_length=-1.4297 | f_is_q4=1.1996 | f_buyer_supplier_repeat_count=0.8665,"Model mengklasifikasikan paket ini sebagai **Medium Risk** dengan probabilitas 97.81%.
Faktor yang paling memengaruhi prediksi adalah:
- Panjang judul tender bernilai 12 dan menurunkan skor risiko dengan kontribusi SHAP sekitar 1.4297.
- Waktu publikasi pada kuartal iv bernilai 0 dan meningkatkan skor risiko dengan kontribusi SHAP sekitar 1.1996.
- Frekuensi hubungan buyer-supplier berulang bernilai 0 dan meningkatkan skor risiko dengan kontribusi SHAP sekitar 0.8665.",1,low,Draft AI review: risiko didukung oleh judul tender yang terlalu singkat dan timing akhir tahun anggaran.,yes,2,yes,Draft AI review: penjelasan tampak cukup membantu untuk prioritisasi audit awal.,ai_prefill_draft,AI-assisted draft only. Human reviewers must verify/edit before treating as reviewed evidence.
243,test,42604,high_uncertainty,ocds-20h3g7-10206109,Ph Meter Portable,2023-06-07 00:00:00+00:00,Kementerian Energi Dan Sumber Daya Mineral,CV Pratama Abadi Sejahtera,326999340.0,253203543.0,1,1,Medium Risk,0.535001,0.188054,0.535001,0.276946,1.004459,f_title_length=-1.8949 | f_is_q4=0.9828 | f_buyer_supplier_repeat_count=0.8961,"Model mengklasifikasikan paket ini sebagai **Medium Risk** dengan probabilitas 99.22%.
Faktor yang paling memengaruhi prediksi adalah:
- Panjang judul tender bernilai 17 dan menurunkan skor risiko dengan kontribusi SHAP sekitar 1.8949.
- Waktu publikasi pada kuartal iv bernilai 0 dan meningkatkan skor risiko dengan kontribusi SHAP sekitar 0.9828.
- Frekuensi hubungan buyer-supplier berulang bernilai 0 dan meningkatkan skor risiko dengan kontribusi SHAP sekitar 0.8961.",1,low,Draft AI review: risiko didukung oleh judul tender yang terlalu singkat dan timing akhir tahun anggaran.,yes,2,yes,Draft AI review: penjelasan tampak cukup membantu untuk prioritisasi audit awal.,ai_prefill_draft,AI-assisted draft only. Human reviewers must verify/edit before treating as reviewed evidence.
244,test,69026,high_uncertainty,ocds-20h3g7-5342511,SPAM Desa Ogomoli,2023-07-28 00:00:00+00:00,Pemerintah Daerah Kabupaten Toli-Toli,CV.ELNINO JAYA,299625833.69,294832621.07,1,1,Medium Risk,0.533665,0.185613,0.533665,0.280722,1.00435,f_title_length=-1.6616 | f_is_q4=1.0798 | f_buyer_supplier_repeat_count=0.9052,"Model mengklasifikasikan paket ini sebagai **Medium Risk** dengan probabilitas 99.13%.
Faktor yang paling memengaruhi prediksi adalah:
- Panjang judul tender bernilai 17 dan menurunkan skor risiko dengan kontribusi SHAP sekitar 1.6616.
- Waktu publikasi pada kuartal iv bernilai 0 dan meningkatkan skor risiko dengan kontribusi SHAP sekitar 1.0798.
- Frekuensi hubungan buyer-supplier berulang bernilai 0 dan meningkatkan skor risiko dengan kontribusi SHAP sekitar 0.9052.",1,low,Draft AI review: risiko didukung oleh judul tender yang terlalu singkat dan timing akhir tahun anggaran.,yes,2,yes,Draft AI review: penjelasan tampak cukup membantu untuk prioritisasi audit awal.,ai_prefill_draft,AI-assisted draft only. Human reviewers must verify/edit before treating as reviewed evidence.
245,test,69012,high_uncertainty,ocds-20h3g7-15639025,Rehab Rusunawa,2023-07-28 00:00:00+00:00,Kementerian Pendidikan dan Kebudayaan,CV. TEGTEG URIP KALANTAS,943286000.0,728000000.0,1,1,Medium Risk,0.532107,0.182688,0.532107,0.285205,1.00408,f_title_length=-1.5350 | f_is_q4=1.2038 | f_buyer_supplier_repeat_count=0.8779,"Model mengklasifikasikan paket ini sebagai **Medium Risk** dengan probabilitas 99.01%.
Faktor yang paling memengaruhi prediksi adalah:
- Panjang judul tender bernilai 14 dan menurunkan skor risiko dengan kontribusi SHAP sekitar 1.5350.
- Waktu publikasi pada kuartal iv bernilai 0 dan meningkatkan skor risiko dengan kontribusi SHAP sekitar 1.2038.
- Frekuensi hubungan buyer-supplier berulang bernilai 0 dan meningkatkan skor risiko dengan kontribusi SHAP sekitar 0.8779.",1,low,Draft AI review: risiko didukung oleh judul tender yang terlalu singkat dan timing akhir tahun anggaran.,yes,2,yes,Draft AI review: penjelasan tampak cukup membantu untuk prioritisasi audit awal.,ai_prefill_draft,AI-assisted draft only. Human reviewers must verify/edit before treating as reviewed evidence.
246,test,66927,high_uncertainty,ocds-20h3g7-1479617,Pengadaan Gabus,2023-07-24 00:00:00+00:00,Pemerintah Daerah Kabupaten Sabu Raijua,CV.AMA,207500000.0,169053000.0,1,1,Medium Risk,0.529436,0.179166,0.529436,0.291398,1.004069,f_title_length=-1.5913 | f_is_q4=1.1818 | f_buyer_supplier_repeat_count=0.9092,"Model mengklasifikasikan paket ini sebagai **Medium Risk** dengan probabilitas 98.80%.
Faktor yang paling memengaruhi prediksi adalah:
- Panjang judul tender bernilai 15 dan menurunkan skor risiko dengan kontribusi SHAP sekitar 1.5913.
- Waktu publikasi pada kuartal iv bernilai 0 dan meningkatkan skor risiko dengan kontribusi SHAP sekitar 1.1818.
- Frekuensi hubungan buyer-supplier berulang bernilai 0 dan meningkatkan skor risiko dengan kontribusi SHAP sekitar 0.9092.",1,low,Draft AI review: risiko didukung oleh judul tender yang terlalu singkat dan timing akhir tahun anggaran.,yes,2,yes,Draft AI review: penjelasan tampak cukup membantu untuk prioritisasi audit awal.,ai_prefill_draft,AI-assisted draft only. Human reviewers must verify/edit before treating as reviewed evidence.
247,test,83125,high_uncertainty,ocds-20h3g7-10260423,Pembangunan IPLT,2023-09-15 00:00:00+00:00,LPSE Kabupaten Demak,CV. CITRA DELIMA,1921406181.35,1918405155.85,1,1,Medium Risk,0.537165,0.190059,0.537165,0.272776,1.003764,f_title_length=-1.5867 | f_is_q4=1.2083 | f_buyer_supplier_repeat_count=0.9712,"Model mengklasifikasikan paket ini sebagai **Medium Risk** dengan probabilitas 99.31%.
Faktor yang paling memengaruhi prediksi adalah:
- Panjang judul tender bernilai 16 dan menurunkan skor risiko dengan kontribusi SHAP sekitar 1.5867.
- Waktu publikasi pada kuartal iv bernilai 0 dan meningkatkan skor risiko dengan kontribusi SHAP sekitar 1.2083.
- Frekuensi hubungan buyer-supplier berulang bernilai 1 dan meningkatkan skor risiko dengan kontribusi SHAP sekitar 0.9712.",1,low,Draft AI review: risiko didukung oleh judul tender yang terlalu singkat dan timing akhir tahun anggaran.,yes,2,yes,Draft AI review: penjelasan tampak cukup membantu untuk prioritisasi audit awal.,ai_prefill_draft,AI-assisted draft only. Human reviewers must verify/edit before treating as reviewed evidence.
248,test,81068,high_uncertainty,ocds-20h3g7-9409156,Normalisasi Sungai Kecamatan Pampangan,2023-09-08 00:00:00+00:00,Pemerintah Daerah Kabupaten Ogan Komering Ilir,CV. Winatakarya Sejati,5000000000.0,4954980479.05,2,1,Medium Risk,0.455583,0.143906,0.455583,0.400511,1.003618,f_supplier_recent_90d_award_count=-2.3632 | f_buyer_supplier_repeat_count=1.3622 | f_is_q4=0.9277,"Model mengklasifikasikan paket ini sebagai **Medium Risk** dengan probabilitas 72.26%.
Faktor yang paling memengaruhi prediksi adalah:
- F supplier recent 90d award count bernilai 3 dan menurunkan skor risiko dengan kontribusi SHAP sekitar 2.3632.
- Frekuensi hubungan buyer-supplier berulang bernilai 0 dan meningkatkan skor risiko dengan kontribusi SHAP sekitar 1.3622.
- Waktu publikasi pada kuartal iv bernilai 0 dan meningkatkan skor risiko dengan kontribusi SHAP sekitar 0.9277.",1,low,Draft AI review: risiko didukung oleh lonjakan kemenangan supplier dalam 90 hari dan hubungan buyer-supplier yang berulang.,yes,2,yes,Draft AI review: penjelasan tampak cukup membantu untuk prioritisasi audit awal.,ai_prefill_draft,AI-assisted draft only. Human reviewers must verify/edit before treating as reviewed evidence.
249,test,72557,high_uncertainty,ocds-20h3g7-12719332,D I Bongas,2023-08-09 00:00:00+00:00,Pemerintah Daerah Kabupaten Tasikmalaya,CV. ARSHAKA PUTRA,485789979.37,473916543.32,1,1,Medium Risk,0.53483,0.185358,0.53483,0.279812,1.003494,f_title_length=-1.6492 | f_is_q4=1.1009 | f_buyer_supplier_repeat_count=0.8988,"Model mengklasifikasikan paket ini sebagai **Medium Risk** dengan probabilitas 99.16%.
Faktor yang paling memengaruhi prediksi adalah:
- Panjang judul tender bernilai 10 dan menurunkan skor risiko dengan kontribusi SHAP sekitar 1.6492.
- Waktu publikasi pada kuartal iv bernilai 0 dan meningkatkan skor risiko dengan kontribusi SHAP sekitar 1.1009.
- Frekuensi hubungan buyer-supplier berulang bernilai 0 dan meningkatkan skor risiko dengan kontribusi SHAP sekitar 0.8988.",1,low,Draft AI review: risiko didukung oleh judul tender yang terlalu singkat dan timing akhir tahun anggaran.,yes,2,yes,Draft AI review: penjelasan tampak cukup membantu untuk prioritisasi audit awal.,ai_prefill_draft,AI-assisted draft only. Human reviewers must verify/edit before treating as reviewed evidence.
250,test,63027,high_uncertainty,ocds-20h3g7-18305218,Docking Kapal Pengawas Paket I (KP. Orca 01 dan KP. Orca 02),2023-07-12 00:00:00+00:00,Kementerian Kelautan Dan Perikanan,PT. YASA WAHANA TIRTA SAMUDERA,4863122600.0,4853037088.35,2,1,Medium Risk,0.51124,0.161705,0.51124,0.327054,1.003148,f_tender_value_zscore_buyer=-2.1515 | f_buyer_supplier_repeat_count=-1.4343 | f_tender_value_log=0.9573,"Model mengklasifikasikan paket ini sebagai **Medium Risk** dengan probabilitas 96.50%.
Faktor yang paling memengaruhi prediksi adalah:
- F tender value zscore buyer bernilai 2.6364 dan menurunkan skor risiko dengan kontribusi SHAP sekitar 2.1515.
- Frekuensi hubungan buyer-supplier berulang bernilai 2 dan menurunkan skor risiko dengan kontribusi SHAP sekitar 1.4343.
- Nilai tender bernilai 22.3049 dan meningkatkan skor risiko dengan kontribusi SHAP sekitar 0.9573.",1,low,Draft AI review: risiko didukung oleh lonjakan nilai tender relatif terhadap histori buyer dan hubungan buyer-supplier yang berulang.,yes,2,yes,Draft AI review: penjelasan tampak cukup membantu untuk prioritisasi audit awal.,ai_prefill_draft,AI-assisted draft only. Human reviewers must verify/edit before treating as reviewed evidence.
251,test,41286,high_uncertainty,ocds-20h3g7-8255259,Jl. Kadet. Legiman,2023-06-06 00:00:00+00:00,Pemerintah Daerah Kota Jambi,CV. BINATAMA MANDIRI,299963561.71,298300535.97,1,1,Medium Risk,0.535737,0.185028,0.535737,0.279234,1.002769,f_title_length=-1.6482 | f_is_q4=1.0985 | f_buyer_supplier_repeat_count=0.8339,"Model mengklasifikasikan paket ini sebagai **Medium Risk** dengan probabilitas 99.18%.
Faktor yang paling memengaruhi prediksi adalah:
- Panjang judul tender bernilai 18 dan menurunkan skor risiko dengan kontribusi SHAP sekitar 1.6482.
- Waktu publikasi pada kuartal iv bernilai 0 dan meningkatkan skor risiko dengan kontribusi SHAP sekitar 1.0985.
- Frekuensi hubungan buyer-supplier berulang bernilai 0 dan meningkatkan skor risiko dengan kontribusi SHAP sekitar 0.8339.",1,low,Draft AI review: risiko didukung oleh judul tender yang terlalu singkat dan timing akhir tahun anggaran.,yes,2,yes,Draft AI review: penjelasan tampak cukup membantu untuk prioritisasi audit awal.,ai_prefill_draft,AI-assisted draft only. Human reviewers must verify/edit before treating as reviewed evidence.
252,test,86151,high_uncertainty,ocds-20h3g7-1780463,pengadaan Bagan,2023-09-29 00:00:00+00:00,Pemerintah Daerah Kabupaten Boalemo,CV. ATHAYA ABADI,399999600.0,283195000.0,1,1,Medium Risk,0.492804,0.151996,0.492804,0.3552,1.002733,f_title_length=-1.4956 | f_is_q4=1.2050 | f_buyer_supplier_repeat_count=0.9208,"Model mengklasifikasikan paket ini sebagai **Medium Risk** dengan probabilitas 91.93%.
Faktor yang paling memengaruhi prediksi adalah:
- Panjang judul tender bernilai 15 dan menurunkan skor risiko dengan kontribusi SHAP sekitar 1.4956.
- Waktu publikasi pada kuartal iv bernilai 0 dan meningkatkan skor risiko dengan kontribusi SHAP sekitar 1.2050.
- Frekuensi hubungan buyer-supplier berulang bernilai 0 dan meningkatkan skor risiko dengan kontribusi SHAP sekitar 0.9208.",1,low,Draft AI review: risiko didukung oleh judul tender yang terlalu singkat dan timing akhir tahun anggaran.,yes,2,yes,Draft AI review: penjelasan tampak cukup membantu untuk prioritisasi audit awal.,ai_prefill_draft,AI-assisted draft only. Human reviewers must verify/edit before treating as reviewed evidence.
253,test,42396,high_uncertainty,ocds-20h3g7-1102598,Jasa Konsultan Penyusunan Dokumen Analisis Mengenai Dampak Lingkungan,2023-06-07 00:00:00+00:00,Pemerintah Daerah Kota Binjai,Bawana Rekatama Consultant,450016200.0,450016200.0,1,1,Medium Risk,0.497102,0.349439,0.497102,0.153459,1.002495,f_buyer_supplier_repeat_count=0.7609 | f_price_deviation_ratio=0.6668 | f_is_q4=0.6042,"Model mengklasifikasikan paket ini sebagai **Medium Risk** dengan probabilitas 93.21%.
Faktor yang paling memengaruhi prediksi adalah:
- Frekuensi hubungan buyer-supplier berulang bernilai 0 dan meningkatkan skor risiko dengan kontribusi SHAP sekitar 0.7609.
- Rasio deviasi harga terhadap nilai tender bernilai 1 dan meningkatkan skor risiko dengan kontribusi SHAP sekitar 0.6668.
- Waktu publikasi pada kuartal iv bernilai 0 dan meningkatkan skor risiko dengan kontribusi SHAP sekitar 0.6042.",1,low,Draft AI review: risiko didukung oleh hubungan buyer-supplier yang berulang dan deviasi harga tender-award.,yes,2,yes,Draft AI review: penjelasan tampak cukup membantu untuk prioritisasi audit awal.,ai_prefill_draft,AI-assisted draft only. Human reviewers must verify/edit before treating as reviewed evidence.
254,test,40995,high_uncertainty,ocds-20h3g7-8245259,Jl. Tarmizi Kadir,2023-06-06 00:00:00+00:00,Pemerintah Daerah Kota Jambi,CV.LIMAS PERKASA,499955760.35,497178044.78,1,1,Medium Risk,0.532267,0.178922,0.532267,0.288812,1.002241,f_title_length=-1.5629 | f_is_q4=1.1229 | f_buyer_supplier_repeat_count=0.8955,"Model mengklasifikasikan paket ini sebagai **Medium Risk** dengan probabilitas 98.92%.
Faktor yang paling memengaruhi prediksi adalah:
- Panjang judul tender bernilai 17 dan menurunkan skor risiko dengan kontribusi SHAP sekitar 1.5629.
- Waktu publikasi pada kuartal iv bernilai 0 dan meningkatkan skor risiko dengan kontribusi SHAP sekitar 1.1229.
- Frekuensi hubungan buyer-supplier berulang bernilai 0 dan meningkatkan skor risiko dengan kontribusi SHAP sekitar 0.8955.",1,low,Draft AI review: risiko didukung oleh judul tender yang terlalu singkat dan timing akhir tahun anggaran.,yes,2,yes,Draft AI review: penjelasan tampak cukup membantu untuk prioritisasi audit awal.,ai_prefill_draft,AI-assisted draft only. Human reviewers must verify/edit before treating as reviewed evidence.
255,test,8790,high_uncertainty,ocds-20h3g7-15752212,Mesin Printing,2023-03-28 00:00:00+00:00,Kementerian Pertanian,Budi Sarwahita,925926600.0,901211000.0,1,1,Medium Risk,0.52603,0.1719,0.52603,0.30207,1.002216,f_title_length=-1.5608 | f_is_q4=1.1843 | f_buyer_supplier_repeat_count=0.8771,"Model mengklasifikasikan paket ini sebagai **Medium Risk** dengan probabilitas 98.39%.
Faktor yang paling memengaruhi prediksi adalah:
- Panjang judul tender bernilai 14 dan menurunkan skor risiko dengan kontribusi SHAP sekitar 1.5608.
- Waktu publikasi pada kuartal iv bernilai 0 dan meningkatkan skor risiko dengan kontribusi SHAP sekitar 1.1843.
- Frekuensi hubungan buyer-supplier berulang bernilai 0 dan meningkatkan skor risiko dengan kontribusi SHAP sekitar 0.8771.",1,low,Draft AI review: risiko didukung oleh judul tender yang terlalu singkat dan timing akhir tahun anggaran.,yes,2,yes,Draft AI review: penjelasan tampak cukup membantu untuk prioritisasi audit awal.,ai_prefill_draft,AI-assisted draft only. Human reviewers must verify/edit before treating as reviewed evidence.
256,test,68389,high_uncertainty,ocds-20h3g7-2774670,Renovasi Rumah Dinas dan Mess Kejaksaan Tinggi Kalimantan Timur,2023-07-27 00:00:00+00:00,Kejaksaan Republik Indonesia,CV.AKSA KARYA UTAMA,14728063000.0,14699306597.03,1,1,Medium Risk,0.529629,0.175128,0.529629,0.295243,1.001919,f_tender_value_log=-1.4267 | f_buyer_supplier_repeat_count=1.3565 | f_supplier_recent_90d_award_count=-1.3171,"Model mengklasifikasikan paket ini sebagai **Medium Risk** dengan probabilitas 98.69%.
Faktor yang paling memengaruhi prediksi adalah:
- Nilai tender bernilai 23.413 dan menurunkan skor risiko dengan kontribusi SHAP sekitar 1.4267.
- Frekuensi hubungan buyer-supplier berulang bernilai 0 dan meningkatkan skor risiko dengan kontribusi SHAP sekitar 1.3565.
- F supplier recent 90d award count bernilai 8 dan menurunkan skor risiko dengan kontribusi SHAP sekitar 1.3171.",1,low,Draft AI review: risiko didukung oleh nilai tender yang besar dan hubungan buyer-supplier yang berulang.,yes,2,yes,Draft AI review: penjelasan tampak cukup membantu untuk prioritisasi audit awal.,ai_prefill_draft,AI-assisted draft only. Human reviewers must verify/edit before treating as reviewed evidence.
257,test,79488,high_uncertainty,ocds-20h3g7-21148044,TENDA PANTAU SABHARA,2023-09-01 00:00:00+00:00,Kepolisian Negara Republik Indonesia,PT. BERLIAN KENCANA SEJAHTERA,24981341430.0,24968399940.0,1,2,High Risk,0.483086,0.147725,0.369189,0.483086,1.001861,f_title_length=3.2239 | f_tender_value_log=3.2206 | f_buyer_supplier_repeat_count=-1.9800,"Model mengklasifikasikan paket ini sebagai **High Risk** dengan probabilitas 88.06%.
Faktor yang paling memengaruhi prediksi adalah:
- Panjang judul tender bernilai 20 dan meningkatkan skor risiko dengan kontribusi SHAP sekitar 3.2239.
- Nilai tender bernilai 23.9414 dan meningkatkan skor risiko dengan kontribusi SHAP sekitar 3.2206.
- Frekuensi hubungan buyer-supplier berulang bernilai 1 dan menurunkan skor risiko dengan kontribusi SHAP sekitar 1.9800.",1,low,Draft AI review: risiko didukung oleh judul tender yang terlalu singkat dan nilai tender yang besar.,yes,2,yes,Draft AI review: penjelasan tampak cukup membantu untuk prioritisasi audit awal.,ai_prefill_draft,AI-assisted draft only. Human reviewers must verify/edit before treating as reviewed evidence.
258,test,75517,high_uncertainty,ocds-20h3g7-5524191,Sertifikasi BSL 3,2023-08-18 00:00:00+00:00,Badan Pengawas Obat Dan Makanan,PT Bio Sciquest,329559000.0,329547900.0,1,1,Medium Risk,0.535954,0.182956,0.535954,0.281091,1.001757,f_title_length=-1.6957 | f_is_q4=1.0804 | f_buyer_supplier_repeat_count=0.8972,"Model mengklasifikasikan paket ini sebagai **Medium Risk** dengan probabilitas 99.15%.
Faktor yang paling memengaruhi prediksi adalah:
- Panjang judul tender bernilai 17 dan menurunkan skor risiko dengan kontribusi SHAP sekitar 1.6957.
- Waktu publikasi pada kuartal iv bernilai 0 dan meningkatkan skor risiko dengan kontribusi SHAP sekitar 1.0804.
- Frekuensi hubungan buyer-supplier berulang bernilai 0 dan meningkatkan skor risiko dengan kontribusi SHAP sekitar 0.8972.",1,low,Draft AI review: risiko didukung oleh judul tender yang terlalu singkat dan timing akhir tahun anggaran.,yes,2,yes,Draft AI review: penjelasan tampak cukup membantu untuk prioritisasi audit awal.,ai_prefill_draft,AI-assisted draft only. Human reviewers must verify/edit before treating as reviewed evidence.
259,test,74508,high_uncertainty,ocds-20h3g7-5627639,Belanja Pemeliharaan Bangunan Gedung-Bangunan Gedung Tempat Tinggal-Asrama,2023-08-15 00:00:00+00:00,Pemerintah Daerah Kabupaten Mimika,CV. AUREL INTAN PERMATA,5026432000.0,4961116355.73,2,1,Medium Risk,0.463345,0.14289,0.463345,0.393765,1.001452,f_supplier_recent_90d_award_count=-1.9768 | f_title_length=1.5337 | f_buyer_supplier_repeat_count=-1.2820,"Model mengklasifikasikan paket ini sebagai **Medium Risk** dengan probabilitas 77.02%.
Faktor yang paling memengaruhi prediksi adalah:
- F supplier recent 90d award count bernilai 3 dan menurunkan skor risiko dengan kontribusi SHAP sekitar 1.9768.
- Panjang judul tender bernilai 74 dan meningkatkan skor risiko dengan kontribusi SHAP sekitar 1.5337.
- Frekuensi hubungan buyer-supplier berulang bernilai 3 dan menurunkan skor risiko dengan kontribusi SHAP sekitar 1.2820.",1,low,Draft AI review: risiko didukung oleh lonjakan kemenangan supplier dalam 90 hari dan judul tender yang terlalu singkat.,yes,2,yes,Draft AI review: penjelasan tampak cukup membantu untuk prioritisasi audit awal.,ai_prefill_draft,AI-assisted draft only. Human reviewers must verify/edit before treating as reviewed evidence.
260,test,78873,high_uncertainty,ocds-20h3g7-3865675,Peningkatan Jalan Dalam Desa Embacang Baru Kec. Karang Jaya,2023-08-31 00:00:00+00:00,Pemerintah Daerah Kabupaten Musi Rawas Utara,CV.ALKI KARYA,4999986583.26,4997441548.29,2,1,Medium Risk,0.526084,0.170533,0.526084,0.303384,1.001407,f_tender_value_zscore_buyer=-1.2813 | f_buyer_supplier_repeat_count=0.8980 | f_is_q4=0.7380,"Model mengklasifikasikan paket ini sebagai **Medium Risk** dengan probabilitas 98.34%.
Faktor yang paling memengaruhi prediksi adalah:
- F tender value zscore buyer bernilai 2.0007 dan menurunkan skor risiko dengan kontribusi SHAP sekitar 1.2813.
- Frekuensi hubungan buyer-supplier berulang bernilai 0 dan meningkatkan skor risiko dengan kontribusi SHAP sekitar 0.8980.
- Waktu publikasi pada kuartal iv bernilai 0 dan meningkatkan skor risiko dengan kontribusi SHAP sekitar 0.7380.",1,low,Draft AI review: risiko didukung oleh lonjakan nilai tender relatif terhadap histori buyer dan hubungan buyer-supplier yang berulang.,yes,2,yes,Draft AI review: penjelasan tampak cukup membantu untuk prioritisasi audit awal.,ai_prefill_draft,AI-assisted draft only. Human reviewers must verify/edit before treating as reviewed evidence.
261,test,67078,high_uncertainty,ocds-20h3g7-5664588,Fumigasi Tahap III,2023-07-24 00:00:00+00:00,Kementerian Pertahanan,CV. Afnalia Jaya,456897090.0,456840036.0,1,1,Medium Risk,0.534198,0.179388,0.534198,0.286414,1.001269,f_title_length=-1.7078 | f_is_q4=1.1461 | f_buyer_supplier_repeat_count=0.8697,"Model mengklasifikasikan paket ini sebagai **Medium Risk** dengan probabilitas 99.01%.
Faktor yang paling memengaruhi prediksi adalah:
- Panjang judul tender bernilai 18 dan menurunkan skor risiko dengan kontribusi SHAP sekitar 1.7078.
- Waktu publikasi pada kuartal iv bernilai 0 dan meningkatkan skor risiko dengan kontribusi SHAP sekitar 1.1461.
- Frekuensi hubungan buyer-supplier berulang bernilai 0 dan meningkatkan skor risiko dengan kontribusi SHAP sekitar 0.8697.",1,low,Draft AI review: risiko didukung oleh judul tender yang terlalu singkat dan timing akhir tahun anggaran.,yes,2,yes,Draft AI review: penjelasan tampak cukup membantu untuk prioritisasi audit awal.,ai_prefill_draft,AI-assisted draft only. Human reviewers must verify/edit before treating as reviewed evidence.
262,test,50424,high_uncertainty,ocds-20h3g7-2192658,Pengadaan Perabot,2023-06-17 00:00:00+00:00,Pemerintah Daerah Kabupaten Konawe Kepulauan,cv.kariya pratama,674880000.0,670000000.0,1,1,Medium Risk,0.529908,0.174138,0.529908,0.295955,1.001235,f_title_length=-1.5123 | f_is_q4=1.2238 | f_buyer_supplier_repeat_count=0.8191,"Model mengklasifikasikan paket ini sebagai **Medium Risk** dengan probabilitas 98.68%.
Faktor yang paling memengaruhi prediksi adalah:
- Panjang judul tender bernilai 17 dan menurunkan skor risiko dengan kontribusi SHAP sekitar 1.5123.
- Waktu publikasi pada kuartal iv bernilai 0 dan meningkatkan skor risiko dengan kontribusi SHAP sekitar 1.2238.
- Frekuensi hubungan buyer-supplier berulang bernilai 0 dan meningkatkan skor risiko dengan kontribusi SHAP sekitar 0.8191.",1,low,Draft AI review: risiko didukung oleh judul tender yang terlalu singkat dan timing akhir tahun anggaran.,yes,2,yes,Draft AI review: penjelasan tampak cukup membantu untuk prioritisasi audit awal.,ai_prefill_draft,AI-assisted draft only. Human reviewers must verify/edit before treating as reviewed evidence.
263,test,56814,high_uncertainty,ocds-20h3g7-3760516,Lampu Taman,2023-06-27 00:00:00+00:00,Pemerintah Daerah Kabupaten Karo,CV.ASRAM,375000000.0,371760977.68,1,1,Medium Risk,0.536681,0.182245,0.536681,0.281075,1.00098,f_title_length=-1.5568 | f_is_q4=1.2098 | f_buyer_supplier_repeat_count=0.8589,"Model mengklasifikasikan paket ini sebagai **Medium Risk** dengan probabilitas 99.16%.
Faktor yang paling memengaruhi prediksi adalah:
- Panjang judul tender bernilai 11 dan menurunkan skor risiko dengan kontribusi SHAP sekitar 1.5568.
- Waktu publikasi pada kuartal iv bernilai 0 dan meningkatkan skor risiko dengan kontribusi SHAP sekitar 1.2098.
- Frekuensi hubungan buyer-supplier berulang bernilai 0 dan meningkatkan skor risiko dengan kontribusi SHAP sekitar 0.8589.",1,low,Draft AI review: risiko didukung oleh judul tender yang terlalu singkat dan timing akhir tahun anggaran.,yes,2,yes,Draft AI review: penjelasan tampak cukup membantu untuk prioritisasi audit awal.,ai_prefill_draft,AI-assisted draft only. Human reviewers must verify/edit before treating as reviewed evidence.
264,test,23900,high_uncertainty,ocds-20h3g7-8134259,Jl. Darma I,2023-05-05 00:00:00+00:00,Pemerintah Daerah Kota Jambi,CV. ADITAMA JAYA,649810951.73,647192482.24,1,1,Medium Risk,0.539973,0.187642,0.539973,0.272384,1.000964,f_title_length=-1.6071 | f_is_q4=1.1522 | f_buyer_supplier_repeat_count=0.8922,"Model mengklasifikasikan paket ini sebagai **Medium Risk** dengan probabilitas 99.35%.
Faktor yang paling memengaruhi prediksi adalah:
- Panjang judul tender bernilai 11 dan menurunkan skor risiko dengan kontribusi SHAP sekitar 1.6071.
- Waktu publikasi pada kuartal iv bernilai 0 dan meningkatkan skor risiko dengan kontribusi SHAP sekitar 1.1522.
- Frekuensi hubungan buyer-supplier berulang bernilai 0 dan meningkatkan skor risiko dengan kontribusi SHAP sekitar 0.8922.",1,low,Draft AI review: risiko didukung oleh judul tender yang terlalu singkat dan timing akhir tahun anggaran.,yes,2,yes,Draft AI review: penjelasan tampak cukup membantu untuk prioritisasi audit awal.,ai_prefill_draft,AI-assisted draft only. Human reviewers must verify/edit before treating as reviewed evidence.
265,test,72778,high_uncertainty,ocds-20h3g7-7919641,DED ATCS,2023-08-09 00:00:00+00:00,Pemerintah Daerah Provinsi Papua Barat,PT. MULIA ARTHALOKA,399999600.0,396403000.0,1,1,Medium Risk,0.537137,0.182769,0.537137,0.280094,1.00091,f_title_length=-1.7442 | f_is_q4=1.1041 | f_buyer_supplier_repeat_count=0.9785,"Model mengklasifikasikan paket ini sebagai **Medium Risk** dengan probabilitas 99.18%.
Faktor yang paling memengaruhi prediksi adalah:
- Panjang judul tender bernilai 8 dan menurunkan skor risiko dengan kontribusi SHAP sekitar 1.7442.
- Waktu publikasi pada kuartal iv bernilai 0 dan meningkatkan skor risiko dengan kontribusi SHAP sekitar 1.1041.
- Frekuensi hubungan buyer-supplier berulang bernilai 0 dan meningkatkan skor risiko dengan kontribusi SHAP sekitar 0.9785.",1,low,Draft AI review: risiko didukung oleh judul tender yang terlalu singkat dan timing akhir tahun anggaran.,yes,2,yes,Draft AI review: penjelasan tampak cukup membantu untuk prioritisasi audit awal.,ai_prefill_draft,AI-assisted draft only. Human reviewers must verify/edit before treating as reviewed evidence.
266,test,23887,high_uncertainty,ocds-20h3g7-8131259,Jl. Nurus Solihin,2023-05-05 00:00:00+00:00,Pemerintah Daerah Kota Jambi,CV. SARFARAZ PUTRA JAYA,499925748.63,497412276.46,1,1,Medium Risk,0.540611,0.186601,0.540611,0.272788,1.000137,f_title_length=-1.6092 | f_is_q4=1.1497 | f_buyer_supplier_repeat_count=0.8891,"Model mengklasifikasikan paket ini sebagai **Medium Risk** dengan probabilitas 99.35%.
Faktor yang paling memengaruhi prediksi adalah:
- Panjang judul tender bernilai 17 dan menurunkan skor risiko dengan kontribusi SHAP sekitar 1.6092.
- Waktu publikasi pada kuartal iv bernilai 0 dan meningkatkan skor risiko dengan kontribusi SHAP sekitar 1.1497.
- Frekuensi hubungan buyer-supplier berulang bernilai 0 dan meningkatkan skor risiko dengan kontribusi SHAP sekitar 0.8891.",1,low,Draft AI review: risiko didukung oleh judul tender yang terlalu singkat dan timing akhir tahun anggaran.,yes,2,yes,Draft AI review: penjelasan tampak cukup membantu untuk prioritisasi audit awal.,ai_prefill_draft,AI-assisted draft only. Human reviewers must verify/edit before treating as reviewed evidence.
267,test,42198,high_uncertainty,ocds-20h3g7-8250259,Jl. Nur Hasanah,2023-06-07 00:00:00+00:00,Pemerintah Daerah Kota Jambi,CV. ADITAMA JAYA,299974649.89,297845154.24,1,1,Medium Risk,0.535226,0.177952,0.535226,0.286822,0.99995,f_title_length=-1.6138 | f_is_q4=1.1229 | f_buyer_supplier_repeat_count=0.9475,"Model mengklasifikasikan paket ini sebagai **Medium Risk** dengan probabilitas 99.01%.
Faktor yang paling memengaruhi prediksi adalah:
- Panjang judul tender bernilai 15 dan menurunkan skor risiko dengan kontribusi SHAP sekitar 1.6138.
- Waktu publikasi pada kuartal iv bernilai 0 dan meningkatkan skor risiko dengan kontribusi SHAP sekitar 1.1229.
- Frekuensi hubungan buyer-supplier berulang bernilai 1 dan meningkatkan skor risiko dengan kontribusi SHAP sekitar 0.9475.",1,low,Draft AI review: risiko didukung oleh judul tender yang terlalu singkat dan timing akhir tahun anggaran.,yes,2,yes,Draft AI review: penjelasan tampak cukup membantu untuk prioritisasi audit awal.,ai_prefill_draft,AI-assisted draft only. Human reviewers must verify/edit before treating as reviewed evidence.
268,test,18498,high_uncertainty,ocds-20h3g7-1559603,Kaporlap Napimil,2023-04-13 00:00:00+00:00,Kementerian Pertahanan,nurlisty abadi mandiri,1797531536.0,1786593396.0,1,1,Medium Risk,0.536956,0.180074,0.536956,0.28297,0.999843,f_title_length=-1.5232 | f_is_q4=1.1400 | f_buyer_supplier_repeat_count=0.8736,"Model mengklasifikasikan paket ini sebagai **Medium Risk** dengan probabilitas 99.12%.
Faktor yang paling memengaruhi prediksi adalah:
- Panjang judul tender bernilai 16 dan menurunkan skor risiko dengan kontribusi SHAP sekitar 1.5232.
- Waktu publikasi pada kuartal iv bernilai 0 dan meningkatkan skor risiko dengan kontribusi SHAP sekitar 1.1400.
- Frekuensi hubungan buyer-supplier berulang bernilai 0 dan meningkatkan skor risiko dengan kontribusi SHAP sekitar 0.8736.",1,low,Draft AI review: risiko didukung oleh judul tender yang terlalu singkat dan timing akhir tahun anggaran.,yes,2,yes,Draft AI review: penjelasan tampak cukup membantu untuk prioritisasi audit awal.,ai_prefill_draft,AI-assisted draft only. Human reviewers must verify/edit before treating as reviewed evidence.
269,test,80636,high_uncertainty,ocds-20h3g7-2976729,Ternak Potong,2023-09-07 00:00:00+00:00,Pemerintah Daerah Kabupaten Halmahera Tengah,CV.Harsa Karya,561423400.0,550250000.0,1,1,Medium Risk,0.534608,0.176772,0.534608,0.28862,0.999762,f_title_length=-1.5980 | f_is_q4=1.2480 | f_buyer_supplier_repeat_count=0.9745,"Model mengklasifikasikan paket ini sebagai **Medium Risk** dengan probabilitas 98.96%.
Faktor yang paling memengaruhi prediksi adalah:
- Panjang judul tender bernilai 13 dan menurunkan skor risiko dengan kontribusi SHAP sekitar 1.5980.
- Waktu publikasi pada kuartal iv bernilai 0 dan meningkatkan skor risiko dengan kontribusi SHAP sekitar 1.2480.
- Frekuensi hubungan buyer-supplier berulang bernilai 1 dan meningkatkan skor risiko dengan kontribusi SHAP sekitar 0.9745.",1,low,Draft AI review: risiko didukung oleh judul tender yang terlalu singkat dan timing akhir tahun anggaran.,yes,2,yes,Draft AI review: penjelasan tampak cukup membantu untuk prioritisasi audit awal.,ai_prefill_draft,AI-assisted draft only. Human reviewers must verify/edit before treating as reviewed evidence.
270,test,15220,high_uncertainty,ocds-20h3g7-4827249,Rehab BPU Lambing,2023-04-06 00:00:00+00:00,Pemerintah Daerah Kabupaten Kutai Barat,CV. GINA BAHTERA SANJAYA,599729000.0,598000000.0,1,1,Medium Risk,0.540823,0.185479,0.540823,0.273698,0.99956,f_title_length=-1.6077 | f_is_q4=1.1593 | f_buyer_supplier_repeat_count=0.8547,"Model mengklasifikasikan paket ini sebagai **Medium Risk** dengan probabilitas 99.34%.
Faktor yang paling memengaruhi prediksi adalah:
- Panjang judul tender bernilai 17 dan menurunkan skor risiko dengan kontribusi SHAP sekitar 1.6077.
- Waktu publikasi pada kuartal iv bernilai 0 dan meningkatkan skor risiko dengan kontribusi SHAP sekitar 1.1593.
- Frekuensi hubungan buyer-supplier berulang bernilai 0 dan meningkatkan skor risiko dengan kontribusi SHAP sekitar 0.8547.",1,low,Draft AI review: risiko didukung oleh judul tender yang terlalu singkat dan timing akhir tahun anggaran.,yes,2,yes,Draft AI review: penjelasan tampak cukup membantu untuk prioritisasi audit awal.,ai_prefill_draft,AI-assisted draft only. Human reviewers must verify/edit before treating as reviewed evidence.
271,test,76807,high_uncertainty,ocds-20h3g7-10279109,ATS Lisensi WAF,2023-08-24 00:00:00+00:00,Kementerian Energi Dan Sumber Daya Mineral,PT MAHA DATA SOLUSI,2845596000.0,2782889991.0,1,1,Medium Risk,0.538426,0.1811,0.538426,0.280474,0.999348,f_title_length=-1.6027 | f_is_q4=1.0611 | f_buyer_supplier_repeat_count=0.8855,"Model mengklasifikasikan paket ini sebagai **Medium Risk** dengan probabilitas 99.19%.
Faktor yang paling memengaruhi prediksi adalah:
- Panjang judul tender bernilai 15 dan menurunkan skor risiko dengan kontribusi SHAP sekitar 1.6027.
- Waktu publikasi pada kuartal iv bernilai 0 dan meningkatkan skor risiko dengan kontribusi SHAP sekitar 1.0611.
- Frekuensi hubungan buyer-supplier berulang bernilai 0 dan meningkatkan skor risiko dengan kontribusi SHAP sekitar 0.8855.",1,low,Draft AI review: risiko didukung oleh judul tender yang terlalu singkat dan timing akhir tahun anggaran.,yes,2,yes,Draft AI review: penjelasan tampak cukup membantu untuk prioritisasi audit awal.,ai_prefill_draft,AI-assisted draft only. Human reviewers must verify/edit before treating as reviewed evidence.
272,test,10914,high_uncertainty,ocds-20h3g7-15686212,Bahan Makan Siswa,2023-03-30 00:00:00+00:00,Kementerian Pertanian,CV. SELARAS AGRI MAKMUR,843121974.7,758770832.31,1,1,Medium Risk,0.532483,0.173424,0.532483,0.294094,0.999343,f_title_length=-1.5751 | f_is_q4=1.1282 | f_buyer_supplier_repeat_count=0.8830,"Model mengklasifikasikan paket ini sebagai **Medium Risk** dengan probabilitas 98.78%.
Faktor yang paling memengaruhi prediksi adalah:
- Panjang judul tender bernilai 17 dan menurunkan skor risiko dengan kontribusi SHAP sekitar 1.5751.
- Waktu publikasi pada kuartal iv bernilai 0 dan meningkatkan skor risiko dengan kontribusi SHAP sekitar 1.1282.
- Frekuensi hubungan buyer-supplier berulang bernilai 0 dan meningkatkan skor risiko dengan kontribusi SHAP sekitar 0.8830.",1,low,Draft AI review: risiko didukung oleh judul tender yang terlalu singkat dan timing akhir tahun anggaran.,yes,2,yes,Draft AI review: penjelasan tampak cukup membantu untuk prioritisasi audit awal.,ai_prefill_draft,AI-assisted draft only. Human reviewers must verify/edit before treating as reviewed evidence.
273,test,35392,high_uncertainty,ocds-20h3g7-20970044,HAR RANMOR R4,2023-05-26 00:00:00+00:00,Kepolisian Negara Republik Indonesia,PT.JAGORAWI MOTOR,425000000.0,424940000.0,1,1,Medium Risk,0.537614,0.17987,0.537614,0.282516,0.999328,f_title_length=-1.6144 | f_is_q4=1.1318 | f_buyer_supplier_repeat_count=0.8763,"Model mengklasifikasikan paket ini sebagai **Medium Risk** dengan probabilitas 99.14%.
Faktor yang paling memengaruhi prediksi adalah:
- Panjang judul tender bernilai 13 dan menurunkan skor risiko dengan kontribusi SHAP sekitar 1.6144.
- Waktu publikasi pada kuartal iv bernilai 0 dan meningkatkan skor risiko dengan kontribusi SHAP sekitar 1.1318.
- Frekuensi hubungan buyer-supplier berulang bernilai 0 dan meningkatkan skor risiko dengan kontribusi SHAP sekitar 0.8763.",1,low,Draft AI review: risiko didukung oleh judul tender yang terlalu singkat dan timing akhir tahun anggaran.,yes,2,yes,Draft AI review: penjelasan tampak cukup membantu untuk prioritisasi audit awal.,ai_prefill_draft,AI-assisted draft only. Human reviewers must verify/edit before treating as reviewed evidence.
274,test,23883,high_uncertainty,ocds-20h3g7-8130259,Jl. Villa Kenali,2023-05-05 00:00:00+00:00,Pemerintah Daerah Kota Jambi,CV. MAHARANI MUTIARA  MANDIRI,499962331.49,495030422.08,1,1,Medium Risk,0.542169,0.187276,0.542169,0.270555,0.999314,f_title_length=-1.6088 | f_is_q4=1.1484 | f_buyer_supplier_repeat_count=0.8920,"Model mengklasifikasikan paket ini sebagai **Medium Risk** dengan probabilitas 99.40%.
Faktor yang paling memengaruhi prediksi adalah:
- Panjang judul tender bernilai 16 dan menurunkan skor risiko dengan kontribusi SHAP sekitar 1.6088.
- Waktu publikasi pada kuartal iv bernilai 0 dan meningkatkan skor risiko dengan kontribusi SHAP sekitar 1.1484.
- Frekuensi hubungan buyer-supplier berulang bernilai 0 dan meningkatkan skor risiko dengan kontribusi SHAP sekitar 0.8920.",1,low,Draft AI review: risiko didukung oleh judul tender yang terlalu singkat dan timing akhir tahun anggaran.,yes,2,yes,Draft AI review: penjelasan tampak cukup membantu untuk prioritisasi audit awal.,ai_prefill_draft,AI-assisted draft only. Human reviewers must verify/edit before treating as reviewed evidence.
275,test,21197,high_uncertainty,ocds-20h3g7-1564603,Kaporlap Oditur,2023-04-28 00:00:00+00:00,Kementerian Pertahanan,PT. YUTI SAGITA MANDIRI,538070280.0,533630102.0,1,1,Medium Risk,0.538724,0.181429,0.538724,0.279847,0.999297,f_title_length=-1.5212 | f_is_q4=1.1900 | f_buyer_supplier_repeat_count=0.8818,"Model mengklasifikasikan paket ini sebagai **Medium Risk** dengan probabilitas 99.21%.
Faktor yang paling memengaruhi prediksi adalah:
- Panjang judul tender bernilai 15 dan menurunkan skor risiko dengan kontribusi SHAP sekitar 1.5212.
- Waktu publikasi pada kuartal iv bernilai 0 dan meningkatkan skor risiko dengan kontribusi SHAP sekitar 1.1900.
- Frekuensi hubungan buyer-supplier berulang bernilai 0 dan meningkatkan skor risiko dengan kontribusi SHAP sekitar 0.8818.",1,low,Draft AI review: risiko didukung oleh judul tender yang terlalu singkat dan timing akhir tahun anggaran.,yes,2,yes,Draft AI review: penjelasan tampak cukup membantu untuk prioritisasi audit awal.,ai_prefill_draft,AI-assisted draft only. Human reviewers must verify/edit before treating as reviewed evidence.
276,test,58270,high_uncertainty,ocds-20h3g7-5335511,Perencanaan Jalan,2023-07-02 00:00:00+00:00,Pemerintah Daerah Kabupaten Toli-Toli,CV. HASANAH ABADI KONSULTAN,199800000.0,198967500.0,1,1,Medium Risk,0.535827,0.176952,0.535827,0.287221,0.999094,f_title_length=-1.4923 | f_is_q4=1.2012 | f_buyer_supplier_repeat_count=0.9035,"Model mengklasifikasikan paket ini sebagai **Medium Risk** dengan probabilitas 99.01%.
Faktor yang paling memengaruhi prediksi adalah:
- Panjang judul tender bernilai 17 dan menurunkan skor risiko dengan kontribusi SHAP sekitar 1.4923.
- Waktu publikasi pada kuartal iv bernilai 0 dan meningkatkan skor risiko dengan kontribusi SHAP sekitar 1.2012.
- Frekuensi hubungan buyer-supplier berulang bernilai 0 dan meningkatkan skor risiko dengan kontribusi SHAP sekitar 0.9035.",1,low,Draft AI review: risiko didukung oleh judul tender yang terlalu singkat dan timing akhir tahun anggaran.,yes,2,yes,Draft AI review: penjelasan tampak cukup membantu untuk prioritisasi audit awal.,ai_prefill_draft,AI-assisted draft only. Human reviewers must verify/edit before treating as reviewed evidence.
277,test,36281,high_uncertainty,ocds-20h3g7-5203193,Pembangunan Kantor Pemadam Kebakaran,2023-05-29 00:00:00+00:00,Pemerintah Daerah Kota Bandar Lampung,CV.MOGHA SAEC,4999985000.0,4979135424.25,2,1,Medium Risk,0.450385,0.138912,0.450385,0.410702,0.99893,f_tender_value_zscore_buyer=-2.4308 | f_buyer_supplier_repeat_count=1.0293 | f_is_q4=0.8450,"Model mengklasifikasikan paket ini sebagai **Medium Risk** dengan probabilitas 66.50%.
Faktor yang paling memengaruhi prediksi adalah:
- F tender value zscore buyer bernilai 2.062 dan menurunkan skor risiko dengan kontribusi SHAP sekitar 2.4308.
- Frekuensi hubungan buyer-supplier berulang bernilai 1 dan meningkatkan skor risiko dengan kontribusi SHAP sekitar 1.0293.
- Waktu publikasi pada kuartal iv bernilai 0 dan meningkatkan skor risiko dengan kontribusi SHAP sekitar 0.8450.",1,low,Draft AI review: risiko didukung oleh lonjakan nilai tender relatif terhadap histori buyer dan hubungan buyer-supplier yang berulang.,yes,2,yes,Draft AI review: penjelasan tampak cukup membantu untuk prioritisasi audit awal.,ai_prefill_draft,AI-assisted draft only. Human reviewers must verify/edit before treating as reviewed evidence.
278,test,80626,high_uncertainty,ocds-20h3g7-92473114,Docking Kapal 343,2023-09-07 00:00:00+00:00,Kementerian Perhubungan,CV. ALVARO TECHNICAL MARINE,621877500.0,586329750.0,1,1,Medium Risk,0.54008,0.182482,0.54008,0.277438,0.99885,f_title_length=-1.8077 | f_is_q4=1.0762 | f_buyer_supplier_repeat_count=0.9580,"Model mengklasifikasikan paket ini sebagai **Medium Risk** dengan probabilitas 99.27%.
Faktor yang paling memengaruhi prediksi adalah:
- Panjang judul tender bernilai 17 dan menurunkan skor risiko dengan kontribusi SHAP sekitar 1.8077.
- Waktu publikasi pada kuartal iv bernilai 0 dan meningkatkan skor risiko dengan kontribusi SHAP sekitar 1.0762.
- Frekuensi hubungan buyer-supplier berulang bernilai 1 dan meningkatkan skor risiko dengan kontribusi SHAP sekitar 0.9580.",1,low,Draft AI review: risiko didukung oleh judul tender yang terlalu singkat dan timing akhir tahun anggaran.,yes,2,yes,Draft AI review: penjelasan tampak cukup membantu untuk prioritisasi audit awal.,ai_prefill_draft,AI-assisted draft only. Human reviewers must verify/edit before treating as reviewed evidence.
279,test,53875,high_uncertainty,ocds-20h3g7-6777409,Loha-Rambang,2023-06-22 00:00:00+00:00,Pemerintah Daerah Kabupaten Manggarai Barat,GLORIA VIVERE,999589000.0,969283271.65,1,1,Medium Risk,0.536583,0.176991,0.536583,0.286427,0.99864,f_title_length=-1.5023 | f_is_q4=1.2090 | f_buyer_supplier_repeat_count=0.9458,"Model mengklasifikasikan paket ini sebagai **Medium Risk** dengan probabilitas 99.04%.
Faktor yang paling memengaruhi prediksi adalah:
- Panjang judul tender bernilai 12 dan menurunkan skor risiko dengan kontribusi SHAP sekitar 1.5023.
- Waktu publikasi pada kuartal iv bernilai 0 dan meningkatkan skor risiko dengan kontribusi SHAP sekitar 1.2090.
- Frekuensi hubungan buyer-supplier berulang bernilai 1 dan meningkatkan skor risiko dengan kontribusi SHAP sekitar 0.9458.",1,low,Draft AI review: risiko didukung oleh judul tender yang terlalu singkat dan timing akhir tahun anggaran.,yes,2,yes,Draft AI review: penjelasan tampak cukup membantu untuk prioritisasi audit awal.,ai_prefill_draft,AI-assisted draft only. Human reviewers must verify/edit before treating as reviewed evidence.
280,test,52896,high_uncertainty,ocds-20h3g7-2635634,Pembangunan TIC,2023-06-21 00:00:00+00:00,Pemerintah Daerah Kabupaten Pakpak Bharat,DELI ABADI,974892097.68,945600861.91,1,1,Medium Risk,0.537894,0.178165,0.537894,0.283941,0.998366,f_title_length=-1.5196 | f_is_q4=1.1893 | f_buyer_supplier_repeat_count=0.8988,"Model mengklasifikasikan paket ini sebagai **Medium Risk** dengan probabilitas 99.12%.
Faktor yang paling memengaruhi prediksi adalah:
- Panjang judul tender bernilai 15 dan menurunkan skor risiko dengan kontribusi SHAP sekitar 1.5196.
- Waktu publikasi pada kuartal iv bernilai 0 dan meningkatkan skor risiko dengan kontribusi SHAP sekitar 1.1893.
- Frekuensi hubungan buyer-supplier berulang bernilai 0 dan meningkatkan skor risiko dengan kontribusi SHAP sekitar 0.8988.",1,low,Draft AI review: risiko didukung oleh judul tender yang terlalu singkat dan timing akhir tahun anggaran.,yes,2,yes,Draft AI review: penjelasan tampak cukup membantu untuk prioritisasi audit awal.,ai_prefill_draft,AI-assisted draft only. Human reviewers must verify/edit before treating as reviewed evidence.
281,test,80477,high_uncertainty,ocds-20h3g7-2461395,Pengadaan Pakan Ayam,2023-09-06 00:00:00+00:00,Pemerintah Daerah Kabupaten Lombok Timur,CV. AKSOS,555550720.0,530544000.0,1,1,Medium Risk,0.535865,0.175239,0.535865,0.288896,0.998227,f_is_q4=0.8362 | f_buyer_supplier_repeat_count=0.7293 | f_title_length=-0.5595,"Model mengklasifikasikan paket ini sebagai **Medium Risk** dengan probabilitas 98.97%.
Faktor yang paling memengaruhi prediksi adalah:
- Waktu publikasi pada kuartal iv bernilai 0 dan meningkatkan skor risiko dengan kontribusi SHAP sekitar 0.8362.
- Frekuensi hubungan buyer-supplier berulang bernilai 0 dan meningkatkan skor risiko dengan kontribusi SHAP sekitar 0.7293.
- Panjang judul tender bernilai 20 dan menurunkan skor risiko dengan kontribusi SHAP sekitar 0.5595.",1,low,Draft AI review: risiko didukung oleh timing akhir tahun anggaran dan hubungan buyer-supplier yang berulang.,yes,2,yes,Draft AI review: penjelasan tampak cukup membantu untuk prioritisasi audit awal.,ai_prefill_draft,AI-assisted draft only. Human reviewers must verify/edit before treating as reviewed evidence.
282,test,55003,high_uncertainty,ocds-20h3g7-19527288,Pembangunan Sarana/Prasarana Belajar dan Sarana Penunjang beserta Perabotnya pada SMA Negeri 61 Maluku Tengah (DAK REGULER SMA),2023-06-23 00:00:00+00:00,Pemerintah Daerah Provinsi Maluku,CV.PASCHA MANDIRI,5015876000.0,4965242450.73,2,1,Medium Risk,0.445446,0.137804,0.445446,0.41675,0.998108,f_supplier_recent_90d_award_count=-1.9421 | f_title_length=1.4919 | f_buyer_supplier_repeat_count=-1.3999,"Model mengklasifikasikan paket ini sebagai **Medium Risk** dengan probabilitas 62.13%.
Faktor yang paling memengaruhi prediksi adalah:
- F supplier recent 90d award count bernilai 4 dan menurunkan skor risiko dengan kontribusi SHAP sekitar 1.9421.
- Panjang judul tender bernilai 127 dan meningkatkan skor risiko dengan kontribusi SHAP sekitar 1.4919.
- Frekuensi hubungan buyer-supplier berulang bernilai 2 dan menurunkan skor risiko dengan kontribusi SHAP sekitar 1.3999.",1,low,Draft AI review: risiko didukung oleh lonjakan kemenangan supplier dalam 90 hari dan judul tender yang terlalu singkat.,yes,2,yes,Draft AI review: penjelasan tampak cukup membantu untuk prioritisasi audit awal.,ai_prefill_draft,AI-assisted draft only. Human reviewers must verify/edit before treating as reviewed evidence.
283,test,78962,high_uncertainty,ocds-20h3g7-3831675,Peningkatan Jalan Spg.4 Lake - Sukamenang,2023-08-31 00:00:00+00:00,Pemerintah Daerah Kabupaten Musi Rawas Utara,CV..Duta Garuda Adidaya,4999976421.21,4995128885.78,2,1,Medium Risk,0.461463,0.139002,0.461463,0.399535,0.997717,f_supplier_recent_90d_award_count=-2.3273 | f_buyer_supplier_repeat_count=1.3840 | f_is_q4=0.9346,"Model mengklasifikasikan paket ini sebagai **Medium Risk** dengan probabilitas 74.48%.
Faktor yang paling memengaruhi prediksi adalah:
- F supplier recent 90d award count bernilai 3 dan menurunkan skor risiko dengan kontribusi SHAP sekitar 2.3273.
- Frekuensi hubungan buyer-supplier berulang bernilai 0 dan meningkatkan skor risiko dengan kontribusi SHAP sekitar 1.3840.
- Waktu publikasi pada kuartal iv bernilai 0 dan meningkatkan skor risiko dengan kontribusi SHAP sekitar 0.9346.",1,low,Draft AI review: risiko didukung oleh lonjakan kemenangan supplier dalam 90 hari dan hubungan buyer-supplier yang berulang.,yes,2,yes,Draft AI review: penjelasan tampak cukup membantu untuk prioritisasi audit awal.,ai_prefill_draft,AI-assisted draft only. Human reviewers must verify/edit before treating as reviewed evidence.
284,test,84031,high_uncertainty,ocds-20h3g7-6237243,Renewal Email,2023-09-20 00:00:00+00:00,Kementerian Desa Pembangunan Daerah Tertinggal dan Transmigrasi RI,Flexi Integrasi Digdaya,639598650.0,631284750.0,1,1,Medium Risk,0.541275,0.181209,0.541275,0.277516,0.997515,f_title_length=-1.5394 | f_is_q4=1.2030 | f_buyer_supplier_repeat_count=0.8964,"Model mengklasifikasikan paket ini sebagai **Medium Risk** dengan probabilitas 99.28%.
Faktor yang paling memengaruhi prediksi adalah:
- Panjang judul tender bernilai 13 dan menurunkan skor risiko dengan kontribusi SHAP sekitar 1.5394.
- Waktu publikasi pada kuartal iv bernilai 0 dan meningkatkan skor risiko dengan kontribusi SHAP sekitar 1.2030.
- Frekuensi hubungan buyer-supplier berulang bernilai 0 dan meningkatkan skor risiko dengan kontribusi SHAP sekitar 0.8964.",1,low,Draft AI review: risiko didukung oleh judul tender yang terlalu singkat dan timing akhir tahun anggaran.,yes,2,yes,Draft AI review: penjelasan tampak cukup membantu untuk prioritisasi audit awal.,ai_prefill_draft,AI-assisted draft only. Human reviewers must verify/edit before treating as reviewed evidence.
285,test,41511,high_uncertainty,ocds-20h3g7-2511620,Rehab Mess Jakarta,2023-06-06 00:00:00+00:00,Pemerintah Daerah Kabupaten Kolaka Utara,CV. CIPTA KARYA DUABELAS,885666169.83,880701219.97,1,1,Medium Risk,0.544803,0.18725,0.544803,0.267948,0.997455,f_title_length=-1.8340 | f_is_q4=1.0557 | f_buyer_supplier_repeat_count=0.9240,"Model mengklasifikasikan paket ini sebagai **Medium Risk** dengan probabilitas 99.46%.
Faktor yang paling memengaruhi prediksi adalah:
- Panjang judul tender bernilai 18 dan menurunkan skor risiko dengan kontribusi SHAP sekitar 1.8340.
- Waktu publikasi pada kuartal iv bernilai 0 dan meningkatkan skor risiko dengan kontribusi SHAP sekitar 1.0557.
- Frekuensi hubungan buyer-supplier berulang bernilai 0 dan meningkatkan skor risiko dengan kontribusi SHAP sekitar 0.9240.",1,low,Draft AI review: risiko didukung oleh judul tender yang terlalu singkat dan timing akhir tahun anggaran.,yes,2,yes,Draft AI review: penjelasan tampak cukup membantu untuk prioritisasi audit awal.,ai_prefill_draft,AI-assisted draft only. Human reviewers must verify/edit before treating as reviewed evidence.
286,test,57794,high_uncertainty,ocds-20h3g7-3210642,Lanjutan Pembangunan Ruas Jalan Laurufadoro-Botolala Kecamatan Afulu,2023-06-30 00:00:00+00:00,Pemerintah Daerah Kabupaten Nias Utara,CV. MESTIKA ABADI,4939481000.0,4932900158.45,2,1,Medium Risk,0.52007,0.159363,0.52007,0.320567,0.997397,f_tender_value_zscore_buyer=-2.2324 | f_buyer_supplier_repeat_count=-1.4921 | f_title_length=1.0762,"Model mengklasifikasikan paket ini sebagai **Medium Risk** dengan probabilitas 97.32%.
Faktor yang paling memengaruhi prediksi adalah:
- F tender value zscore buyer bernilai 2.4203 dan menurunkan skor risiko dengan kontribusi SHAP sekitar 2.2324.
- Frekuensi hubungan buyer-supplier berulang bernilai 3 dan menurunkan skor risiko dengan kontribusi SHAP sekitar 1.4921.
- Panjang judul tender bernilai 68 dan meningkatkan skor risiko dengan kontribusi SHAP sekitar 1.0762.",1,low,Draft AI review: risiko didukung oleh lonjakan nilai tender relatif terhadap histori buyer dan hubungan buyer-supplier yang berulang.,yes,2,yes,Draft AI review: penjelasan tampak cukup membantu untuk prioritisasi audit awal.,ai_prefill_draft,AI-assisted draft only. Human reviewers must verify/edit before treating as reviewed evidence.
287,test,603,high_uncertainty,ocds-20h3g7-2434579,PEMELIHARAAN KENDARAAN BERMOTOR RODA 2 OPSNAL POLRESTA DENPASAR TA. 2023,2023-03-12 00:00:00+00:00,Kepolisian Negara Republik Indonesia,UD. SUMBER CAHAYA BALI,346000000.0,346000000.0,1,1,Medium Risk,0.499349,0.352376,0.499349,0.148275,0.997332,f_buyer_supplier_repeat_count=0.8431 | f_is_q4=0.5023 | f_supplier_hist_win_count=0.4917,"Model mengklasifikasikan paket ini sebagai **Medium Risk** dengan probabilitas 93.03%.
Faktor yang paling memengaruhi prediksi adalah:
- Frekuensi hubungan buyer-supplier berulang bernilai 1 dan meningkatkan skor risiko dengan kontribusi SHAP sekitar 0.8431.
- Waktu publikasi pada kuartal iv bernilai 0 dan meningkatkan skor risiko dengan kontribusi SHAP sekitar 0.5023.
- F supplier hist win count bernilai 1 dan meningkatkan skor risiko dengan kontribusi SHAP sekitar 0.4917.",1,low,Draft AI review: risiko didukung oleh hubungan buyer-supplier yang berulang dan timing akhir tahun anggaran.,yes,2,yes,Draft AI review: penjelasan tampak cukup membantu untuk prioritisasi audit awal.,ai_prefill_draft,AI-assisted draft only. Human reviewers must verify/edit before treating as reviewed evidence.
288,test,65900,high_uncertainty,ocds-20h3g7-8482202,Coprayan Bumirejo,2023-07-20 00:00:00+00:00,Pemerintah Daerah Kabupaten Pekalongan,MARGA KENCANA GRUP,399523182.75,396542459.49,1,1,Medium Risk,0.536493,0.174094,0.536493,0.289413,0.997263,f_title_length=-1.4857 | f_is_q4=1.1985 | f_buyer_supplier_repeat_count=0.8997,"Model mengklasifikasikan paket ini sebagai **Medium Risk** dengan probabilitas 98.97%.
Faktor yang paling memengaruhi prediksi adalah:
- Panjang judul tender bernilai 17 dan menurunkan skor risiko dengan kontribusi SHAP sekitar 1.4857.
- Waktu publikasi pada kuartal iv bernilai 0 dan meningkatkan skor risiko dengan kontribusi SHAP sekitar 1.1985.
- Frekuensi hubungan buyer-supplier berulang bernilai 0 dan meningkatkan skor risiko dengan kontribusi SHAP sekitar 0.8997.",1,low,Draft AI review: risiko didukung oleh judul tender yang terlalu singkat dan timing akhir tahun anggaran.,yes,2,yes,Draft AI review: penjelasan tampak cukup membantu untuk prioritisasi audit awal.,ai_prefill_draft,AI-assisted draft only. Human reviewers must verify/edit before treating as reviewed evidence.
289,test,61350,high_uncertainty,ocds-20h3g7-9175156,Peningkatan Jalan Pampangan - Lebung Batang,2023-07-07 00:00:00+00:00,Pemerintah Daerah Kabupaten Ogan Komering Ilir,cv.kayla putri asmari,4999990019.48,4921115797.28,2,1,Medium Risk,0.451574,0.137403,0.451574,0.411023,0.997174,f_supplier_recent_90d_award_count=-2.3163 | f_buyer_supplier_repeat_count=1.3524 | f_is_q4=0.9616,"Model mengklasifikasikan paket ini sebagai **Medium Risk** dengan probabilitas 66.80%.
Faktor yang paling memengaruhi prediksi adalah:
- F supplier recent 90d award count bernilai 3 dan menurunkan skor risiko dengan kontribusi SHAP sekitar 2.3163.
- Frekuensi hubungan buyer-supplier berulang bernilai 0 dan meningkatkan skor risiko dengan kontribusi SHAP sekitar 1.3524.
- Waktu publikasi pada kuartal iv bernilai 0 dan meningkatkan skor risiko dengan kontribusi SHAP sekitar 0.9616.",1,low,Draft AI review: risiko didukung oleh lonjakan kemenangan supplier dalam 90 hari dan hubungan buyer-supplier yang berulang.,yes,2,yes,Draft AI review: penjelasan tampak cukup membantu untuk prioritisasi audit awal.,ai_prefill_draft,AI-assisted draft only. Human reviewers must verify/edit before treating as reviewed evidence.
290,test,17635,high_uncertainty,ocds-20h3g7-80688014,Kolecer,2023-04-12 00:00:00+00:00,Pemerintah Daerah Provinsi Jawa Barat,cv. karya bembeng,910568320.2,769846000.0,1,1,Medium Risk,0.540836,0.179687,0.540836,0.279477,0.997146,f_title_length=-1.5187 | f_is_q4=1.1393 | f_buyer_supplier_repeat_count=0.8579,"Model mengklasifikasikan paket ini sebagai **Medium Risk** dengan probabilitas 99.24%.
Faktor yang paling memengaruhi prediksi adalah:
- Panjang judul tender bernilai 7 dan menurunkan skor risiko dengan kontribusi SHAP sekitar 1.5187.
- Waktu publikasi pada kuartal iv bernilai 0 dan meningkatkan skor risiko dengan kontribusi SHAP sekitar 1.1393.
- Frekuensi hubungan buyer-supplier berulang bernilai 0 dan meningkatkan skor risiko dengan kontribusi SHAP sekitar 0.8579.",1,low,Draft AI review: risiko didukung oleh judul tender yang terlalu singkat dan timing akhir tahun anggaran.,yes,2,yes,Draft AI review: penjelasan tampak cukup membantu untuk prioritisasi audit awal.,ai_prefill_draft,AI-assisted draft only. Human reviewers must verify/edit before treating as reviewed evidence.
291,test,21546,high_uncertainty,ocds-20h3g7-5578474,"Rehabilitasi Jalan Paket 2 Ruas Jl. Bhakti, Ruas Jl. Pancasila dan Ruas Jl. Bypass II (Depan Masjid Agung/Rumah Adat)",2023-04-28 00:00:00+00:00,Pemerintah Daerah Kabupaten Kolaka,CV. CAHAYA TENGGARA,4412464000.0,4382740880.37,2,1,Medium Risk,0.519257,0.157887,0.519257,0.322856,0.996743,f_tender_value_zscore_buyer=-2.0185 | f_buyer_supplier_repeat_count=-1.4200 | f_tender_value_log=0.9539,"Model mengklasifikasikan paket ini sebagai **Medium Risk** dengan probabilitas 97.15%.
Faktor yang paling memengaruhi prediksi adalah:
- F tender value zscore buyer bernilai 2.1903 dan menurunkan skor risiko dengan kontribusi SHAP sekitar 2.0185.
- Frekuensi hubungan buyer-supplier berulang bernilai 2 dan menurunkan skor risiko dengan kontribusi SHAP sekitar 1.4200.
- Nilai tender bernilai 22.2077 dan meningkatkan skor risiko dengan kontribusi SHAP sekitar 0.9539.",1,low,Draft AI review: risiko didukung oleh lonjakan nilai tender relatif terhadap histori buyer dan hubungan buyer-supplier yang berulang.,yes,2,yes,Draft AI review: penjelasan tampak cukup membantu untuk prioritisasi audit awal.,ai_prefill_draft,AI-assisted draft only. Human reviewers must verify/edit before treating as reviewed evidence.
292,test,36389,high_uncertainty,ocds-20h3g7-6157243,RTJK,2023-05-29 00:00:00+00:00,Kementerian Desa Pembangunan Daerah Tertinggal dan Transmigrasi RI,CV. LYWAN,1599972725.66,1550150715.17,1,1,Medium Risk,0.533798,0.170036,0.533798,0.296166,0.996731,f_title_length=-1.5156 | f_is_q4=1.1805 | f_buyer_supplier_repeat_count=0.8965,"Model mengklasifikasikan paket ini sebagai **Medium Risk** dengan probabilitas 98.74%.
Faktor yang paling memengaruhi prediksi adalah:
- Panjang judul tender bernilai 4 dan menurunkan skor risiko dengan kontribusi SHAP sekitar 1.5156.
- Waktu publikasi pada kuartal iv bernilai 0 dan meningkatkan skor risiko dengan kontribusi SHAP sekitar 1.1805.
- Frekuensi hubungan buyer-supplier berulang bernilai 0 dan meningkatkan skor risiko dengan kontribusi SHAP sekitar 0.8965.",1,low,Draft AI review: risiko didukung oleh judul tender yang terlalu singkat dan timing akhir tahun anggaran.,yes,2,yes,Draft AI review: penjelasan tampak cukup membantu untuk prioritisasi audit awal.,ai_prefill_draft,AI-assisted draft only. Human reviewers must verify/edit before treating as reviewed evidence.
293,test,71398,high_uncertainty,ocds-20h3g7-6043311,Pengadaan Tawas,2023-08-04 00:00:00+00:00,Pemerintah Daerah Kabupaten Musi Rawas,CV. STAR BERSAUDARA,500000000.0,498668000.0,1,1,Medium Risk,0.542605,0.181384,0.542605,0.276011,0.996695,f_title_length=-1.5530 | f_is_q4=1.2480 | f_buyer_supplier_repeat_count=0.8550,"Model mengklasifikasikan paket ini sebagai **Medium Risk** dengan probabilitas 99.32%.
Faktor yang paling memengaruhi prediksi adalah:
- Panjang judul tender bernilai 15 dan menurunkan skor risiko dengan kontribusi SHAP sekitar 1.5530.
- Waktu publikasi pada kuartal iv bernilai 0 dan meningkatkan skor risiko dengan kontribusi SHAP sekitar 1.2480.
- Frekuensi hubungan buyer-supplier berulang bernilai 0 dan meningkatkan skor risiko dengan kontribusi SHAP sekitar 0.8550.",1,low,Draft AI review: risiko didukung oleh judul tender yang terlalu singkat dan timing akhir tahun anggaran.,yes,2,yes,Draft AI review: penjelasan tampak cukup membantu untuk prioritisasi audit awal.,ai_prefill_draft,AI-assisted draft only. Human reviewers must verify/edit before treating as reviewed evidence.
294,test,29039,high_uncertainty,ocds-20h3g7-7733267,Pembangunan Dermaga,2023-05-16 00:00:00+00:00,Pemerintah Daerah Provinsi Bengkulu,PT. KENCANA PRATAMA KONSTRUKSI,8255714000.0,8167353336.08,2,2,High Risk,0.49385,0.14544,0.36071,0.49385,0.996639,f_tender_value_log=3.3704 | f_title_length=3.3297 | f_is_q4=-1.8972,"Model mengklasifikasikan paket ini sebagai **High Risk** dengan probabilitas 91.17%.
Faktor yang paling memengaruhi prediksi adalah:
- Nilai tender bernilai 22.8342 dan meningkatkan skor risiko dengan kontribusi SHAP sekitar 3.3704.
- Panjang judul tender bernilai 19 dan meningkatkan skor risiko dengan kontribusi SHAP sekitar 3.3297.
- Waktu publikasi pada kuartal iv bernilai 0 dan menurunkan skor risiko dengan kontribusi SHAP sekitar 1.8972.",2,low,Draft AI review: risiko didukung oleh nilai tender yang besar dan judul tender yang terlalu singkat.,yes,2,yes,Draft AI review: penjelasan tampak cukup membantu untuk prioritisasi audit awal.,ai_prefill_draft,AI-assisted draft only. Human reviewers must verify/edit before treating as reviewed evidence.
295,test,42192,high_uncertainty,ocds-20h3g7-8247259,Jl. Beringin VI,2023-06-07 00:00:00+00:00,Pemerintah Daerah Kota Jambi,CV.LIMAS PERKASA,299902016.26,298503120.3,1,1,Medium Risk,0.541151,0.178199,0.541151,0.28065,0.996272,f_title_length=-1.6025 | f_is_q4=1.1377 | f_buyer_supplier_repeat_count=0.9485,"Model mengklasifikasikan paket ini sebagai **Medium Risk** dengan probabilitas 99.22%.
Faktor yang paling memengaruhi prediksi adalah:
- Panjang judul tender bernilai 15 dan menurunkan skor risiko dengan kontribusi SHAP sekitar 1.6025.
- Waktu publikasi pada kuartal iv bernilai 0 dan meningkatkan skor risiko dengan kontribusi SHAP sekitar 1.1377.
- Frekuensi hubungan buyer-supplier berulang bernilai 1 dan meningkatkan skor risiko dengan kontribusi SHAP sekitar 0.9485.",1,low,Draft AI review: risiko didukung oleh judul tender yang terlalu singkat dan timing akhir tahun anggaran.,yes,2,yes,Draft AI review: penjelasan tampak cukup membantu untuk prioritisasi audit awal.,ai_prefill_draft,AI-assisted draft only. Human reviewers must verify/edit before treating as reviewed evidence.
296,test,86293,high_uncertainty,ocds-20h3g7-10239555,Pengadaan Genset,2023-09-29 00:00:00+00:00,Mahkamah Agung,CV. FAJAR JAYA SEMESTA,411365000.0,370137825.0,1,1,Medium Risk,0.538238,0.173702,0.538238,0.28806,0.99598,f_title_length=-1.4395 | f_is_q4=1.1862 | f_buyer_supplier_repeat_count=0.9708,"Model mengklasifikasikan paket ini sebagai **Medium Risk** dengan probabilitas 99.03%.
Faktor yang paling memengaruhi prediksi adalah:
- Panjang judul tender bernilai 16 dan menurunkan skor risiko dengan kontribusi SHAP sekitar 1.4395.
- Waktu publikasi pada kuartal iv bernilai 0 dan meningkatkan skor risiko dengan kontribusi SHAP sekitar 1.1862.
- Frekuensi hubungan buyer-supplier berulang bernilai 0 dan meningkatkan skor risiko dengan kontribusi SHAP sekitar 0.9708.",1,low,Draft AI review: risiko didukung oleh judul tender yang terlalu singkat dan timing akhir tahun anggaran.,yes,2,yes,Draft AI review: penjelasan tampak cukup membantu untuk prioritisasi audit awal.,ai_prefill_draft,AI-assisted draft only. Human reviewers must verify/edit before treating as reviewed evidence.
297,test,41562,high_uncertainty,ocds-20h3g7-599487,Bangunan Industri,2023-06-06 00:00:00+00:00,Pemerintah Daerah Kabupaten Lombok Utara,CV. MAJU BERLIAN,974400000.0,954852155.05,1,1,Medium Risk,0.545426,0.183916,0.545426,0.270657,0.995774,f_title_length=-1.5422 | f_is_q4=1.1828 | f_buyer_supplier_repeat_count=0.8931,"Model mengklasifikasikan paket ini sebagai **Medium Risk** dengan probabilitas 99.43%.
Faktor yang paling memengaruhi prediksi adalah:
- Panjang judul tender bernilai 17 dan menurunkan skor risiko dengan kontribusi SHAP sekitar 1.5422.
- Waktu publikasi pada kuartal iv bernilai 0 dan meningkatkan skor risiko dengan kontribusi SHAP sekitar 1.1828.
- Frekuensi hubungan buyer-supplier berulang bernilai 0 dan meningkatkan skor risiko dengan kontribusi SHAP sekitar 0.8931.",1,low,Draft AI review: risiko didukung oleh judul tender yang terlalu singkat dan timing akhir tahun anggaran.,yes,2,yes,Draft AI review: penjelasan tampak cukup membantu untuk prioritisasi audit awal.,ai_prefill_draft,AI-assisted draft only. Human reviewers must verify/edit before treating as reviewed evidence.
298,test,21986,high_uncertainty,ocds-20h3g7-3349317,Belanja Publikasi,2023-05-02 00:00:00+00:00,Pemerintah Daerah Kabupaten Tanah Bumbu,CV. BUDI,999822410.0,999367521.0,1,1,Medium Risk,0.538961,0.174008,0.538961,0.287031,0.99568,f_title_length=-1.5272 | f_is_q4=1.2042 | f_buyer_supplier_repeat_count=0.8860,"Model mengklasifikasikan paket ini sebagai **Medium Risk** dengan probabilitas 99.06%.
Faktor yang paling memengaruhi prediksi adalah:
- Panjang judul tender bernilai 17 dan menurunkan skor risiko dengan kontribusi SHAP sekitar 1.5272.
- Waktu publikasi pada kuartal iv bernilai 0 dan meningkatkan skor risiko dengan kontribusi SHAP sekitar 1.2042.
- Frekuensi hubungan buyer-supplier berulang bernilai 0 dan meningkatkan skor risiko dengan kontribusi SHAP sekitar 0.8860.",1,low,Draft AI review: risiko didukung oleh judul tender yang terlalu singkat dan timing akhir tahun anggaran.,yes,2,yes,Draft AI review: penjelasan tampak cukup membantu untuk prioritisasi audit awal.,ai_prefill_draft,AI-assisted draft only. Human reviewers must verify/edit before treating as reviewed evidence.
299,test,63121,high_uncertainty,ocds-20h3g7-7816500,Peningkatan Jalan Banjar / Pasar Jurang - Lantek Barat (R.104) Galis Paket 11,2023-07-12 00:00:00+00:00,Pemerintah Daerah Kabupaten Bangkalan,CV. HARAPAN BANGSA,2910504000.0,2879125000.0,1,1,Medium Risk,0.520984,0.157546,0.520984,0.321471,0.995672,f_tender_value_zscore_buyer=-2.1460 | f_buyer_supplier_repeat_count=-1.3328 | f_tender_value_log=1.0233,"Model mengklasifikasikan paket ini sebagai **Medium Risk** dengan probabilitas 97.30%.
Faktor yang paling memengaruhi prediksi adalah:
- F tender value zscore buyer bernilai 2.5459 dan menurunkan skor risiko dengan kontribusi SHAP sekitar 2.1460.
- Frekuensi hubungan buyer-supplier berulang bernilai 2 dan menurunkan skor risiko dengan kontribusi SHAP sekitar 1.3328.
- Nilai tender bernilai 21.7916 dan meningkatkan skor risiko dengan kontribusi SHAP sekitar 1.0233.",1,low,Draft AI review: risiko didukung oleh lonjakan nilai tender relatif terhadap histori buyer dan hubungan buyer-supplier yang berulang.,yes,2,yes,Draft AI review: penjelasan tampak cukup membantu untuk prioritisasi audit awal.,ai_prefill_draft,AI-assisted draft only. Human reviewers must verify/edit before treating as reviewed evidence.
300,test,21315,high_uncertainty,ocds-20h3g7-6143243,Supervisi,2023-04-28 00:00:00+00:00,Kementerian Desa Pembangunan Daerah Tertinggal dan Transmigrasi RI,CV. DW KREASI KONSULTAN,124994000.0,123805848.0,1,1,Medium Risk,0.544927,0.182658,0.544927,0.272415,0.995628,f_title_length=-1.5317 | f_is_q4=1.1842 | f_buyer_supplier_repeat_count=0.9149,"Model mengklasifikasikan paket ini sebagai **Medium Risk** dengan probabilitas 99.40%.
Faktor yang paling memengaruhi prediksi adalah:
- Panjang judul tender bernilai 9 dan menurunkan skor risiko dengan kontribusi SHAP sekitar 1.5317.
- Waktu publikasi pada kuartal iv bernilai 0 dan meningkatkan skor risiko dengan kontribusi SHAP sekitar 1.1842.
- Frekuensi hubungan buyer-supplier berulang bernilai 0 dan meningkatkan skor risiko dengan kontribusi SHAP sekitar 0.9149.",1,low,Draft AI review: risiko didukung oleh judul tender yang terlalu singkat dan timing akhir tahun anggaran.,yes,2,yes,Draft AI review: penjelasan tampak cukup membantu untuk prioritisasi audit awal.,ai_prefill_draft,AI-assisted draft only. Human reviewers must verify/edit before treating as reviewed evidence.
301,test,13777,high_uncertainty,ocds-20h3g7-8108259,Jl. Kutilang I,2023-04-03 00:00:00+00:00,Pemerintah Daerah Kota Jambi,CV.ALFIRA JAYA,699885531.44,695000008.49,1,1,Medium Risk,0.54666,0.185809,0.54666,0.267531,0.995612,f_title_length=-1.6481 | f_is_q4=1.1480 | f_buyer_supplier_repeat_count=0.9000,"Model mengklasifikasikan paket ini sebagai **Medium Risk** dengan probabilitas 99.48%.
Faktor yang paling memengaruhi prediksi adalah:
- Panjang judul tender bernilai 14 dan menurunkan skor risiko dengan kontribusi SHAP sekitar 1.6481.
- Waktu publikasi pada kuartal iv bernilai 0 dan meningkatkan skor risiko dengan kontribusi SHAP sekitar 1.1480.
- Frekuensi hubungan buyer-supplier berulang bernilai 0 dan meningkatkan skor risiko dengan kontribusi SHAP sekitar 0.9000.",1,low,Draft AI review: risiko didukung oleh judul tender yang terlalu singkat dan timing akhir tahun anggaran.,yes,2,yes,Draft AI review: penjelasan tampak cukup membantu untuk prioritisasi audit awal.,ai_prefill_draft,AI-assisted draft only. Human reviewers must verify/edit before treating as reviewed evidence.
302,test,24943,high_uncertainty,ocds-20h3g7-2117275,Penataan Halaman,2023-05-08 00:00:00+00:00,Badan Pusat Statistik,CV. ARAH PENUJAK,879913000.0,703930400.0,1,1,Medium Risk,0.535882,0.170097,0.535882,0.294022,0.995525,f_title_length=-1.4301 | f_is_q4=1.2059 | f_buyer_supplier_repeat_count=0.8689,"Model mengklasifikasikan paket ini sebagai **Medium Risk** dengan probabilitas 98.84%.
Faktor yang paling memengaruhi prediksi adalah:
- Panjang judul tender bernilai 16 dan menurunkan skor risiko dengan kontribusi SHAP sekitar 1.4301.
- Waktu publikasi pada kuartal iv bernilai 0 dan meningkatkan skor risiko dengan kontribusi SHAP sekitar 1.2059.
- Frekuensi hubungan buyer-supplier berulang bernilai 0 dan meningkatkan skor risiko dengan kontribusi SHAP sekitar 0.8689.",1,low,Draft AI review: risiko didukung oleh judul tender yang terlalu singkat dan timing akhir tahun anggaran.,yes,2,yes,Draft AI review: penjelasan tampak cukup membantu untuk prioritisasi audit awal.,ai_prefill_draft,AI-assisted draft only. Human reviewers must verify/edit before treating as reviewed evidence.
303,test,38687,high_uncertainty,ocds-20h3g7-24935638,Videotrone Pusterad,2023-05-31 00:00:00+00:00,Kementerian Pertahanan,PT. SWARNA SAHASIKA ABADI,7997216160.0,7991122000.0,2,2,High Risk,0.496257,0.145002,0.35874,0.496257,0.995473,f_title_length=3.4701 | f_tender_value_log=3.2994 | f_is_q4=-1.9557,"Model mengklasifikasikan paket ini sebagai **High Risk** dengan probabilitas 91.77%.
Faktor yang paling memengaruhi prediksi adalah:
- Panjang judul tender bernilai 19 dan meningkatkan skor risiko dengan kontribusi SHAP sekitar 3.4701.
- Nilai tender bernilai 22.8024 dan meningkatkan skor risiko dengan kontribusi SHAP sekitar 3.2994.
- Waktu publikasi pada kuartal iv bernilai 0 dan menurunkan skor risiko dengan kontribusi SHAP sekitar 1.9557.",2,low,Draft AI review: risiko didukung oleh judul tender yang terlalu singkat dan nilai tender yang besar.,yes,2,yes,Draft AI review: penjelasan tampak cukup membantu untuk prioritisasi audit awal.,ai_prefill_draft,AI-assisted draft only. Human reviewers must verify/edit before treating as reviewed evidence.
304,test,20898,high_uncertainty,ocds-20h3g7-1241568,FASUM RUSUN,2023-04-27 00:00:00+00:00,Kepolisian Negara Republik Indonesia,CV. WAYAJIBU PERKASA,601639889.0,597531000.0,1,1,Medium Risk,0.545502,0.183031,0.545502,0.271467,0.995376,f_title_length=-1.5500 | f_is_q4=1.2185 | f_buyer_supplier_repeat_count=0.8751,"Model mengklasifikasikan paket ini sebagai **Medium Risk** dengan probabilitas 99.42%.
Faktor yang paling memengaruhi prediksi adalah:
- Panjang judul tender bernilai 11 dan menurunkan skor risiko dengan kontribusi SHAP sekitar 1.5500.
- Waktu publikasi pada kuartal iv bernilai 0 dan meningkatkan skor risiko dengan kontribusi SHAP sekitar 1.2185.
- Frekuensi hubungan buyer-supplier berulang bernilai 0 dan meningkatkan skor risiko dengan kontribusi SHAP sekitar 0.8751.",1,low,Draft AI review: risiko didukung oleh judul tender yang terlalu singkat dan timing akhir tahun anggaran.,yes,2,yes,Draft AI review: penjelasan tampak cukup membantu untuk prioritisasi audit awal.,ai_prefill_draft,AI-assisted draft only. Human reviewers must verify/edit before treating as reviewed evidence.
305,test,36035,high_uncertainty,ocds-20h3g7-7420269,Rehab Gedung PKK,2023-05-28 00:00:00+00:00,Pemerintah Daerah Kabupaten Muaro Jambi,CV. SINAR JAYARAYA,1099410973.7,1074757000.63,1,1,Medium Risk,0.54049,0.175199,0.54049,0.284311,0.995294,f_title_length=-1.5446 | f_is_q4=1.1158 | f_buyer_supplier_repeat_count=0.8525,"Model mengklasifikasikan paket ini sebagai **Medium Risk** dengan probabilitas 99.14%.
Faktor yang paling memengaruhi prediksi adalah:
- Panjang judul tender bernilai 16 dan menurunkan skor risiko dengan kontribusi SHAP sekitar 1.5446.
- Waktu publikasi pada kuartal iv bernilai 0 dan meningkatkan skor risiko dengan kontribusi SHAP sekitar 1.1158.
- Frekuensi hubungan buyer-supplier berulang bernilai 0 dan meningkatkan skor risiko dengan kontribusi SHAP sekitar 0.8525.",1,low,Draft AI review: risiko didukung oleh judul tender yang terlalu singkat dan timing akhir tahun anggaran.,yes,2,yes,Draft AI review: penjelasan tampak cukup membantu untuk prioritisasi audit awal.,ai_prefill_draft,AI-assisted draft only. Human reviewers must verify/edit before treating as reviewed evidence.
306,test,55194,high_uncertainty,ocds-20h3g7-10235109,Genset Gedung B,2023-06-23 00:00:00+00:00,Kementerian Energi Dan Sumber Daya Mineral,ZONA MULTI KREASINDO,1625595000.0,1319818860.0,1,1,Medium Risk,0.549033,0.189516,0.549033,0.261451,0.995156,f_title_length=-1.8044 | f_is_q4=1.0262 | f_buyer_supplier_repeat_count=0.8958,"Model mengklasifikasikan paket ini sebagai **Medium Risk** dengan probabilitas 99.56%.
Faktor yang paling memengaruhi prediksi adalah:
- Panjang judul tender bernilai 15 dan menurunkan skor risiko dengan kontribusi SHAP sekitar 1.8044.
- Waktu publikasi pada kuartal iv bernilai 0 dan meningkatkan skor risiko dengan kontribusi SHAP sekitar 1.0262.
- Frekuensi hubungan buyer-supplier berulang bernilai 0 dan meningkatkan skor risiko dengan kontribusi SHAP sekitar 0.8958.",1,low,Draft AI review: risiko didukung oleh judul tender yang terlalu singkat dan timing akhir tahun anggaran.,yes,2,yes,Draft AI review: penjelasan tampak cukup membantu untuk prioritisasi audit awal.,ai_prefill_draft,AI-assisted draft only. Human reviewers must verify/edit before treating as reviewed evidence.
307,test,67116,high_uncertainty,ocds-20h3g7-5669588,Urikes Tahap III,2023-07-24 00:00:00+00:00,Kementerian Pertahanan,CV. Dwi Mustika,845665932.0,845625750.0,1,1,Medium Risk,0.54509,0.181328,0.54509,0.273582,0.994975,f_title_length=-1.6532 | f_is_q4=1.1339 | f_buyer_supplier_repeat_count=0.8659,"Model mengklasifikasikan paket ini sebagai **Medium Risk** dengan probabilitas 99.38%.
Faktor yang paling memengaruhi prediksi adalah:
- Panjang judul tender bernilai 16 dan menurunkan skor risiko dengan kontribusi SHAP sekitar 1.6532.
- Waktu publikasi pada kuartal iv bernilai 0 dan meningkatkan skor risiko dengan kontribusi SHAP sekitar 1.1339.
- Frekuensi hubungan buyer-supplier berulang bernilai 0 dan meningkatkan skor risiko dengan kontribusi SHAP sekitar 0.8659.",1,low,Draft AI review: risiko didukung oleh judul tender yang terlalu singkat dan timing akhir tahun anggaran.,yes,2,yes,Draft AI review: penjelasan tampak cukup membantu untuk prioritisasi audit awal.,ai_prefill_draft,AI-assisted draft only. Human reviewers must verify/edit before treating as reviewed evidence.
308,test,2814,high_uncertainty,ocds-20h3g7-20686044,"Pengadaan Pekerjan Pemeliharaan dan Perawatan Ranmor R4, R6 dan Ransus Polres Kampar T.A. 2023",2023-03-16 00:00:00+00:00,Kepolisian Negara Republik Indonesia,PT. ANUGERAH MITRAJAYA SEJAHTERA,678418000.0,678418000.0,1,1,Medium Risk,0.499065,0.355479,0.499065,0.145456,0.994949,f_buyer_supplier_repeat_count=0.8613 | f_price_deviation_ratio=0.7860 | f_is_q4=0.5947,"Model mengklasifikasikan paket ini sebagai **Medium Risk** dengan probabilitas 92.56%.
Faktor yang paling memengaruhi prediksi adalah:
- Frekuensi hubungan buyer-supplier berulang bernilai 1 dan meningkatkan skor risiko dengan kontribusi SHAP sekitar 0.8613.
- Rasio deviasi harga terhadap nilai tender bernilai 1 dan meningkatkan skor risiko dengan kontribusi SHAP sekitar 0.7860.
- Waktu publikasi pada kuartal iv bernilai 0 dan meningkatkan skor risiko dengan kontribusi SHAP sekitar 0.5947.",1,low,Draft AI review: risiko didukung oleh hubungan buyer-supplier yang berulang dan deviasi harga tender-award.,yes,2,yes,Draft AI review: penjelasan tampak cukup membantu untuk prioritisasi audit awal.,ai_prefill_draft,AI-assisted draft only. Human reviewers must verify/edit before treating as reviewed evidence.
309,test,85358,high_uncertainty,ocds-20h3g7-8347259,Jl. Liposos II (DID),2023-09-25 00:00:00+00:00,Pemerintah Daerah Kota Jambi,CV TRI KARYA BERSAUDARA,1524878048.0,1513450528.07,1,1,Medium Risk,0.545391,0.18159,0.545391,0.273019,0.994874,f_buyer_supplier_repeat_count=0.8878 | f_is_q4=0.7810 | f_title_length=-0.7510,"Model mengklasifikasikan paket ini sebagai **Medium Risk** dengan probabilitas 99.39%.
Faktor yang paling memengaruhi prediksi adalah:
- Frekuensi hubungan buyer-supplier berulang bernilai 1 dan meningkatkan skor risiko dengan kontribusi SHAP sekitar 0.8878.
- Waktu publikasi pada kuartal iv bernilai 0 dan meningkatkan skor risiko dengan kontribusi SHAP sekitar 0.7810.
- Panjang judul tender bernilai 20 dan menurunkan skor risiko dengan kontribusi SHAP sekitar 0.7510.",1,low,Draft AI review: risiko didukung oleh hubungan buyer-supplier yang berulang dan timing akhir tahun anggaran.,yes,2,yes,Draft AI review: penjelasan tampak cukup membantu untuk prioritisasi audit awal.,ai_prefill_draft,AI-assisted draft only. Human reviewers must verify/edit before treating as reviewed evidence.
310,test,65915,high_uncertainty,ocds-20h3g7-8460202,Tengeng Rembun,2023-07-20 00:00:00+00:00,Pemerintah Daerah Kabupaten Pekalongan,cv. fazzadhita,910536743.45,909588237.82,1,1,Medium Risk,0.541242,0.175096,0.541242,0.283662,0.99476,f_title_length=-1.4821 | f_is_q4=1.2242 | f_buyer_supplier_repeat_count=0.9758,"Model mengklasifikasikan paket ini sebagai **Medium Risk** dengan probabilitas 99.16%.
Faktor yang paling memengaruhi prediksi adalah:
- Panjang judul tender bernilai 14 dan menurunkan skor risiko dengan kontribusi SHAP sekitar 1.4821.
- Waktu publikasi pada kuartal iv bernilai 0 dan meningkatkan skor risiko dengan kontribusi SHAP sekitar 1.2242.
- Frekuensi hubungan buyer-supplier berulang bernilai 1 dan meningkatkan skor risiko dengan kontribusi SHAP sekitar 0.9758.",1,low,Draft AI review: risiko didukung oleh judul tender yang terlalu singkat dan timing akhir tahun anggaran.,yes,2,yes,Draft AI review: penjelasan tampak cukup membantu untuk prioritisasi audit awal.,ai_prefill_draft,AI-assisted draft only. Human reviewers must verify/edit before treating as reviewed evidence.
311,test,16099,high_uncertainty,ocds-20h3g7-2408605,Materiil Kesehatan,2023-04-07 00:00:00+00:00,Kementerian Pertahanan,PT. HERNITA JAYA,859206600.0,856515825.0,1,1,Medium Risk,0.540223,0.173584,0.540223,0.286192,0.99467,f_title_length=-1.5272 | f_is_q4=1.1821 | f_buyer_supplier_repeat_count=0.9559,"Model mengklasifikasikan paket ini sebagai **Medium Risk** dengan probabilitas 99.10%.
Faktor yang paling memengaruhi prediksi adalah:
- Panjang judul tender bernilai 18 dan menurunkan skor risiko dengan kontribusi SHAP sekitar 1.5272.
- Waktu publikasi pada kuartal iv bernilai 0 dan meningkatkan skor risiko dengan kontribusi SHAP sekitar 1.1821.
- Frekuensi hubungan buyer-supplier berulang bernilai 1 dan meningkatkan skor risiko dengan kontribusi SHAP sekitar 0.9559.",1,low,Draft AI review: risiko didukung oleh judul tender yang terlalu singkat dan timing akhir tahun anggaran.,yes,2,yes,Draft AI review: penjelasan tampak cukup membantu untuk prioritisasi audit awal.,ai_prefill_draft,AI-assisted draft only. Human reviewers must verify/edit before treating as reviewed evidence.
312,test,2253,high_uncertainty,ocds-20h3g7-7953614,Fasilitas Umum,2023-03-15 00:00:00+00:00,Pemerintah Daerah Kabupaten Merangin,CV. KARYA GEMILANG UTAMA,298840858.2,297467802.85,1,1,Medium Risk,0.544308,0.178881,0.544308,0.276811,0.994472,f_title_length=-1.5083 | f_is_q4=1.1986 | f_buyer_supplier_repeat_count=0.8944,"Model mengklasifikasikan paket ini sebagai **Medium Risk** dengan probabilitas 99.32%.
Faktor yang paling memengaruhi prediksi adalah:
- Panjang judul tender bernilai 14 dan menurunkan skor risiko dengan kontribusi SHAP sekitar 1.5083.
- Waktu publikasi pada kuartal iv bernilai 0 dan meningkatkan skor risiko dengan kontribusi SHAP sekitar 1.1986.
- Frekuensi hubungan buyer-supplier berulang bernilai 0 dan meningkatkan skor risiko dengan kontribusi SHAP sekitar 0.8944.",1,low,Draft AI review: risiko didukung oleh judul tender yang terlalu singkat dan timing akhir tahun anggaran.,yes,2,yes,Draft AI review: penjelasan tampak cukup membantu untuk prioritisasi audit awal.,ai_prefill_draft,AI-assisted draft only. Human reviewers must verify/edit before treating as reviewed evidence.
313,test,61035,high_uncertainty,ocds-20h3g7-4320194,Renovasi Workshop,2023-07-07 00:00:00+00:00,Kementerian Ketenagakerjaan,CV. PRATAMA,2081083977.07,2004083735.1,1,1,Medium Risk,0.541437,0.174601,0.541437,0.283962,0.994394,f_title_length=-1.4375 | f_is_q4=1.0905 | f_buyer_supplier_repeat_count=0.8728,"Model mengklasifikasikan paket ini sebagai **Medium Risk** dengan probabilitas 99.16%.
Faktor yang paling memengaruhi prediksi adalah:
- Panjang judul tender bernilai 17 dan menurunkan skor risiko dengan kontribusi SHAP sekitar 1.4375.
- Waktu publikasi pada kuartal iv bernilai 0 dan meningkatkan skor risiko dengan kontribusi SHAP sekitar 1.0905.
- Frekuensi hubungan buyer-supplier berulang bernilai 0 dan meningkatkan skor risiko dengan kontribusi SHAP sekitar 0.8728.",1,low,Draft AI review: risiko didukung oleh judul tender yang terlalu singkat dan timing akhir tahun anggaran.,yes,2,yes,Draft AI review: penjelasan tampak cukup membantu untuk prioritisasi audit awal.,ai_prefill_draft,AI-assisted draft only. Human reviewers must verify/edit before treating as reviewed evidence.
314,test,40436,high_uncertainty,ocds-20h3g7-46061047,Bahan Radiologi,2023-06-05 00:00:00+00:00,Kementerian Kesehatan,Gempa Ramadhan,526179960.0,452019750.0,1,1,Medium Risk,0.54299,0.176467,0.54299,0.280543,0.994266,f_title_length=-1.4662 | f_is_q4=1.2038 | f_buyer_supplier_repeat_count=0.8938,"Model mengklasifikasikan paket ini sebagai **Medium Risk** dengan probabilitas 99.25%.
Faktor yang paling memengaruhi prediksi adalah:
- Panjang judul tender bernilai 15 dan menurunkan skor risiko dengan kontribusi SHAP sekitar 1.4662.
- Waktu publikasi pada kuartal iv bernilai 0 dan meningkatkan skor risiko dengan kontribusi SHAP sekitar 1.2038.
- Frekuensi hubungan buyer-supplier berulang bernilai 0 dan meningkatkan skor risiko dengan kontribusi SHAP sekitar 0.8938.",1,low,Draft AI review: risiko didukung oleh judul tender yang terlalu singkat dan timing akhir tahun anggaran.,yes,2,yes,Draft AI review: penjelasan tampak cukup membantu untuk prioritisasi audit awal.,ai_prefill_draft,AI-assisted draft only. Human reviewers must verify/edit before treating as reviewed evidence.
315,test,66126,high_uncertainty,ocds-20h3g7-46303047,Cetakan Rutin,2023-07-21 00:00:00+00:00,Kementerian Kesehatan,CV. Delina,791013306.0,735092482.8,1,1,Medium Risk,0.540484,0.17303,0.540484,0.286486,0.994225,f_title_length=-1.5029 | f_is_q4=1.2119 | f_buyer_supplier_repeat_count=0.9050,"Model mengklasifikasikan paket ini sebagai **Medium Risk** dengan probabilitas 99.10%.
Faktor yang paling memengaruhi prediksi adalah:
- Panjang judul tender bernilai 13 dan menurunkan skor risiko dengan kontribusi SHAP sekitar 1.5029.
- Waktu publikasi pada kuartal iv bernilai 0 dan meningkatkan skor risiko dengan kontribusi SHAP sekitar 1.2119.
- Frekuensi hubungan buyer-supplier berulang bernilai 0 dan meningkatkan skor risiko dengan kontribusi SHAP sekitar 0.9050.",1,low,Draft AI review: risiko didukung oleh judul tender yang terlalu singkat dan timing akhir tahun anggaran.,yes,2,yes,Draft AI review: penjelasan tampak cukup membantu untuk prioritisasi audit awal.,ai_prefill_draft,AI-assisted draft only. Human reviewers must verify/edit before treating as reviewed evidence.
316,test,70611,high_uncertainty,ocds-20h3g7-20980359,Penataan Ruang,2023-08-02 00:00:00+00:00,Pemerintah Daerah Kota Bekasi,CV. FUJIYAMA ABADI,900000000.0,740097696.73,1,1,Medium Risk,0.542151,0.174928,0.542151,0.282921,0.994089,f_title_length=-1.4968 | f_is_q4=1.1809 | f_buyer_supplier_repeat_count=0.8688,"Model mengklasifikasikan paket ini sebagai **Medium Risk** dengan probabilitas 99.19%.
Faktor yang paling memengaruhi prediksi adalah:
- Panjang judul tender bernilai 14 dan menurunkan skor risiko dengan kontribusi SHAP sekitar 1.4968.
- Waktu publikasi pada kuartal iv bernilai 0 dan meningkatkan skor risiko dengan kontribusi SHAP sekitar 1.1809.
- Frekuensi hubungan buyer-supplier berulang bernilai 0 dan meningkatkan skor risiko dengan kontribusi SHAP sekitar 0.8688.",1,low,Draft AI review: risiko didukung oleh judul tender yang terlalu singkat dan timing akhir tahun anggaran.,yes,2,yes,Draft AI review: penjelasan tampak cukup membantu untuk prioritisasi audit awal.,ai_prefill_draft,AI-assisted draft only. Human reviewers must verify/edit before treating as reviewed evidence.
317,test,41555,high_uncertainty,ocds-20h3g7-598487,Bangunan Industri,2023-06-06 00:00:00+00:00,Pemerintah Daerah Kabupaten Lombok Utara,CV. TIGA SERANGKAI,982440000.0,952380199.58,1,1,Medium Risk,0.54754,0.183236,0.54754,0.269224,0.99402,f_title_length=-1.5223 | f_is_q4=1.1730 | f_buyer_supplier_repeat_count=0.8721,"Model mengklasifikasikan paket ini sebagai **Medium Risk** dengan probabilitas 99.46%.
Faktor yang paling memengaruhi prediksi adalah:
- Panjang judul tender bernilai 17 dan menurunkan skor risiko dengan kontribusi SHAP sekitar 1.5223.
- Waktu publikasi pada kuartal iv bernilai 0 dan meningkatkan skor risiko dengan kontribusi SHAP sekitar 1.1730.
- Frekuensi hubungan buyer-supplier berulang bernilai 0 dan meningkatkan skor risiko dengan kontribusi SHAP sekitar 0.8721.",1,low,Draft AI review: risiko didukung oleh judul tender yang terlalu singkat dan timing akhir tahun anggaran.,yes,2,yes,Draft AI review: penjelasan tampak cukup membantu untuk prioritisasi audit awal.,ai_prefill_draft,AI-assisted draft only. Human reviewers must verify/edit before treating as reviewed evidence.
318,test,50585,high_uncertainty,ocds-20h3g7-25081638,OJT/KKL,2023-06-18 00:00:00+00:00,Kementerian Pertahanan,Primkop Kartika Wiradhika,400000000.0,399700000.0,1,1,Medium Risk,0.541898,0.174392,0.541898,0.283709,0.993994,f_title_length=-1.4698 | f_is_q4=1.2200 | f_buyer_supplier_repeat_count=0.9590,"Model mengklasifikasikan paket ini sebagai **Medium Risk** dengan probabilitas 99.17%.
Faktor yang paling memengaruhi prediksi adalah:
- Panjang judul tender bernilai 7 dan menurunkan skor risiko dengan kontribusi SHAP sekitar 1.4698.
- Waktu publikasi pada kuartal iv bernilai 0 dan meningkatkan skor risiko dengan kontribusi SHAP sekitar 1.2200.
- Frekuensi hubungan buyer-supplier berulang bernilai 1 dan meningkatkan skor risiko dengan kontribusi SHAP sekitar 0.9590.",1,low,Draft AI review: risiko didukung oleh judul tender yang terlalu singkat dan timing akhir tahun anggaran.,yes,2,yes,Draft AI review: penjelasan tampak cukup membantu untuk prioritisasi audit awal.,ai_prefill_draft,AI-assisted draft only. Human reviewers must verify/edit before treating as reviewed evidence.
319,test,5374,high_uncertainty,ocds-20h3g7-1483603,Har Lift,2023-03-21 00:00:00+00:00,Kementerian Pertahanan,CV. SEMANGGI JAYA,1288599000.0,1283881500.0,1,1,Medium Risk,0.545677,0.179532,0.545677,0.274791,0.99382,f_title_length=-1.4937 | f_is_q4=1.2201 | f_buyer_supplier_repeat_count=0.8629,"Model mengklasifikasikan paket ini sebagai **Medium Risk** dengan probabilitas 99.37%.
Faktor yang paling memengaruhi prediksi adalah:
- Panjang judul tender bernilai 8 dan menurunkan skor risiko dengan kontribusi SHAP sekitar 1.4937.
- Waktu publikasi pada kuartal iv bernilai 0 dan meningkatkan skor risiko dengan kontribusi SHAP sekitar 1.2201.
- Frekuensi hubungan buyer-supplier berulang bernilai 0 dan meningkatkan skor risiko dengan kontribusi SHAP sekitar 0.8629.",1,low,Draft AI review: risiko didukung oleh judul tender yang terlalu singkat dan timing akhir tahun anggaran.,yes,2,yes,Draft AI review: penjelasan tampak cukup membantu untuk prioritisasi audit awal.,ai_prefill_draft,AI-assisted draft only. Human reviewers must verify/edit before treating as reviewed evidence.
320,test,47770,high_uncertainty,ocds-20h3g7-4594157,Hibah Sanitasi,2023-06-14 00:00:00+00:00,Pemerintah Daerah Kabupaten Tanah Datar,CV. VIVIN AGUNG,1319995840.68,1315575674.12,1,1,Medium Risk,0.539842,0.171302,0.539842,0.288856,0.993743,f_title_length=-1.4958 | f_is_q4=1.1917 | f_buyer_supplier_repeat_count=0.8900,"Model mengklasifikasikan paket ini sebagai **Medium Risk** dengan probabilitas 99.03%.
Faktor yang paling memengaruhi prediksi adalah:
- Panjang judul tender bernilai 14 dan menurunkan skor risiko dengan kontribusi SHAP sekitar 1.4958.
- Waktu publikasi pada kuartal iv bernilai 0 dan meningkatkan skor risiko dengan kontribusi SHAP sekitar 1.1917.
- Frekuensi hubungan buyer-supplier berulang bernilai 0 dan meningkatkan skor risiko dengan kontribusi SHAP sekitar 0.8900.",1,low,Draft AI review: risiko didukung oleh judul tender yang terlalu singkat dan timing akhir tahun anggaran.,yes,2,yes,Draft AI review: penjelasan tampak cukup membantu untuk prioritisasi audit awal.,ai_prefill_draft,AI-assisted draft only. Human reviewers must verify/edit before treating as reviewed evidence.
321,test,63723,high_uncertainty,ocds-20h3g7-5277249,Rehab BPU Damai,2023-07-14 00:00:00+00:00,Pemerintah Daerah Kabupaten Kutai Barat,CV. BANGUN BUMITAMA,599988300.0,596934137.22,1,1,Medium Risk,0.549741,0.185807,0.549741,0.264452,0.993383,f_title_length=-1.8928 | f_is_q4=1.0909 | f_buyer_supplier_repeat_count=0.9658,"Model mengklasifikasikan paket ini sebagai **Medium Risk** dengan probabilitas 99.54%.
Faktor yang paling memengaruhi prediksi adalah:
- Panjang judul tender bernilai 15 dan menurunkan skor risiko dengan kontribusi SHAP sekitar 1.8928.
- Waktu publikasi pada kuartal iv bernilai 0 dan meningkatkan skor risiko dengan kontribusi SHAP sekitar 1.0909.
- Frekuensi hubungan buyer-supplier berulang bernilai 0 dan meningkatkan skor risiko dengan kontribusi SHAP sekitar 0.9658.",1,low,Draft AI review: risiko didukung oleh judul tender yang terlalu singkat dan timing akhir tahun anggaran.,yes,2,yes,Draft AI review: penjelasan tampak cukup membantu untuk prioritisasi audit awal.,ai_prefill_draft,AI-assisted draft only. Human reviewers must verify/edit before treating as reviewed evidence.
322,test,56875,high_uncertainty,ocds-20h3g7-6017245,Rehabilitasi TPST,2023-06-27 00:00:00+00:00,Pemerintah Daerah Kabupaten Serang,CV. NUFELA CAKTI,999981988.63,949982889.2,1,1,Medium Risk,0.545529,0.178274,0.545529,0.276197,0.993379,f_title_length=-1.5852 | f_is_q4=1.2013 | f_buyer_supplier_repeat_count=0.9520,"Model mengklasifikasikan paket ini sebagai **Medium Risk** dengan probabilitas 99.35%.
Faktor yang paling memengaruhi prediksi adalah:
- Panjang judul tender bernilai 17 dan menurunkan skor risiko dengan kontribusi SHAP sekitar 1.5852.
- Waktu publikasi pada kuartal iv bernilai 0 dan meningkatkan skor risiko dengan kontribusi SHAP sekitar 1.2013.
- Frekuensi hubungan buyer-supplier berulang bernilai 1 dan meningkatkan skor risiko dengan kontribusi SHAP sekitar 0.9520.",1,low,Draft AI review: risiko didukung oleh judul tender yang terlalu singkat dan timing akhir tahun anggaran.,yes,2,yes,Draft AI review: penjelasan tampak cukup membantu untuk prioritisasi audit awal.,ai_prefill_draft,AI-assisted draft only. Human reviewers must verify/edit before treating as reviewed evidence.
323,test,17102,high_uncertainty,ocds-20h3g7-5421588,Fumigasi  Tahap II,2023-04-11 00:00:00+00:00,Kementerian Pertahanan,CV.RIZKY ARTA,611256800.0,611169219.0,1,1,Medium Risk,0.548753,0.183765,0.548753,0.267482,0.993356,f_title_length=-1.6248 | f_is_q4=1.1352 | f_buyer_supplier_repeat_count=0.8613,"Model mengklasifikasikan paket ini sebagai **Medium Risk** dengan probabilitas 99.50%.
Faktor yang paling memengaruhi prediksi adalah:
- Panjang judul tender bernilai 18 dan menurunkan skor risiko dengan kontribusi SHAP sekitar 1.6248.
- Waktu publikasi pada kuartal iv bernilai 0 dan meningkatkan skor risiko dengan kontribusi SHAP sekitar 1.1352.
- Frekuensi hubungan buyer-supplier berulang bernilai 0 dan meningkatkan skor risiko dengan kontribusi SHAP sekitar 0.8613.",1,low,Draft AI review: risiko didukung oleh judul tender yang terlalu singkat dan timing akhir tahun anggaran.,yes,2,yes,Draft AI review: penjelasan tampak cukup membantu untuk prioritisasi audit awal.,ai_prefill_draft,AI-assisted draft only. Human reviewers must verify/edit before treating as reviewed evidence.
324,test,18466,high_uncertainty,ocds-20h3g7-8110259,Jl. Merpati Utama,2023-04-13 00:00:00+00:00,Pemerintah Daerah Kota Jambi,CV. RAYYAN FAZAH MATALINO,439718316.17,436000002.82,1,1,Medium Risk,0.54924,0.184528,0.54924,0.266232,0.993287,f_title_length=-1.6771 | f_is_q4=1.1064 | f_buyer_supplier_repeat_count=0.9082,"Model mengklasifikasikan paket ini sebagai **Medium Risk** dengan probabilitas 99.51%.
Faktor yang paling memengaruhi prediksi adalah:
- Panjang judul tender bernilai 17 dan menurunkan skor risiko dengan kontribusi SHAP sekitar 1.6771.
- Waktu publikasi pada kuartal iv bernilai 0 dan meningkatkan skor risiko dengan kontribusi SHAP sekitar 1.1064.
- Frekuensi hubungan buyer-supplier berulang bernilai 0 dan meningkatkan skor risiko dengan kontribusi SHAP sekitar 0.9082.",1,low,Draft AI review: risiko didukung oleh judul tender yang terlalu singkat dan timing akhir tahun anggaran.,yes,2,yes,Draft AI review: penjelasan tampak cukup membantu untuk prioritisasi audit awal.,ai_prefill_draft,AI-assisted draft only. Human reviewers must verify/edit before treating as reviewed evidence.
325,test,66992,high_uncertainty,ocds-20h3g7-2112271,PJ. Kimaam - Sabudom,2023-07-24 00:00:00+00:00,Pemerintah Daerah Kabupaten Merauke,CV. SINAR SAMUDRA,7000000000.0,6853880253.27,1,2,High Risk,0.489881,0.140449,0.36967,0.489881,0.99314,f_tender_value_log=3.4850 | f_title_length=3.4138 | f_is_q4=-1.9698,"Model mengklasifikasikan paket ini sebagai **High Risk** dengan probabilitas 89.02%.
Faktor yang paling memengaruhi prediksi adalah:
- Nilai tender bernilai 22.6692 dan meningkatkan skor risiko dengan kontribusi SHAP sekitar 3.4850.
- Panjang judul tender bernilai 20 dan meningkatkan skor risiko dengan kontribusi SHAP sekitar 3.4138.
- Waktu publikasi pada kuartal iv bernilai 0 dan menurunkan skor risiko dengan kontribusi SHAP sekitar 1.9698.",1,low,Draft AI review: risiko didukung oleh nilai tender yang besar dan judul tender yang terlalu singkat.,yes,2,yes,Draft AI review: penjelasan tampak cukup membantu untuk prioritisasi audit awal.,ai_prefill_draft,AI-assisted draft only. Human reviewers must verify/edit before treating as reviewed evidence.
326,test,54031,high_uncertainty,ocds-20h3g7-1068532,Har Docking Kapal,2023-06-22 00:00:00+00:00,Kepolisian Negara Republik Indonesia,PT. DASTAN JAYA UTAMA,946386998.98,943712731.5,1,1,Medium Risk,0.548704,0.18278,0.548704,0.268517,0.993017,f_title_length=-1.5569 | f_is_q4=1.1335 | f_buyer_supplier_repeat_count=0.8812,"Model mengklasifikasikan paket ini sebagai **Medium Risk** dengan probabilitas 99.48%.
Faktor yang paling memengaruhi prediksi adalah:
- Panjang judul tender bernilai 17 dan menurunkan skor risiko dengan kontribusi SHAP sekitar 1.5569.
- Waktu publikasi pada kuartal iv bernilai 0 dan meningkatkan skor risiko dengan kontribusi SHAP sekitar 1.1335.
- Frekuensi hubungan buyer-supplier berulang bernilai 0 dan meningkatkan skor risiko dengan kontribusi SHAP sekitar 0.8812.",1,low,Draft AI review: risiko didukung oleh judul tender yang terlalu singkat dan timing akhir tahun anggaran.,yes,2,yes,Draft AI review: penjelasan tampak cukup membantu untuk prioritisasi audit awal.,ai_prefill_draft,AI-assisted draft only. Human reviewers must verify/edit before treating as reviewed evidence.
327,test,13640,high_uncertainty,ocds-20h3g7-8105259,Jl. Kopral Tukini,2023-04-03 00:00:00+00:00,Pemerintah Daerah Kota Jambi,CV. PRAGA UTAMA,499940422.91,495186203.03,1,1,Medium Risk,0.550849,0.186814,0.550849,0.262338,0.992915,f_title_length=-1.6627 | f_is_q4=1.1410 | f_buyer_supplier_repeat_count=0.9070,"Model mengklasifikasikan paket ini sebagai **Medium Risk** dengan probabilitas 99.57%.
Faktor yang paling memengaruhi prediksi adalah:
- Panjang judul tender bernilai 17 dan menurunkan skor risiko dengan kontribusi SHAP sekitar 1.6627.
- Waktu publikasi pada kuartal iv bernilai 0 dan meningkatkan skor risiko dengan kontribusi SHAP sekitar 1.1410.
- Frekuensi hubungan buyer-supplier berulang bernilai 0 dan meningkatkan skor risiko dengan kontribusi SHAP sekitar 0.9070.",1,low,Draft AI review: risiko didukung oleh judul tender yang terlalu singkat dan timing akhir tahun anggaran.,yes,2,yes,Draft AI review: penjelasan tampak cukup membantu untuk prioritisasi audit awal.,ai_prefill_draft,AI-assisted draft only. Human reviewers must verify/edit before treating as reviewed evidence.
328,test,57061,high_uncertainty,ocds-20h3g7-21593609,Belanja Modal Pengadaan / Pemeliharaan / Rehabilitasi Sarana dan Prasarana dalam Pengelolaan Destinasi Pariwisata Kabupaten/Kota,2023-06-27 00:00:00+00:00,Pemerintah Daerah Kabupaten Sukabumi,CV. JAJA SUNARYA KARYA,4907804797.08,4637645843.33,2,1,Medium Risk,0.519229,0.152632,0.519229,0.328139,0.992866,f_tender_value_zscore_buyer=-2.0644 | f_buyer_supplier_repeat_count=-1.4108 | f_title_length=1.0411,"Model mengklasifikasikan paket ini sebagai **Medium Risk** dengan probabilitas 96.80%.
Faktor yang paling memengaruhi prediksi adalah:
- F tender value zscore buyer bernilai 2.2284 dan menurunkan skor risiko dengan kontribusi SHAP sekitar 2.0644.
- Frekuensi hubungan buyer-supplier berulang bernilai 2 dan menurunkan skor risiko dengan kontribusi SHAP sekitar 1.4108.
- Panjang judul tender bernilai 128 dan meningkatkan skor risiko dengan kontribusi SHAP sekitar 1.0411.",1,low,Draft AI review: risiko didukung oleh lonjakan nilai tender relatif terhadap histori buyer dan hubungan buyer-supplier yang berulang.,yes,2,yes,Draft AI review: penjelasan tampak cukup membantu untuk prioritisasi audit awal.,ai_prefill_draft,AI-assisted draft only. Human reviewers must verify/edit before treating as reviewed evidence.
329,test,30777,high_uncertainty,ocds-20h3g7-2693612,Peningkatan SPAM IKK Melolo Kecamatan Umalulu (Tahap I),2023-05-19 00:00:00+00:00,Pemerintah Daerah Kabupaten Sumba Timur,CV. Jaya Sama,5000000000.0,4994575097.29,2,1,Medium Risk,0.468606,0.13539,0.468606,0.396004,0.992756,f_tender_value_zscore_buyer=-2.0830 | f_buyer_supplier_repeat_count=1.0365 | f_is_q4=0.8052,"Model mengklasifikasikan paket ini sebagai **Medium Risk** dengan probabilitas 77.75%.
Faktor yang paling memengaruhi prediksi adalah:
- F tender value zscore buyer bernilai 3.755 dan menurunkan skor risiko dengan kontribusi SHAP sekitar 2.0830.
- Frekuensi hubungan buyer-supplier berulang bernilai 0 dan meningkatkan skor risiko dengan kontribusi SHAP sekitar 1.0365.
- Waktu publikasi pada kuartal iv bernilai 0 dan meningkatkan skor risiko dengan kontribusi SHAP sekitar 0.8052.",1,low,Draft AI review: risiko didukung oleh lonjakan nilai tender relatif terhadap histori buyer dan hubungan buyer-supplier yang berulang.,yes,2,yes,Draft AI review: penjelasan tampak cukup membantu untuk prioritisasi audit awal.,ai_prefill_draft,AI-assisted draft only. Human reviewers must verify/edit before treating as reviewed evidence.
330,test,54057,high_uncertainty,ocds-20h3g7-3602458,Pekerjaan Shelter,2023-06-22 00:00:00+00:00,Pemerintah Daerah Kabupaten Barito Utara,CV. DUA SATRIA,916127000.0,913819587.9,1,1,Medium Risk,0.546508,0.178352,0.546508,0.27514,0.992743,f_title_length=-1.4911 | f_is_q4=1.2347 | f_buyer_supplier_repeat_count=0.9499,"Model mengklasifikasikan paket ini sebagai **Medium Risk** dengan probabilitas 99.37%.
Faktor yang paling memengaruhi prediksi adalah:
- Panjang judul tender bernilai 17 dan menurunkan skor risiko dengan kontribusi SHAP sekitar 1.4911.
- Waktu publikasi pada kuartal iv bernilai 0 dan meningkatkan skor risiko dengan kontribusi SHAP sekitar 1.2347.
- Frekuensi hubungan buyer-supplier berulang bernilai 1 dan meningkatkan skor risiko dengan kontribusi SHAP sekitar 0.9499.",1,low,Draft AI review: risiko didukung oleh judul tender yang terlalu singkat dan timing akhir tahun anggaran.,yes,2,yes,Draft AI review: penjelasan tampak cukup membantu untuk prioritisasi audit awal.,ai_prefill_draft,AI-assisted draft only. Human reviewers must verify/edit before treating as reviewed evidence.
331,test,30188,high_uncertainty,ocds-20h3g7-20087072,PPK - 23.002 Rehabilitasi Jaringan Irigasi D.I Marem Desa Parijatah Kulon Kec. Srono (DAK),2023-05-17 00:00:00+00:00,Pemerintah Daerah Kabupaten Banyuwangi,CV. AYU SUSILA KARYA,3756284802.67,2646580112.77,1,1,Medium Risk,0.556167,0.241756,0.556167,0.202078,0.99269,f_buyer_supplier_repeat_count=0.8124 | f_tender_value_log=0.7198 | f_is_q4=0.5210,"Model mengklasifikasikan paket ini sebagai **Medium Risk** dengan probabilitas 99.74%.
Faktor yang paling memengaruhi prediksi adalah:
- Frekuensi hubungan buyer-supplier berulang bernilai 1 dan meningkatkan skor risiko dengan kontribusi SHAP sekitar 0.8124.
- Nilai tender bernilai 22.0467 dan meningkatkan skor risiko dengan kontribusi SHAP sekitar 0.7198.
- Waktu publikasi pada kuartal iv bernilai 0 dan meningkatkan skor risiko dengan kontribusi SHAP sekitar 0.5210.",1,low,Draft AI review: risiko didukung oleh hubungan buyer-supplier yang berulang dan nilai tender yang besar.,yes,2,yes,Draft AI review: penjelasan tampak cukup membantu untuk prioritisasi audit awal.,ai_prefill_draft,AI-assisted draft only. Human reviewers must verify/edit before treating as reviewed evidence.
332,test,63410,high_uncertainty,ocds-20h3g7-4192357,TPT Desa Sentul,2023-07-13 00:00:00+00:00,Pemerintah Daerah Kabupaten Ogan Ilir,CV. KAWAN SEJATI,996700000.0,986602797.71,1,1,Medium Risk,0.548114,0.180267,0.548114,0.271619,0.992436,f_title_length=-1.5464 | f_is_q4=1.1351 | f_buyer_supplier_repeat_count=0.8656,"Model mengklasifikasikan paket ini sebagai **Medium Risk** dengan probabilitas 99.44%.
Faktor yang paling memengaruhi prediksi adalah:
- Panjang judul tender bernilai 15 dan menurunkan skor risiko dengan kontribusi SHAP sekitar 1.5464.
- Waktu publikasi pada kuartal iv bernilai 0 dan meningkatkan skor risiko dengan kontribusi SHAP sekitar 1.1351.
- Frekuensi hubungan buyer-supplier berulang bernilai 0 dan meningkatkan skor risiko dengan kontribusi SHAP sekitar 0.8656.",1,low,Draft AI review: risiko didukung oleh judul tender yang terlalu singkat dan timing akhir tahun anggaran.,yes,2,yes,Draft AI review: penjelasan tampak cukup membantu untuk prioritisasi audit awal.,ai_prefill_draft,AI-assisted draft only. Human reviewers must verify/edit before treating as reviewed evidence.
333,test,11029,high_uncertainty,ocds-20h3g7-2094718,Jalan Huberta,2023-03-30 00:00:00+00:00,Pemerintah Daerah Kabupaten Solok Selatan,PT. KHOLIL & BROTHER'S (KOBE GROUP),999980000.0,994398129.15,1,1,Medium Risk,0.548976,0.181516,0.548976,0.269508,0.99233,f_title_length=-1.5719 | f_is_q4=1.1886 | f_buyer_supplier_repeat_count=0.8814,"Model mengklasifikasikan paket ini sebagai **Medium Risk** dengan probabilitas 99.47%.
Faktor yang paling memengaruhi prediksi adalah:
- Panjang judul tender bernilai 13 dan menurunkan skor risiko dengan kontribusi SHAP sekitar 1.5719.
- Waktu publikasi pada kuartal iv bernilai 0 dan meningkatkan skor risiko dengan kontribusi SHAP sekitar 1.1886.
- Frekuensi hubungan buyer-supplier berulang bernilai 0 dan meningkatkan skor risiko dengan kontribusi SHAP sekitar 0.8814.",1,low,Draft AI review: risiko didukung oleh judul tender yang terlalu singkat dan timing akhir tahun anggaran.,yes,2,yes,Draft AI review: penjelasan tampak cukup membantu untuk prioritisasi audit awal.,ai_prefill_draft,AI-assisted draft only. Human reviewers must verify/edit before treating as reviewed evidence.
334,test,21090,high_uncertainty,ocds-20h3g7-4180231,D.I Bau/Loka (DAK),2023-04-28 00:00:00+00:00,Pemerintah Daerah Kabupaten Enrekang,AL-ASHAR MUDA,773095500.0,755944303.73,1,1,Medium Risk,0.545563,0.175841,0.545563,0.278596,0.992263,f_title_length=-1.5677 | f_is_q4=1.1369 | f_buyer_supplier_repeat_count=0.8915,"Model mengklasifikasikan paket ini sebagai **Medium Risk** dengan probabilitas 99.31%.
Faktor yang paling memengaruhi prediksi adalah:
- Panjang judul tender bernilai 18 dan menurunkan skor risiko dengan kontribusi SHAP sekitar 1.5677.
- Waktu publikasi pada kuartal iv bernilai 0 dan meningkatkan skor risiko dengan kontribusi SHAP sekitar 1.1369.
- Frekuensi hubungan buyer-supplier berulang bernilai 0 dan meningkatkan skor risiko dengan kontribusi SHAP sekitar 0.8915.",1,low,Draft AI review: risiko didukung oleh judul tender yang terlalu singkat dan timing akhir tahun anggaran.,yes,2,yes,Draft AI review: penjelasan tampak cukup membantu untuk prioritisasi audit awal.,ai_prefill_draft,AI-assisted draft only. Human reviewers must verify/edit before treating as reviewed evidence.
335,test,23881,high_uncertainty,ocds-20h3g7-8129259,Jl. Syaelandra,2023-05-05 00:00:00+00:00,Pemerintah Daerah Kota Jambi,CV. Mulia Vision,499902265.37,494769655.52,1,1,Medium Risk,0.54848,0.179968,0.54848,0.271551,0.992056,f_title_length=-1.6379 | f_is_q4=1.2372 | f_buyer_supplier_repeat_count=0.9651,"Model mengklasifikasikan paket ini sebagai **Medium Risk** dengan probabilitas 99.44%.
Faktor yang paling memengaruhi prediksi adalah:
- Panjang judul tender bernilai 14 dan menurunkan skor risiko dengan kontribusi SHAP sekitar 1.6379.
- Waktu publikasi pada kuartal iv bernilai 0 dan meningkatkan skor risiko dengan kontribusi SHAP sekitar 1.2372.
- Frekuensi hubungan buyer-supplier berulang bernilai 1 dan meningkatkan skor risiko dengan kontribusi SHAP sekitar 0.9651.",1,low,Draft AI review: risiko didukung oleh judul tender yang terlalu singkat dan timing akhir tahun anggaran.,yes,2,yes,Draft AI review: penjelasan tampak cukup membantu untuk prioritisasi audit awal.,ai_prefill_draft,AI-assisted draft only. Human reviewers must verify/edit before treating as reviewed evidence.
336,test,68917,high_uncertainty,ocds-20h3g7-14009308,PENATAAN ROOFTOP,2023-07-28 00:00:00+00:00,Pemerintah Daerah Kota Medan,TRI PRIMA NUSANTARA,1999560765.62,1989826186.63,1,1,Medium Risk,0.544909,0.173632,0.544909,0.281458,0.991657,f_title_length=-1.4413 | f_is_q4=1.1544 | f_buyer_supplier_repeat_count=0.8977,"Model mengklasifikasikan paket ini sebagai **Medium Risk** dengan probabilitas 99.25%.
Faktor yang paling memengaruhi prediksi adalah:
- Panjang judul tender bernilai 16 dan menurunkan skor risiko dengan kontribusi SHAP sekitar 1.4413.
- Waktu publikasi pada kuartal iv bernilai 0 dan meningkatkan skor risiko dengan kontribusi SHAP sekitar 1.1544.
- Frekuensi hubungan buyer-supplier berulang bernilai 0 dan meningkatkan skor risiko dengan kontribusi SHAP sekitar 0.8977.",1,low,Draft AI review: risiko didukung oleh judul tender yang terlalu singkat dan timing akhir tahun anggaran.,yes,2,yes,Draft AI review: penjelasan tampak cukup membantu untuk prioritisasi audit awal.,ai_prefill_draft,AI-assisted draft only. Human reviewers must verify/edit before treating as reviewed evidence.
337,test,53368,high_uncertainty,ocds-20h3g7-6548018,Konsumsi Atlet,2023-06-21 00:00:00+00:00,Kementerian Pemuda Dan Olah Raga,CV. VIVIN JAYA,233550000.0,192678750.0,1,1,Medium Risk,0.543428,0.171648,0.543428,0.284924,0.991642,f_title_length=-1.4162 | f_is_q4=1.1329 | f_buyer_supplier_repeat_count=0.9183,"Model mengklasifikasikan paket ini sebagai **Medium Risk** dengan probabilitas 99.17%.
Faktor yang paling memengaruhi prediksi adalah:
- Panjang judul tender bernilai 14 dan menurunkan skor risiko dengan kontribusi SHAP sekitar 1.4162.
- Waktu publikasi pada kuartal iv bernilai 0 dan meningkatkan skor risiko dengan kontribusi SHAP sekitar 1.1329.
- Frekuensi hubungan buyer-supplier berulang bernilai 0 dan meningkatkan skor risiko dengan kontribusi SHAP sekitar 0.9183.",1,low,Draft AI review: risiko didukung oleh judul tender yang terlalu singkat dan timing akhir tahun anggaran.,yes,2,yes,Draft AI review: penjelasan tampak cukup membantu untuk prioritisasi audit awal.,ai_prefill_draft,AI-assisted draft only. Human reviewers must verify/edit before treating as reviewed evidence.
338,test,4225,high_uncertainty,ocds-20h3g7-2439579,PEMELIHARAAN DAN PERAWATAN RANMOR RODA 4/6/10 BIROLOG POLDA BALI TA. 2023,2023-03-18 00:00:00+00:00,Kepolisian Negara Republik Indonesia,CV. CATUR YOGA MAS,519000000.0,519000000.0,1,1,Medium Risk,0.505503,0.350366,0.505503,0.144131,0.991497,f_buyer_supplier_repeat_count=0.8742 | f_price_deviation_ratio=0.7236 | f_is_q4=0.6011,"Model mengklasifikasikan paket ini sebagai **Medium Risk** dengan probabilitas 93.85%.
Faktor yang paling memengaruhi prediksi adalah:
- Frekuensi hubungan buyer-supplier berulang bernilai 1 dan meningkatkan skor risiko dengan kontribusi SHAP sekitar 0.8742.
- Rasio deviasi harga terhadap nilai tender bernilai 1 dan meningkatkan skor risiko dengan kontribusi SHAP sekitar 0.7236.
- Waktu publikasi pada kuartal iv bernilai 0 dan meningkatkan skor risiko dengan kontribusi SHAP sekitar 0.6011.",1,low,Draft AI review: risiko didukung oleh hubungan buyer-supplier yang berulang dan deviasi harga tender-award.,yes,2,yes,Draft AI review: penjelasan tampak cukup membantu untuk prioritisasi audit awal.,ai_prefill_draft,AI-assisted draft only. Human reviewers must verify/edit before treating as reviewed evidence.
339,test,41119,high_uncertainty,ocds-20h3g7-12596332,Jembatan Rompe,2023-06-06 00:00:00+00:00,Pemerintah Daerah Kabupaten Tasikmalaya,CV. TRI KARYA,1229999625.92,1205620729.11,1,1,Medium Risk,0.549469,0.179913,0.549469,0.270618,0.991336,f_title_length=-1.4393 | f_is_q4=1.1695 | f_buyer_supplier_repeat_count=0.8884,"Model mengklasifikasikan paket ini sebagai **Medium Risk** dengan probabilitas 99.46%.
Faktor yang paling memengaruhi prediksi adalah:
- Panjang judul tender bernilai 14 dan menurunkan skor risiko dengan kontribusi SHAP sekitar 1.4393.
- Waktu publikasi pada kuartal iv bernilai 0 dan meningkatkan skor risiko dengan kontribusi SHAP sekitar 1.1695.
- Frekuensi hubungan buyer-supplier berulang bernilai 0 dan meningkatkan skor risiko dengan kontribusi SHAP sekitar 0.8884.",1,low,Draft AI review: risiko didukung oleh judul tender yang terlalu singkat dan timing akhir tahun anggaran.,yes,2,yes,Draft AI review: penjelasan tampak cukup membantu untuk prioritisasi audit awal.,ai_prefill_draft,AI-assisted draft only. Human reviewers must verify/edit before treating as reviewed evidence.
340,test,62474,high_uncertainty,ocds-20h3g7-92176114,Pengadaan Windhsield,2023-07-11 00:00:00+00:00,Kementerian Perhubungan,TRI ANDALAN UTAMA,2697577295.86,2598748580.64,1,1,Medium Risk,0.551955,0.184459,0.551955,0.263586,0.991276,f_is_q4=0.8145 | f_buyer_supplier_repeat_count=0.6714 | f_supplier_recent_90d_award_count=0.5881,"Model mengklasifikasikan paket ini sebagai **Medium Risk** dengan probabilitas 99.56%.
Faktor yang paling memengaruhi prediksi adalah:
- Waktu publikasi pada kuartal iv bernilai 0 dan meningkatkan skor risiko dengan kontribusi SHAP sekitar 0.8145.
- Frekuensi hubungan buyer-supplier berulang bernilai 0 dan meningkatkan skor risiko dengan kontribusi SHAP sekitar 0.6714.
- F supplier recent 90d award count bernilai 0 dan meningkatkan skor risiko dengan kontribusi SHAP sekitar 0.5881.",1,low,Draft AI review: risiko didukung oleh timing akhir tahun anggaran dan hubungan buyer-supplier yang berulang.,yes,2,yes,Draft AI review: penjelasan tampak cukup membantu untuk prioritisasi audit awal.,ai_prefill_draft,AI-assisted draft only. Human reviewers must verify/edit before treating as reviewed evidence.
341,test,50956,high_uncertainty,ocds-20h3g7-3542287,Penataan Trasa,2023-06-19 00:00:00+00:00,Pemerintah Daerah Kabupaten Tegal,Taruna Bakti,1350000000.0,1080000000.0,1,1,Medium Risk,0.54794,0.177121,0.54794,0.274939,0.991221,f_title_length=-1.5210 | f_is_q4=1.1772 | f_buyer_supplier_repeat_count=0.8669,"Model mengklasifikasikan paket ini sebagai **Medium Risk** dengan probabilitas 99.39%.
Faktor yang paling memengaruhi prediksi adalah:
- Panjang judul tender bernilai 14 dan menurunkan skor risiko dengan kontribusi SHAP sekitar 1.5210.
- Waktu publikasi pada kuartal iv bernilai 0 dan meningkatkan skor risiko dengan kontribusi SHAP sekitar 1.1772.
- Frekuensi hubungan buyer-supplier berulang bernilai 0 dan meningkatkan skor risiko dengan kontribusi SHAP sekitar 0.8669.",1,low,Draft AI review: risiko didukung oleh judul tender yang terlalu singkat dan timing akhir tahun anggaran.,yes,2,yes,Draft AI review: penjelasan tampak cukup membantu untuk prioritisasi audit awal.,ai_prefill_draft,AI-assisted draft only. Human reviewers must verify/edit before treating as reviewed evidence.
342,test,18957,high_uncertainty,ocds-20h3g7-9353200,Pembangunan Trotoar,2023-04-14 00:00:00+00:00,Pemerintah Daerah Kabupaten Jember,CV FS JAYA KONSTRUKSI,8190498000.0,6557962293.55,2,2,High Risk,0.444833,0.1313,0.423867,0.444833,0.990734,f_title_length=3.3426 | f_tender_value_log=3.3305 | f_is_q4=-2.0306,"Model mengklasifikasikan paket ini sebagai **High Risk** dengan probabilitas 58.88%.
Faktor yang paling memengaruhi prediksi adalah:
- Panjang judul tender bernilai 19 dan meningkatkan skor risiko dengan kontribusi SHAP sekitar 3.3426.
- Nilai tender bernilai 22.8262 dan meningkatkan skor risiko dengan kontribusi SHAP sekitar 3.3305.
- Waktu publikasi pada kuartal iv bernilai 0 dan menurunkan skor risiko dengan kontribusi SHAP sekitar 2.0306.",2,low,Draft AI review: risiko didukung oleh judul tender yang terlalu singkat dan nilai tender yang besar.,yes,2,yes,Draft AI review: penjelasan tampak cukup membantu untuk prioritisasi audit awal.,ai_prefill_draft,AI-assisted draft only. Human reviewers must verify/edit before treating as reviewed evidence.
343,test,21710,high_uncertainty,ocds-20h3g7-4175231,D.I Linda (DAK),2023-04-29 00:00:00+00:00,Pemerintah Daerah Kabupaten Enrekang,CV.YASIN,568000000.0,554715710.51,1,1,Medium Risk,0.549247,0.177895,0.549247,0.272857,0.990648,f_title_length=-1.5782 | f_is_q4=1.1562 | f_buyer_supplier_repeat_count=0.8954,"Model mengklasifikasikan paket ini sebagai **Medium Risk** dengan probabilitas 99.43%.
Faktor yang paling memengaruhi prediksi adalah:
- Panjang judul tender bernilai 15 dan menurunkan skor risiko dengan kontribusi SHAP sekitar 1.5782.
- Waktu publikasi pada kuartal iv bernilai 0 dan meningkatkan skor risiko dengan kontribusi SHAP sekitar 1.1562.
- Frekuensi hubungan buyer-supplier berulang bernilai 0 dan meningkatkan skor risiko dengan kontribusi SHAP sekitar 0.8954.",1,low,Draft AI review: risiko didukung oleh judul tender yang terlalu singkat dan timing akhir tahun anggaran.,yes,2,yes,Draft AI review: penjelasan tampak cukup membantu untuk prioritisasi audit awal.,ai_prefill_draft,AI-assisted draft only. Human reviewers must verify/edit before treating as reviewed evidence.
344,test,8874,high_uncertainty,ocds-20h3g7-8103259,Jl. Talang Sari,2023-03-28 00:00:00+00:00,Pemerintah Daerah Kota Jambi,MOULYA PUSPA NAGARA,1599967320.91,1590000591.61,1,1,Medium Risk,0.550079,0.177882,0.550079,0.272039,0.990059,f_title_length=-1.5252 | f_is_q4=1.1018 | f_buyer_supplier_repeat_count=0.9224,"Model mengklasifikasikan paket ini sebagai **Medium Risk** dengan probabilitas 99.45%.
Faktor yang paling memengaruhi prediksi adalah:
- Panjang judul tender bernilai 15 dan menurunkan skor risiko dengan kontribusi SHAP sekitar 1.5252.
- Waktu publikasi pada kuartal iv bernilai 0 dan meningkatkan skor risiko dengan kontribusi SHAP sekitar 1.1018.
- Frekuensi hubungan buyer-supplier berulang bernilai 0 dan meningkatkan skor risiko dengan kontribusi SHAP sekitar 0.9224.",1,low,Draft AI review: risiko didukung oleh judul tender yang terlalu singkat dan timing akhir tahun anggaran.,yes,2,yes,Draft AI review: penjelasan tampak cukup membantu untuk prioritisasi audit awal.,ai_prefill_draft,AI-assisted draft only. Human reviewers must verify/edit before treating as reviewed evidence.
345,test,73924,high_uncertainty,ocds-20h3g7-5348511,Pembuatan Billboard,2023-08-14 00:00:00+00:00,Pemerintah Daerah Kabupaten Toli-Toli,KARYA NYATA GROUP,407000000.0,397890435.72,1,1,Medium Risk,0.547698,0.173729,0.547698,0.278573,0.989839,f_is_q4=0.8716 | f_buyer_supplier_repeat_count=0.7470 | f_tender_value_log=0.5565,"Model mengklasifikasikan paket ini sebagai **Medium Risk** dengan probabilitas 99.33%.
Faktor yang paling memengaruhi prediksi adalah:
- Waktu publikasi pada kuartal iv bernilai 0 dan meningkatkan skor risiko dengan kontribusi SHAP sekitar 0.8716.
- Frekuensi hubungan buyer-supplier berulang bernilai 0 dan meningkatkan skor risiko dengan kontribusi SHAP sekitar 0.7470.
- Nilai tender bernilai 19.8243 dan meningkatkan skor risiko dengan kontribusi SHAP sekitar 0.5565.",1,low,Draft AI review: risiko didukung oleh timing akhir tahun anggaran dan hubungan buyer-supplier yang berulang.,yes,2,yes,Draft AI review: penjelasan tampak cukup membantu untuk prioritisasi audit awal.,ai_prefill_draft,AI-assisted draft only. Human reviewers must verify/edit before treating as reviewed evidence.
346,test,66268,high_uncertainty,ocds-20h3g7-2725554,Dokumen KLHS,2023-07-21 00:00:00+00:00,Pemerintah Daerah Kota Tomohon,CV. JIOVANNO JAYA KONSULTAN,277555000.0,255522000.0,1,1,Medium Risk,0.551739,0.18018,0.551739,0.268081,0.98982,f_title_length=-1.5687 | f_is_q4=1.1789 | f_buyer_supplier_repeat_count=0.8988,"Model mengklasifikasikan paket ini sebagai **Medium Risk** dengan probabilitas 99.51%.
Faktor yang paling memengaruhi prediksi adalah:
- Panjang judul tender bernilai 12 dan menurunkan skor risiko dengan kontribusi SHAP sekitar 1.5687.
- Waktu publikasi pada kuartal iv bernilai 0 dan meningkatkan skor risiko dengan kontribusi SHAP sekitar 1.1789.
- Frekuensi hubungan buyer-supplier berulang bernilai 0 dan meningkatkan skor risiko dengan kontribusi SHAP sekitar 0.8988.",1,low,Draft AI review: risiko didukung oleh judul tender yang terlalu singkat dan timing akhir tahun anggaran.,yes,2,yes,Draft AI review: penjelasan tampak cukup membantu untuk prioritisasi audit awal.,ai_prefill_draft,AI-assisted draft only. Human reviewers must verify/edit before treating as reviewed evidence.
347,test,68722,high_uncertainty,ocds-20h3g7-18609035,Pekerjaan Mekanikal Elektrikal Pompa dan Genset Rumah IntakeSekerat (Pergeseran 1),2023-07-28 00:00:00+00:00,Pemerintah Daerah Provinsi Kalimantan Timur,CV. MULIA BERKAHTAMA ABADI,5785970019.33,4437786771.0,1,1,Medium Risk,0.537358,0.161678,0.537358,0.300964,0.989736,f_buyer_supplier_repeat_count=1.2537 | f_tender_value_log=-1.2526 | f_title_length=1.2468,"Model mengklasifikasikan paket ini sebagai **Medium Risk** dengan probabilitas 98.66%.
Faktor yang paling memengaruhi prediksi adalah:
- Frekuensi hubungan buyer-supplier berulang bernilai 0 dan meningkatkan skor risiko dengan kontribusi SHAP sekitar 1.2537.
- Nilai tender bernilai 22.4787 dan menurunkan skor risiko dengan kontribusi SHAP sekitar 1.2526.
- Panjang judul tender bernilai 82 dan meningkatkan skor risiko dengan kontribusi SHAP sekitar 1.2468.",1,low,Draft AI review: risiko didukung oleh hubungan buyer-supplier yang berulang dan nilai tender yang besar.,yes,2,yes,Draft AI review: penjelasan tampak cukup membantu untuk prioritisasi audit awal.,ai_prefill_draft,AI-assisted draft only. Human reviewers must verify/edit before treating as reviewed evidence.
348,test,24988,high_uncertainty,ocds-20h3g7-24669638,"Pengadaan Barang/Jasa bahan Makan Serdik Dikjurba If Abit Diktukba TNI AD TA 2023 Dodiklatpur Rindam IV/Diponegoro, tanggal 27 Mei s.d. 23 Juli 2023",2023-05-08 00:00:00+00:00,Kementerian Pertahanan,CV. Restu Bumi,294930000.0,294930000.0,1,1,Medium Risk,0.494211,0.367647,0.494211,0.138142,0.989645,f_buyer_supplier_repeat_count=0.8866 | f_price_deviation_ratio=0.7290 | f_is_q4=0.6265,"Model mengklasifikasikan paket ini sebagai **Medium Risk** dengan probabilitas 90.02%.
Faktor yang paling memengaruhi prediksi adalah:
- Frekuensi hubungan buyer-supplier berulang bernilai 1 dan meningkatkan skor risiko dengan kontribusi SHAP sekitar 0.8866.
- Rasio deviasi harga terhadap nilai tender bernilai 1 dan meningkatkan skor risiko dengan kontribusi SHAP sekitar 0.7290.
- Waktu publikasi pada kuartal iv bernilai 0 dan meningkatkan skor risiko dengan kontribusi SHAP sekitar 0.6265.",1,low,Draft AI review: risiko didukung oleh hubungan buyer-supplier yang berulang dan deviasi harga tender-award.,yes,2,yes,Draft AI review: penjelasan tampak cukup membantu untuk prioritisasi audit awal.,ai_prefill_draft,AI-assisted draft only. Human reviewers must verify/edit before treating as reviewed evidence.
349,test,17691,high_uncertainty,ocds-20h3g7-4165231,D.I Pasui (DAK),2023-04-12 00:00:00+00:00,Pemerintah Daerah Kabupaten Enrekang,PUTRA LATEMMAMALA,479600000.0,469323607.06,1,1,Medium Risk,0.549127,0.175262,0.549127,0.275611,0.989573,f_title_length=-1.5213 | f_is_q4=1.1369 | f_buyer_supplier_repeat_count=0.9219,"Model mengklasifikasikan paket ini sebagai **Medium Risk** dengan probabilitas 99.39%.
Faktor yang paling memengaruhi prediksi adalah:
- Panjang judul tender bernilai 15 dan menurunkan skor risiko dengan kontribusi SHAP sekitar 1.5213.
- Waktu publikasi pada kuartal iv bernilai 0 dan meningkatkan skor risiko dengan kontribusi SHAP sekitar 1.1369.
- Frekuensi hubungan buyer-supplier berulang bernilai 0 dan meningkatkan skor risiko dengan kontribusi SHAP sekitar 0.9219.",1,low,Draft AI review: risiko didukung oleh judul tender yang terlalu singkat dan timing akhir tahun anggaran.,yes,2,yes,Draft AI review: penjelasan tampak cukup membantu untuk prioritisasi audit awal.,ai_prefill_draft,AI-assisted draft only. Human reviewers must verify/edit before treating as reviewed evidence.
350,test,15290,high_uncertainty,ocds-20h3g7-17983013,Pematangan Lahan,2023-04-06 00:00:00+00:00,Pemerintah Daerah Provinsi D. I. Yogyakarta,CV Samudera Jaya Abadi,303661492.49,282698276.27,1,1,Medium Risk,0.550595,0.177417,0.550595,0.271987,0.989497,f_title_length=-1.5273 | f_is_q4=1.1766 | f_buyer_supplier_repeat_count=0.9577,"Model mengklasifikasikan paket ini sebagai **Medium Risk** dengan probabilitas 99.45%.
Faktor yang paling memengaruhi prediksi adalah:
- Panjang judul tender bernilai 16 dan menurunkan skor risiko dengan kontribusi SHAP sekitar 1.5273.
- Waktu publikasi pada kuartal iv bernilai 0 dan meningkatkan skor risiko dengan kontribusi SHAP sekitar 1.1766.
- Frekuensi hubungan buyer-supplier berulang bernilai 1 dan meningkatkan skor risiko dengan kontribusi SHAP sekitar 0.9577.",1,low,Draft AI review: risiko didukung oleh judul tender yang terlalu singkat dan timing akhir tahun anggaran.,yes,2,yes,Draft AI review: penjelasan tampak cukup membantu untuk prioritisasi audit awal.,ai_prefill_draft,AI-assisted draft only. Human reviewers must verify/edit before treating as reviewed evidence.
351,test,744,stratified_predicted_high_risk,ocds-20h3g7-83686064,Pembangunan Pasar Raya Kota Padang,2023-03-13 00:00:00+00:00,Kementerian Pekerjaan Umum dan Perumahan Rakyat,PT. ADHI PERSADA GEDUNG,112312300000.0,103998168000.0,2,2,High Risk,0.708665,0.078604,0.212731,0.708665,0.77321,f_tender_value_zscore_buyer=5.1017 | f_tender_value_log=4.6690 | f_buyer_supplier_repeat_count=-1.7861,"Model mengklasifikasikan paket ini sebagai **High Risk** dengan probabilitas 99.99%.
Faktor yang paling memengaruhi prediksi adalah:
- F tender value zscore buyer bernilai 7.7778 dan meningkatkan skor risiko dengan kontribusi SHAP sekitar 5.1017.
- Nilai tender bernilai 25.4445 dan meningkatkan skor risiko dengan kontribusi SHAP sekitar 4.6690.
- Frekuensi hubungan buyer-supplier berulang bernilai 0 dan menurunkan skor risiko dengan kontribusi SHAP sekitar 1.7861.",2,medium,Draft AI review: risiko didukung oleh lonjakan nilai tender relatif terhadap histori buyer dan nilai tender yang besar.,yes,3,yes,Draft AI review: penjelasan tampak cukup membantu untuk prioritisasi audit awal.,ai_prefill_draft,AI-assisted draft only. Human reviewers must verify/edit before treating as reviewed evidence.
352,test,825,stratified_predicted_high_risk,ocds-20h3g7-24209638,Renovasi Polkes 00.09.06/Bekasi,2023-03-13 00:00:00+00:00,Kementerian Pertahanan,PT. Mulia Berkat Sentosa,7008512000.0,6985585000.0,2,2,High Risk,0.710878,0.085172,0.20395,0.710878,0.776631,f_tender_value_zscore_buyer=5.0031 | f_tender_value_log=4.6782 | f_buyer_supplier_repeat_count=-1.7446,"Model mengklasifikasikan paket ini sebagai **High Risk** dengan probabilitas 99.99%.
Faktor yang paling memengaruhi prediksi adalah:
- F tender value zscore buyer bernilai 4.965 dan meningkatkan skor risiko dengan kontribusi SHAP sekitar 5.0031.
- Nilai tender bernilai 22.6704 dan meningkatkan skor risiko dengan kontribusi SHAP sekitar 4.6782.
- Frekuensi hubungan buyer-supplier berulang bernilai 0 dan menurunkan skor risiko dengan kontribusi SHAP sekitar 1.7446.",2,medium,Draft AI review: risiko didukung oleh lonjakan nilai tender relatif terhadap histori buyer dan nilai tender yang besar.,yes,3,yes,Draft AI review: penjelasan tampak cukup membantu untuk prioritisasi audit awal.,ai_prefill_draft,AI-assisted draft only. Human reviewers must verify/edit before treating as reviewed evidence.
353,test,1263,stratified_predicted_high_risk,ocds-20h3g7-2359605,81. Pembangunan Mes Perwira 2 lantai,2023-03-14 00:00:00+00:00,Kementerian Pertahanan,PT. RAZAAQI SELARAS PERSADA,7611607000.0,7603600718.75,2,2,High Risk,0.668712,0.099866,0.231422,0.668712,0.837863,f_tender_value_zscore_buyer=4.8550 | f_tender_value_log=4.4911 | f_buyer_supplier_repeat_count=-1.8423,"Model mengklasifikasikan paket ini sebagai **High Risk** dengan probabilitas 99.96%.
Faktor yang paling memengaruhi prediksi adalah:
- F tender value zscore buyer bernilai 2.6968 dan meningkatkan skor risiko dengan kontribusi SHAP sekitar 4.8550.
- Nilai tender bernilai 22.7529 dan meningkatkan skor risiko dengan kontribusi SHAP sekitar 4.4911.
- Frekuensi hubungan buyer-supplier berulang bernilai 0 dan menurunkan skor risiko dengan kontribusi SHAP sekitar 1.8423.",2,low,Draft AI review: risiko didukung oleh lonjakan nilai tender relatif terhadap histori buyer dan nilai tender yang besar.,yes,2,yes,Draft AI review: penjelasan tampak cukup membantu untuk prioritisasi audit awal.,ai_prefill_draft,AI-assisted draft only. Human reviewers must verify/edit before treating as reviewed evidence.
354,test,1342,stratified_predicted_high_risk,ocds-20h3g7-5348588,Pengadaan Alins Alongins Deptek dan Deplek TA 2023,2023-03-14 00:00:00+00:00,Kementerian Pertahanan,PT Uptrans Teknologi,98949194300.0,98875109250.0,2,2,High Risk,0.699029,0.090917,0.210054,0.699029,0.796064,f_tender_value_zscore_buyer=4.9226 | f_tender_value_log=4.6550 | f_buyer_supplier_repeat_count=-1.7532,"Model mengklasifikasikan paket ini sebagai **High Risk** dengan probabilitas 99.99%.
Faktor yang paling memengaruhi prediksi adalah:
- F tender value zscore buyer bernilai 52.8201 dan meningkatkan skor risiko dengan kontribusi SHAP sekitar 4.9226.
- Nilai tender bernilai 25.3179 dan meningkatkan skor risiko dengan kontribusi SHAP sekitar 4.6550.
- Frekuensi hubungan buyer-supplier berulang bernilai 0 dan menurunkan skor risiko dengan kontribusi SHAP sekitar 1.7532.",2,low,Draft AI review: risiko didukung oleh lonjakan nilai tender relatif terhadap histori buyer dan nilai tender yang besar.,yes,2,yes,Draft AI review: penjelasan tampak cukup membantu untuk prioritisasi audit awal.,ai_prefill_draft,AI-assisted draft only. Human reviewers must verify/edit before treating as reviewed evidence.
355,test,1361,stratified_predicted_high_risk,ocds-20h3g7-90653114,Pengadaan Multipurpose Simulator Sarana Perkeretaapian,2023-03-14 00:00:00+00:00,Kementerian Perhubungan,TRIGUNA MEGATAMA,38417240000.0,37071502500.0,2,2,High Risk,0.71339,0.0839,0.20271,0.71339,0.772367,f_tender_value_zscore_buyer=5.0325 | f_tender_value_log=4.7562 | f_buyer_supplier_repeat_count=-1.7702,"Model mengklasifikasikan paket ini sebagai **High Risk** dengan probabilitas 99.99%.
Faktor yang paling memengaruhi prediksi adalah:
- F tender value zscore buyer bernilai 9.9372 dan meningkatkan skor risiko dengan kontribusi SHAP sekitar 5.0325.
- Nilai tender bernilai 24.3718 dan meningkatkan skor risiko dengan kontribusi SHAP sekitar 4.7562.
- Frekuensi hubungan buyer-supplier berulang bernilai 0 dan menurunkan skor risiko dengan kontribusi SHAP sekitar 1.7702.",2,medium,Draft AI review: risiko didukung oleh lonjakan nilai tender relatif terhadap histori buyer dan nilai tender yang besar.,yes,3,yes,Draft AI review: penjelasan tampak cukup membantu untuk prioritisasi audit awal.,ai_prefill_draft,AI-assisted draft only. Human reviewers must verify/edit before treating as reviewed evidence.
356,test,1399,stratified_predicted_high_risk,ocds-20h3g7-16375316,Pelebaran dan Peninggian Jalan MT. Haryono,2023-03-14 00:00:00+00:00,Pemerintah Daerah Kota Balikpapan,PT. Anugerah Jaya Mulia Utama,19523349000.0,19087721529.2,2,2,High Risk,0.726005,0.078814,0.195181,0.726005,0.751598,f_tender_value_zscore_buyer=5.1501 | f_tender_value_log=4.5832 | f_buyer_supplier_repeat_count=-1.7752,"Model mengklasifikasikan paket ini sebagai **High Risk** dengan probabilitas 99.99%.
Faktor yang paling memengaruhi prediksi adalah:
- F tender value zscore buyer bernilai 53.3702 dan meningkatkan skor risiko dengan kontribusi SHAP sekitar 5.1501.
- Nilai tender bernilai 23.6949 dan meningkatkan skor risiko dengan kontribusi SHAP sekitar 4.5832.
- Frekuensi hubungan buyer-supplier berulang bernilai 0 dan menurunkan skor risiko dengan kontribusi SHAP sekitar 1.7752.",2,medium,Draft AI review: risiko didukung oleh lonjakan nilai tender relatif terhadap histori buyer dan nilai tender yang besar.,yes,3,yes,Draft AI review: penjelasan tampak cukup membantu untuk prioritisasi audit awal.,ai_prefill_draft,AI-assisted draft only. Human reviewers must verify/edit before treating as reviewed evidence.
357,test,1417,stratified_predicted_high_risk,ocds-20h3g7-84308064,Pembangunan Pengaman Pantai Kabupaten Cilacap,2023-03-14 00:00:00+00:00,Kementerian Pekerjaan Umum dan Perumahan Rakyat,PT ADHI KARYA (Persero) Tbk,363633845000.0,326834096140.51,2,2,High Risk,0.714814,0.079361,0.205826,0.714814,0.766421,f_tender_value_zscore_buyer=5.0408 | f_tender_value_log=4.6500 | f_buyer_supplier_repeat_count=-1.8417,"Model mengklasifikasikan paket ini sebagai **High Risk** dengan probabilitas 99.99%.
Faktor yang paling memengaruhi prediksi adalah:
- F tender value zscore buyer bernilai 6.0744 dan meningkatkan skor risiko dengan kontribusi SHAP sekitar 5.0408.
- Nilai tender bernilai 26.6194 dan meningkatkan skor risiko dengan kontribusi SHAP sekitar 4.6500.
- Frekuensi hubungan buyer-supplier berulang bernilai 0 dan menurunkan skor risiko dengan kontribusi SHAP sekitar 1.8417.",2,medium,Draft AI review: risiko didukung oleh lonjakan nilai tender relatif terhadap histori buyer dan nilai tender yang besar.,yes,3,yes,Draft AI review: penjelasan tampak cukup membantu untuk prioritisasi audit awal.,ai_prefill_draft,AI-assisted draft only. Human reviewers must verify/edit before treating as reviewed evidence.
358,test,1424,stratified_predicted_high_risk,ocds-20h3g7-4215280,Pembangunan Sarana dan Prasarana Wisata Religi,2023-03-14 00:00:00+00:00,LPSE Kabupaten Boyolali,CV. MITRA KERJA,6221406662.39,6045603953.57,2,2,High Risk,0.696622,0.083104,0.220274,0.696622,0.791821,f_tender_value_zscore_buyer=4.9794 | f_tender_value_log=4.6609 | f_buyer_supplier_repeat_count=-1.8244,"Model mengklasifikasikan paket ini sebagai **High Risk** dengan probabilitas 99.98%.
Faktor yang paling memengaruhi prediksi adalah:
- F tender value zscore buyer bernilai 3.6013 dan meningkatkan skor risiko dengan kontribusi SHAP sekitar 4.9794.
- Nilai tender bernilai 22.5513 dan meningkatkan skor risiko dengan kontribusi SHAP sekitar 4.6609.
- Frekuensi hubungan buyer-supplier berulang bernilai 0 dan menurunkan skor risiko dengan kontribusi SHAP sekitar 1.8244.",2,low,Draft AI review: risiko didukung oleh lonjakan nilai tender relatif terhadap histori buyer dan nilai tender yang besar.,yes,2,yes,Draft AI review: penjelasan tampak cukup membantu untuk prioritisasi audit awal.,ai_prefill_draft,AI-assisted draft only. Human reviewers must verify/edit before treating as reviewed evidence.
359,test,1459,stratified_predicted_high_risk,ocds-20h3g7-20183026,DED Drainase Kawasan Tiban Center,2023-03-14 00:00:00+00:00,Pemerintah Daerah Kota Batam,PT. BATAM STRUCTURAL ENGINEERS,199358500.0,138406500.0,2,2,High Risk,0.66202,0.090113,0.247867,0.66202,0.835671,f_price_deviation_ratio=5.7203 | f_buyer_supplier_repeat_count=3.8966 | f_is_q4=-2.1700,"Model mengklasifikasikan paket ini sebagai **High Risk** dengan probabilitas 99.93%.
Faktor yang paling memengaruhi prediksi adalah:
- Rasio deviasi harga terhadap nilai tender bernilai 0.6943 dan meningkatkan skor risiko dengan kontribusi SHAP sekitar 5.7203.
- Frekuensi hubungan buyer-supplier berulang bernilai 2 dan meningkatkan skor risiko dengan kontribusi SHAP sekitar 3.8966.
- Waktu publikasi pada kuartal iv bernilai 0 dan menurunkan skor risiko dengan kontribusi SHAP sekitar 2.1700.",2,low,Draft AI review: risiko didukung oleh deviasi harga tender-award dan hubungan buyer-supplier yang berulang.,yes,2,yes,Draft AI review: penjelasan tampak cukup membantu untuk prioritisasi audit awal.,ai_prefill_draft,AI-assisted draft only. Human reviewers must verify/edit before treating as reviewed evidence.
360,test,1489,stratified_predicted_high_risk,ocds-20h3g7-2819155,Jalan Asrama Brimob - Air Terjun,2023-03-14 00:00:00+00:00,Pemerintah Daerah Kabupaten Kerinci,CV. Azka Jaya Mandiri,11994095542.94,11841230232.96,2,2,High Risk,0.710983,0.085752,0.203265,0.710983,0.777005,f_tender_value_zscore_buyer=5.0616 | f_tender_value_log=4.7746 | f_buyer_supplier_repeat_count=-1.7633,"Model mengklasifikasikan paket ini sebagai **High Risk** dengan probabilitas 99.99%.
Faktor yang paling memengaruhi prediksi adalah:
- F tender value zscore buyer bernilai 3.5127 dan meningkatkan skor risiko dengan kontribusi SHAP sekitar 5.0616.
- Nilai tender bernilai 23.2077 dan meningkatkan skor risiko dengan kontribusi SHAP sekitar 4.7746.
- Frekuensi hubungan buyer-supplier berulang bernilai 0 dan menurunkan skor risiko dengan kontribusi SHAP sekitar 1.7633.",2,medium,Draft AI review: risiko didukung oleh lonjakan nilai tender relatif terhadap histori buyer dan nilai tender yang besar.,yes,3,yes,Draft AI review: penjelasan tampak cukup membantu untuk prioritisasi audit awal.,ai_prefill_draft,AI-assisted draft only. Human reviewers must verify/edit before treating as reviewed evidence.
361,test,1491,stratified_predicted_high_risk,ocds-20h3g7-90889114,Pembangunan Menara Suar Karang Singa,2023-03-14 00:00:00+00:00,Kementerian Perhubungan,PT. PACIFIC MULTINDO PERMAI,70685000000.0,69111889971.45,2,2,High Risk,0.711723,0.087509,0.200768,0.711723,0.77756,f_tender_value_zscore_buyer=5.0946 | f_tender_value_log=4.7027 | f_buyer_supplier_repeat_count=-1.7912,"Model mengklasifikasikan paket ini sebagai **High Risk** dengan probabilitas 99.99%.
Faktor yang paling memengaruhi prediksi adalah:
- F tender value zscore buyer bernilai 7.4755 dan meningkatkan skor risiko dengan kontribusi SHAP sekitar 5.0946.
- Nilai tender bernilai 24.9815 dan meningkatkan skor risiko dengan kontribusi SHAP sekitar 4.7027.
- Frekuensi hubungan buyer-supplier berulang bernilai 0 dan menurunkan skor risiko dengan kontribusi SHAP sekitar 1.7912.",2,medium,Draft AI review: risiko didukung oleh lonjakan nilai tender relatif terhadap histori buyer dan nilai tender yang besar.,yes,3,yes,Draft AI review: penjelasan tampak cukup membantu untuk prioritisasi audit awal.,ai_prefill_draft,AI-assisted draft only. Human reviewers must verify/edit before treating as reviewed evidence.
362,test,2100,stratified_predicted_high_risk,ocds-20h3g7-3899661,LANJUTAN PEMBANGUNAN WISMA PKK,2023-03-15 00:00:00+00:00,Pemerintah Daerah Kabupaten Penukal Abab Lematang Ilir,PT. KERTA MENGGALA AGUNG,5799999998.86,5765357067.98,2,2,High Risk,0.708755,0.085135,0.20611,0.708755,0.779236,f_tender_value_zscore_buyer=5.0591 | f_tender_value_log=4.6265 | f_buyer_supplier_repeat_count=-1.7945,"Model mengklasifikasikan paket ini sebagai **High Risk** dengan probabilitas 99.99%.
Faktor yang paling memengaruhi prediksi adalah:
- F tender value zscore buyer bernilai 6.1531 dan meningkatkan skor risiko dengan kontribusi SHAP sekitar 5.0591.
- Nilai tender bernilai 22.4811 dan meningkatkan skor risiko dengan kontribusi SHAP sekitar 4.6265.
- Frekuensi hubungan buyer-supplier berulang bernilai 0 dan menurunkan skor risiko dengan kontribusi SHAP sekitar 1.7945.",2,medium,Draft AI review: risiko didukung oleh lonjakan nilai tender relatif terhadap histori buyer dan nilai tender yang besar.,yes,3,yes,Draft AI review: penjelasan tampak cukup membantu untuk prioritisasi audit awal.,ai_prefill_draft,AI-assisted draft only. Human reviewers must verify/edit before treating as reviewed evidence.
363,test,2129,stratified_predicted_high_risk,ocds-20h3g7-2042459,Pembangunan Ruang Guru SD Negeri 11 Sungai Tengah,2023-03-15 00:00:00+00:00,Pemerintah Daerah Kabupaten Meranti,CV. JOE & CO,202990000.0,201926511.65,2,2,High Risk,0.710613,0.089149,0.200238,0.710613,0.780311,f_buyer_supplier_repeat_count=4.2892 | f_supplier_recent_90d_award_count=4.2645 | f_is_q4=-1.7639,"Model mengklasifikasikan paket ini sebagai **High Risk** dengan probabilitas 99.99%.
Faktor yang paling memengaruhi prediksi adalah:
- Frekuensi hubungan buyer-supplier berulang bernilai 3 dan meningkatkan skor risiko dengan kontribusi SHAP sekitar 4.2892.
- F supplier recent 90d award count bernilai 3 dan meningkatkan skor risiko dengan kontribusi SHAP sekitar 4.2645.
- Waktu publikasi pada kuartal iv bernilai 0 dan menurunkan skor risiko dengan kontribusi SHAP sekitar 1.7639.",2,medium,Draft AI review: risiko didukung oleh hubungan buyer-supplier yang berulang dan lonjakan kemenangan supplier dalam 90 hari.,yes,3,yes,Draft AI review: penjelasan tampak cukup membantu untuk prioritisasi audit awal.,ai_prefill_draft,AI-assisted draft only. Human reviewers must verify/edit before treating as reviewed evidence.
364,test,2137,stratified_predicted_high_risk,ocds-20h3g7-2032459,Pembangunan Ruang Laboratorium Komputer SD Negeri 2 Sonde,2023-03-15 00:00:00+00:00,Pemerintah Daerah Kabupaten Meranti,CV. HIDUP JAYA MAKMUR SEJAHTERA,228993000.0,227491163.85,2,2,High Risk,0.708226,0.091971,0.199803,0.708226,0.785568,f_buyer_supplier_repeat_count=4.2776 | f_supplier_recent_90d_award_count=4.2492 | f_is_q4=-1.7478,"Model mengklasifikasikan paket ini sebagai **High Risk** dengan probabilitas 99.99%.
Faktor yang paling memengaruhi prediksi adalah:
- Frekuensi hubungan buyer-supplier berulang bernilai 3 dan meningkatkan skor risiko dengan kontribusi SHAP sekitar 4.2776.
- F supplier recent 90d award count bernilai 3 dan meningkatkan skor risiko dengan kontribusi SHAP sekitar 4.2492.
- Waktu publikasi pada kuartal iv bernilai 0 dan menurunkan skor risiko dengan kontribusi SHAP sekitar 1.7478.",2,medium,Draft AI review: risiko didukung oleh hubungan buyer-supplier yang berulang dan lonjakan kemenangan supplier dalam 90 hari.,yes,3,yes,Draft AI review: penjelasan tampak cukup membantu untuk prioritisasi audit awal.,ai_prefill_draft,AI-assisted draft only. Human reviewers must verify/edit before treating as reviewed evidence.
365,test,2173,stratified_predicted_high_risk,ocds-20h3g7-4295264,Peningkatan Jalan Sebakung Jaya - Sri Raharja - Petiku,2023-03-15 00:00:00+00:00,Pemerintah Daerah Kabupaten Penajam Paser Utara,CV. KARYA PUNCAK HARAPAN,9877731000.0,9628521369.53,2,2,High Risk,0.700715,0.083782,0.215503,0.700715,0.787703,f_tender_value_zscore_buyer=4.9182 | f_tender_value_log=4.7046 | f_is_q4=-1.7580,"Model mengklasifikasikan paket ini sebagai **High Risk** dengan probabilitas 99.98%.
Faktor yang paling memengaruhi prediksi adalah:
- F tender value zscore buyer bernilai 4.815 dan meningkatkan skor risiko dengan kontribusi SHAP sekitar 4.9182.
- Nilai tender bernilai 23.0135 dan meningkatkan skor risiko dengan kontribusi SHAP sekitar 4.7046.
- Waktu publikasi pada kuartal iv bernilai 0 dan menurunkan skor risiko dengan kontribusi SHAP sekitar 1.7580.",2,medium,Draft AI review: risiko didukung oleh lonjakan nilai tender relatif terhadap histori buyer dan nilai tender yang besar.,yes,3,yes,Draft AI review: penjelasan tampak cukup membantu untuk prioritisasi audit awal.,ai_prefill_draft,AI-assisted draft only. Human reviewers must verify/edit before treating as reviewed evidence.
366,test,2251,stratified_predicted_high_risk,ocds-20h3g7-2722378,Jasa Konsultansi Perencanaan Jalan (DAU),2023-03-15 00:00:00+00:00,Pemerintah Daerah Kabupaten Serdang Bedagai,CV. PRIMA RANCANG,300000000.0,297077070.0,2,2,High Risk,0.699012,0.090749,0.210239,0.699012,0.795944,f_buyer_supplier_repeat_count=4.1391 | f_supplier_recent_90d_award_count=4.1124 | f_is_q4=-1.7595,"Model mengklasifikasikan paket ini sebagai **High Risk** dengan probabilitas 99.99%.
Faktor yang paling memengaruhi prediksi adalah:
- Frekuensi hubungan buyer-supplier berulang bernilai 2 dan meningkatkan skor risiko dengan kontribusi SHAP sekitar 4.1391.
- F supplier recent 90d award count bernilai 3 dan meningkatkan skor risiko dengan kontribusi SHAP sekitar 4.1124.
- Waktu publikasi pada kuartal iv bernilai 0 dan menurunkan skor risiko dengan kontribusi SHAP sekitar 1.7595.",2,low,Draft AI review: risiko didukung oleh hubungan buyer-supplier yang berulang dan lonjakan kemenangan supplier dalam 90 hari.,yes,2,yes,Draft AI review: penjelasan tampak cukup membantu untuk prioritisasi audit awal.,ai_prefill_draft,AI-assisted draft only. Human reviewers must verify/edit before treating as reviewed evidence.
367,test,2273,stratified_predicted_high_risk,ocds-20h3g7-2015459,Pembangunan Ruang Tata Usaha SMP Negeri 4 Rangsang,2023-03-15 00:00:00+00:00,Pemerintah Daerah Kabupaten Meranti,CV. SUGETA PUTRA MERANTI,559882000.0,556336506.92,2,2,High Risk,0.574718,0.104441,0.320841,0.574718,0.919004,f_tender_value_zscore_buyer=4.4749 | f_buyer_supplier_repeat_count=3.3248 | f_is_q4=-2.0580,"Model mengklasifikasikan paket ini sebagai **High Risk** dengan probabilitas 98.71%.
Faktor yang paling memengaruhi prediksi adalah:
- F tender value zscore buyer bernilai 12.0938 dan meningkatkan skor risiko dengan kontribusi SHAP sekitar 4.4749.
- Frekuensi hubungan buyer-supplier berulang bernilai 2 dan meningkatkan skor risiko dengan kontribusi SHAP sekitar 3.3248.
- Waktu publikasi pada kuartal iv bernilai 0 dan menurunkan skor risiko dengan kontribusi SHAP sekitar 2.0580.",2,low,Draft AI review: risiko didukung oleh lonjakan nilai tender relatif terhadap histori buyer dan hubungan buyer-supplier yang berulang.,yes,2,yes,Draft AI review: penjelasan tampak cukup membantu untuk prioritisasi audit awal.,ai_prefill_draft,AI-assisted draft only. Human reviewers must verify/edit before treating as reviewed evidence.
368,test,2294,stratified_predicted_high_risk,ocds-20h3g7-2017459,Pembangunan Ruang Laboratorium Komputer SD IT Permata,2023-03-15 00:00:00+00:00,Pemerintah Daerah Kabupaten Meranti,CV. NURHAYATI 3,228983000.0,227389183.74,2,2,High Risk,0.718782,0.088841,0.192378,0.718782,0.769511,f_supplier_recent_90d_award_count=4.3308 | f_buyer_supplier_repeat_count=4.2877 | f_is_q4=-1.7638,"Model mengklasifikasikan paket ini sebagai **High Risk** dengan probabilitas 99.99%.
Faktor yang paling memengaruhi prediksi adalah:
- F supplier recent 90d award count bernilai 3 dan meningkatkan skor risiko dengan kontribusi SHAP sekitar 4.3308.
- Frekuensi hubungan buyer-supplier berulang bernilai 3 dan meningkatkan skor risiko dengan kontribusi SHAP sekitar 4.2877.
- Waktu publikasi pada kuartal iv bernilai 0 dan menurunkan skor risiko dengan kontribusi SHAP sekitar 1.7638.",2,medium,Draft AI review: risiko didukung oleh lonjakan kemenangan supplier dalam 90 hari dan hubungan buyer-supplier yang berulang.,yes,3,yes,Draft AI review: penjelasan tampak cukup membantu untuk prioritisasi audit awal.,ai_prefill_draft,AI-assisted draft only. Human reviewers must verify/edit before treating as reviewed evidence.
369,test,2300,stratified_predicted_high_risk,ocds-20h3g7-91549114,Pembangunan Dermaga Kedisan di Danau Batur Tahap IV,2023-03-15 00:00:00+00:00,Kementerian Perhubungan,PT. REKA BUANA KARYA,36017298000.0,28219802915.0,2,2,High Risk,0.700765,0.086995,0.21224,0.700765,0.790593,f_tender_value_zscore_buyer=4.9458 | f_tender_value_log=4.6727 | f_buyer_supplier_repeat_count=-1.8025,"Model mengklasifikasikan paket ini sebagai **High Risk** dengan probabilitas 99.99%.
Faktor yang paling memengaruhi prediksi adalah:
- F tender value zscore buyer bernilai 2.5148 dan meningkatkan skor risiko dengan kontribusi SHAP sekitar 4.9458.
- Nilai tender bernilai 24.3073 dan meningkatkan skor risiko dengan kontribusi SHAP sekitar 4.6727.
- Frekuensi hubungan buyer-supplier berulang bernilai 0 dan menurunkan skor risiko dengan kontribusi SHAP sekitar 1.8025.",2,medium,Draft AI review: risiko didukung oleh lonjakan nilai tender relatif terhadap histori buyer dan nilai tender yang besar.,yes,3,yes,Draft AI review: penjelasan tampak cukup membantu untuk prioritisasi audit awal.,ai_prefill_draft,AI-assisted draft only. Human reviewers must verify/edit before treating as reviewed evidence.
370,test,2329,stratified_predicted_high_risk,ocds-20h3g7-2007459,Pembangunan Ruang Laboratorium Ilmu Pengetahuan Alam (IPA) SMP Negeri 1 Pulau Merbau,2023-03-15 00:00:00+00:00,Pemerintah Daerah Kabupaten Meranti,CV. PURA MERANTI JAYA,635941000.0,634338666.38,2,2,High Risk,0.584027,0.094633,0.321341,0.584027,0.902018,f_tender_value_zscore_buyer=4.9350 | f_supplier_recent_90d_award_count=3.6916 | f_title_length=-3.1922,"Model mengklasifikasikan paket ini sebagai **High Risk** dengan probabilitas 98.84%.
Faktor yang paling memengaruhi prediksi adalah:
- F tender value zscore buyer bernilai 3.4047 dan meningkatkan skor risiko dengan kontribusi SHAP sekitar 4.9350.
- F supplier recent 90d award count bernilai 3 dan meningkatkan skor risiko dengan kontribusi SHAP sekitar 3.6916.
- Panjang judul tender bernilai 84 dan menurunkan skor risiko dengan kontribusi SHAP sekitar 3.1922.",2,low,Draft AI review: risiko didukung oleh lonjakan nilai tender relatif terhadap histori buyer dan lonjakan kemenangan supplier dalam 90 hari.,yes,2,yes,Draft AI review: penjelasan tampak cukup membantu untuk prioritisasi audit awal.,ai_prefill_draft,AI-assisted draft only. Human reviewers must verify/edit before treating as reviewed evidence.
371,test,2759,stratified_predicted_high_risk,ocds-20h3g7-45647047,Pengadaan Jasa Outsourcing Tenaga Teknis,2023-03-16 00:00:00+00:00,Kementerian Kesehatan,PT.BAKRI KARYA SARANA,7141374896.0,6987961432.89,2,2,High Risk,0.693499,0.085669,0.220832,0.693499,0.797871,f_tender_value_zscore_buyer=4.9458 | f_tender_value_log=4.6612 | f_buyer_supplier_repeat_count=-1.8144,"Model mengklasifikasikan paket ini sebagai **High Risk** dengan probabilitas 99.98%.
Faktor yang paling memengaruhi prediksi adalah:
- F tender value zscore buyer bernilai 3.8813 dan meningkatkan skor risiko dengan kontribusi SHAP sekitar 4.9458.
- Nilai tender bernilai 22.6892 dan meningkatkan skor risiko dengan kontribusi SHAP sekitar 4.6612.
- Frekuensi hubungan buyer-supplier berulang bernilai 0 dan menurunkan skor risiko dengan kontribusi SHAP sekitar 1.8144.",2,low,Draft AI review: risiko didukung oleh lonjakan nilai tender relatif terhadap histori buyer dan nilai tender yang besar.,yes,2,yes,Draft AI review: penjelasan tampak cukup membantu untuk prioritisasi audit awal.,ai_prefill_draft,AI-assisted draft only. Human reviewers must verify/edit before treating as reviewed evidence.
372,test,2794,stratified_predicted_high_risk,ocds-20h3g7-20517039,Rehabilitasi Gedung Utama Masjid Raya An-nur Provinsi Riau,2023-03-16 00:00:00+00:00,Pemerintah Daerah Provinsi Riau,CV. BINTANG UTAMA KONTRAKTOR,8999910000.0,7199928000.0,2,2,High Risk,0.724816,0.072246,0.202937,0.724816,0.746769,f_tender_value_zscore_buyer=5.0773 | f_tender_value_log=4.5349 | f_buyer_supplier_repeat_count=-1.7395,"Model mengklasifikasikan paket ini sebagai **High Risk** dengan probabilitas 99.99%.
Faktor yang paling memengaruhi prediksi adalah:
- F tender value zscore buyer bernilai 50.1007 dan meningkatkan skor risiko dengan kontribusi SHAP sekitar 5.0773.
- Nilai tender bernilai 22.9205 dan meningkatkan skor risiko dengan kontribusi SHAP sekitar 4.5349.
- Frekuensi hubungan buyer-supplier berulang bernilai 0 dan menurunkan skor risiko dengan kontribusi SHAP sekitar 1.7395.",2,medium,Draft AI review: risiko didukung oleh lonjakan nilai tender relatif terhadap histori buyer dan nilai tender yang besar.,yes,3,yes,Draft AI review: penjelasan tampak cukup membantu untuk prioritisasi audit awal.,ai_prefill_draft,AI-assisted draft only. Human reviewers must verify/edit before treating as reviewed evidence.
373,test,3472,stratified_predicted_high_risk,ocds-20h3g7-23449198,Rekonstruksi jalan Sebelimbingan - Pandamaran,2023-03-17 00:00:00+00:00,Pemerintah Daerah Kabupaten Kutai Kartanegara,PT. ENERGI BARA PRATAMA PUTRA,17426931483.01,17291925000.0,2,2,High Risk,0.70623,0.087735,0.206035,0.70623,0.784609,f_tender_value_zscore_buyer=5.0428 | f_tender_value_log=4.7854 | f_buyer_supplier_repeat_count=-1.7726,"Model mengklasifikasikan paket ini sebagai **High Risk** dengan probabilitas 99.99%.
Faktor yang paling memengaruhi prediksi adalah:
- F tender value zscore buyer bernilai 4.5357 dan meningkatkan skor risiko dengan kontribusi SHAP sekitar 5.0428.
- Nilai tender bernilai 23.5813 dan meningkatkan skor risiko dengan kontribusi SHAP sekitar 4.7854.
- Frekuensi hubungan buyer-supplier berulang bernilai 0 dan menurunkan skor risiko dengan kontribusi SHAP sekitar 1.7726.",2,medium,Draft AI review: risiko didukung oleh lonjakan nilai tender relatif terhadap histori buyer dan nilai tender yang besar.,yes,3,yes,Draft AI review: penjelasan tampak cukup membantu untuk prioritisasi audit awal.,ai_prefill_draft,AI-assisted draft only. Human reviewers must verify/edit before treating as reviewed evidence.
374,test,3506,stratified_predicted_high_risk,ocds-20h3g7-19489170,Pengadaan Jaringan Komunikasi Aman,2023-03-17 00:00:00+00:00,Kementerian Agama,"PT. Telekomunikasi Indonesia, Tbk.",24098189471.55,23943891252.0,2,2,High Risk,0.696174,0.089881,0.213945,0.696174,0.798581,f_tender_value_zscore_buyer=4.9260 | f_tender_value_log=4.8192 | f_buyer_supplier_repeat_count=-1.7939,"Model mengklasifikasikan paket ini sebagai **High Risk** dengan probabilitas 99.98%.
Faktor yang paling memengaruhi prediksi adalah:
- F tender value zscore buyer bernilai 16.6471 dan meningkatkan skor risiko dengan kontribusi SHAP sekitar 4.9260.
- Nilai tender bernilai 23.9054 dan meningkatkan skor risiko dengan kontribusi SHAP sekitar 4.8192.
- Frekuensi hubungan buyer-supplier berulang bernilai 0 dan menurunkan skor risiko dengan kontribusi SHAP sekitar 1.7939.",2,low,Draft AI review: risiko didukung oleh lonjakan nilai tender relatif terhadap histori buyer dan nilai tender yang besar.,yes,2,yes,Draft AI review: penjelasan tampak cukup membantu untuk prioritisasi audit awal.,ai_prefill_draft,AI-assisted draft only. Human reviewers must verify/edit before treating as reviewed evidence.
375,test,3528,stratified_predicted_high_risk,ocds-20h3g7-4761298,Peningkatan Struktur Jalan Kenaman - Lomur,2023-03-17 00:00:00+00:00,Pemerintah Daerah Kabupaten Sanggau,CV. Elvira Sarana Konstruksi,5799894890.42,5628154441.77,2,2,High Risk,0.711199,0.081685,0.207115,0.711199,0.77309,f_tender_value_zscore_buyer=5.0151 | f_tender_value_log=4.6718 | f_buyer_supplier_repeat_count=-1.7799,"Model mengklasifikasikan paket ini sebagai **High Risk** dengan probabilitas 99.99%.
Faktor yang paling memengaruhi prediksi adalah:
- F tender value zscore buyer bernilai 5.2347 dan meningkatkan skor risiko dengan kontribusi SHAP sekitar 5.0151.
- Nilai tender bernilai 22.4811 dan meningkatkan skor risiko dengan kontribusi SHAP sekitar 4.6718.
- Frekuensi hubungan buyer-supplier berulang bernilai 0 dan menurunkan skor risiko dengan kontribusi SHAP sekitar 1.7799.",2,medium,Draft AI review: risiko didukung oleh lonjakan nilai tender relatif terhadap histori buyer dan nilai tender yang besar.,yes,3,yes,Draft AI review: penjelasan tampak cukup membantu untuk prioritisasi audit awal.,ai_prefill_draft,AI-assisted draft only. Human reviewers must verify/edit before treating as reviewed evidence.
376,test,3530,stratified_predicted_high_risk,ocds-20h3g7-3882258,Pelebaran Jalan Air Kundur - Tanjung Rusa (DAK 2023),2023-03-17 00:00:00+00:00,Pemerintah Daerah Kabupaten Belitung,CV.Prima Bangunan,7114100000.0,6896207304.2,2,2,High Risk,0.696604,0.083696,0.2197,0.696604,0.792416,f_tender_value_zscore_buyer=4.9254 | f_tender_value_log=4.7453 | f_buyer_supplier_repeat_count=-1.7797,"Model mengklasifikasikan paket ini sebagai **High Risk** dengan probabilitas 99.98%.
Faktor yang paling memengaruhi prediksi adalah:
- F tender value zscore buyer bernilai 3.5541 dan meningkatkan skor risiko dengan kontribusi SHAP sekitar 4.9254.
- Nilai tender bernilai 22.6853 dan meningkatkan skor risiko dengan kontribusi SHAP sekitar 4.7453.
- Frekuensi hubungan buyer-supplier berulang bernilai 0 dan menurunkan skor risiko dengan kontribusi SHAP sekitar 1.7797.",2,low,Draft AI review: risiko didukung oleh lonjakan nilai tender relatif terhadap histori buyer dan nilai tender yang besar.,yes,2,yes,Draft AI review: penjelasan tampak cukup membantu untuk prioritisasi audit awal.,ai_prefill_draft,AI-assisted draft only. Human reviewers must verify/edit before treating as reviewed evidence.
377,test,3549,stratified_predicted_high_risk,ocds-20h3g7-3146426,Pemeliharaan Jalan Bung Pageu - Data Makmur (DAK PENUGASAN),2023-03-17 00:00:00+00:00,Pemerintah Daerah Kabupaten Aceh Besar,CV. GUNUNG AGUNG JAYA,8034865000.0,7471011000.0,2,2,High Risk,0.686415,0.080324,0.23326,0.686415,0.800365,f_tender_value_zscore_buyer=4.9736 | f_tender_value_log=4.4375 | f_buyer_supplier_repeat_count=-1.8292,"Model mengklasifikasikan paket ini sebagai **High Risk** dengan probabilitas 99.97%.
Faktor yang paling memengaruhi prediksi adalah:
- F tender value zscore buyer bernilai 33.3422 dan meningkatkan skor risiko dengan kontribusi SHAP sekitar 4.9736.
- Nilai tender bernilai 22.8071 dan meningkatkan skor risiko dengan kontribusi SHAP sekitar 4.4375.
- Frekuensi hubungan buyer-supplier berulang bernilai 0 dan menurunkan skor risiko dengan kontribusi SHAP sekitar 1.8292.",2,low,Draft AI review: risiko didukung oleh lonjakan nilai tender relatif terhadap histori buyer dan nilai tender yang besar.,yes,2,yes,Draft AI review: penjelasan tampak cukup membantu untuk prioritisasi audit awal.,ai_prefill_draft,AI-assisted draft only. Human reviewers must verify/edit before treating as reviewed evidence.
378,test,3617,stratified_predicted_high_risk,ocds-20h3g7-3897258,Pelebaran Jalan Simpang Rusa - Air Kundur (DAK 2023),2023-03-17 00:00:00+00:00,Pemerintah Daerah Kabupaten Belitung,Belitung Berdikari Sentosa,11645762000.0,11449305388.9,2,2,High Risk,0.680611,0.092588,0.226801,0.680611,0.818697,f_tender_value_zscore_buyer=4.9253 | f_tender_value_log=4.6294 | f_buyer_supplier_repeat_count=-1.8072,"Model mengklasifikasikan paket ini sebagai **High Risk** dengan probabilitas 99.97%.
Faktor yang paling memengaruhi prediksi adalah:
- F tender value zscore buyer bernilai 3.3374 dan meningkatkan skor risiko dengan kontribusi SHAP sekitar 4.9253.
- Nilai tender bernilai 23.1782 dan meningkatkan skor risiko dengan kontribusi SHAP sekitar 4.6294.
- Frekuensi hubungan buyer-supplier berulang bernilai 0 dan menurunkan skor risiko dengan kontribusi SHAP sekitar 1.8072.",2,low,Draft AI review: risiko didukung oleh lonjakan nilai tender relatif terhadap histori buyer dan nilai tender yang besar.,yes,2,yes,Draft AI review: penjelasan tampak cukup membantu untuk prioritisasi audit awal.,ai_prefill_draft,AI-assisted draft only. Human reviewers must verify/edit before treating as reviewed evidence.
379,test,3661,stratified_predicted_high_risk,ocds-20h3g7-14768103,Survey Kondisi Jalan,2023-03-17 00:00:00+00:00,Pemerintah Daerah Provinsi Sumatera Selatan,PT. Cakra Graha,1999968700.0,1997000400.0,1,2,High Risk,0.482445,0.115362,0.402192,0.482445,0.967121,f_tender_value_zscore_buyer=4.1119 | f_title_length=3.3486 | f_is_q4=-1.7639,"Model mengklasifikasikan paket ini sebagai **High Risk** dengan probabilitas 79.46%.
Faktor yang paling memengaruhi prediksi adalah:
- F tender value zscore buyer bernilai 31.8917 dan meningkatkan skor risiko dengan kontribusi SHAP sekitar 4.1119.
- Panjang judul tender bernilai 20 dan meningkatkan skor risiko dengan kontribusi SHAP sekitar 3.3486.
- Waktu publikasi pada kuartal iv bernilai 0 dan menurunkan skor risiko dengan kontribusi SHAP sekitar 1.7639.",1,low,Draft AI review: risiko didukung oleh lonjakan nilai tender relatif terhadap histori buyer dan judul tender yang terlalu singkat.,yes,2,yes,Draft AI review: penjelasan tampak cukup membantu untuk prioritisasi audit awal.,ai_prefill_draft,AI-assisted draft only. Human reviewers must verify/edit before treating as reviewed evidence.
380,test,3721,stratified_predicted_high_risk,ocds-20h3g7-3635683,Pengadaan Alat Ukur Kalibrasi BBPPT 2023,2023-03-17 00:00:00+00:00,Kementerian Komunikasi Dan Informatika,PT Eltran Indonesia,83883472474.53,83883029197.14,2,2,High Risk,0.721795,0.081823,0.196382,0.721795,0.759784,f_tender_value_zscore_buyer=4.8814 | f_tender_value_log=4.4133 | f_is_q4=-1.7475,"Model mengklasifikasikan paket ini sebagai **High Risk** dengan probabilitas 99.99%.
Faktor yang paling memengaruhi prediksi adalah:
- F tender value zscore buyer bernilai 87.1129 dan meningkatkan skor risiko dengan kontribusi SHAP sekitar 4.8814.
- Nilai tender bernilai 25.1527 dan meningkatkan skor risiko dengan kontribusi SHAP sekitar 4.4133.
- Waktu publikasi pada kuartal iv bernilai 0 dan menurunkan skor risiko dengan kontribusi SHAP sekitar 1.7475.",2,medium,Draft AI review: risiko didukung oleh lonjakan nilai tender relatif terhadap histori buyer dan nilai tender yang besar.,yes,3,yes,Draft AI review: penjelasan tampak cukup membantu untuk prioritisasi audit awal.,ai_prefill_draft,AI-assisted draft only. Human reviewers must verify/edit before treating as reviewed evidence.
381,test,3744,stratified_predicted_high_risk,ocds-20h3g7-4760298,Penanganan Long Segment Jalan Balai Karangan - Keladang II,2023-03-17 00:00:00+00:00,Pemerintah Daerah Kabupaten Sanggau,cemara,13519098042.3,13450000000.0,2,2,High Risk,0.70113,0.090413,0.208457,0.70113,0.793106,f_tender_value_zscore_buyer=4.9644 | f_tender_value_log=4.7579 | f_buyer_supplier_repeat_count=-1.7870,"Model mengklasifikasikan paket ini sebagai **High Risk** dengan probabilitas 99.99%.
Faktor yang paling memengaruhi prediksi adalah:
- F tender value zscore buyer bernilai 8.0581 dan meningkatkan skor risiko dengan kontribusi SHAP sekitar 4.9644.
- Nilai tender bernilai 23.3274 dan meningkatkan skor risiko dengan kontribusi SHAP sekitar 4.7579.
- Frekuensi hubungan buyer-supplier berulang bernilai 0 dan menurunkan skor risiko dengan kontribusi SHAP sekitar 1.7870.",2,medium,Draft AI review: risiko didukung oleh lonjakan nilai tender relatif terhadap histori buyer dan nilai tender yang besar.,yes,3,yes,Draft AI review: penjelasan tampak cukup membantu untuk prioritisasi audit awal.,ai_prefill_draft,AI-assisted draft only. Human reviewers must verify/edit before treating as reviewed evidence.
382,test,3747,stratified_predicted_high_risk,ocds-20h3g7-4759298,Penanganan Long Segment Jalan Semuntai - Kedukul,2023-03-17 00:00:00+00:00,Pemerintah Daerah Kabupaten Sanggau,PT.ANEKA SARANA,19303792799.23,19072161147.31,2,2,High Risk,0.716065,0.085419,0.198516,0.716065,0.77028,f_tender_value_zscore_buyer=5.0760 | f_tender_value_log=4.7635 | f_buyer_supplier_repeat_count=-1.7723,"Model mengklasifikasikan paket ini sebagai **High Risk** dengan probabilitas 99.99%.
Faktor yang paling memengaruhi prediksi adalah:
- F tender value zscore buyer bernilai 4.7758 dan meningkatkan skor risiko dengan kontribusi SHAP sekitar 5.0760.
- Nilai tender bernilai 23.6836 dan meningkatkan skor risiko dengan kontribusi SHAP sekitar 4.7635.
- Frekuensi hubungan buyer-supplier berulang bernilai 0 dan menurunkan skor risiko dengan kontribusi SHAP sekitar 1.7723.",2,medium,Draft AI review: risiko didukung oleh lonjakan nilai tender relatif terhadap histori buyer dan nilai tender yang besar.,yes,3,yes,Draft AI review: penjelasan tampak cukup membantu untuk prioritisasi audit awal.,ai_prefill_draft,AI-assisted draft only. Human reviewers must verify/edit before treating as reviewed evidence.
383,test,3792,stratified_predicted_high_risk,ocds-20h3g7-18191035,Revitalisasi Anjungan TMII Jakarta,2023-03-17 00:00:00+00:00,Pemerintah Daerah Provinsi Kalimantan Timur,PT.GENTHAS TRI JAYA,15697354000.0,15050500000.0,2,2,High Risk,0.723062,0.076852,0.200087,0.723062,0.753593,f_tender_value_zscore_buyer=5.1226 | f_tender_value_log=4.6517 | f_buyer_supplier_repeat_count=-1.7879,"Model mengklasifikasikan paket ini sebagai **High Risk** dengan probabilitas 99.99%.
Faktor yang paling memengaruhi prediksi adalah:
- F tender value zscore buyer bernilai 49.8019 dan meningkatkan skor risiko dengan kontribusi SHAP sekitar 5.1226.
- Nilai tender bernilai 23.4768 dan meningkatkan skor risiko dengan kontribusi SHAP sekitar 4.6517.
- Frekuensi hubungan buyer-supplier berulang bernilai 0 dan menurunkan skor risiko dengan kontribusi SHAP sekitar 1.7879.",2,medium,Draft AI review: risiko didukung oleh lonjakan nilai tender relatif terhadap histori buyer dan nilai tender yang besar.,yes,3,yes,Draft AI review: penjelasan tampak cukup membantu untuk prioritisasi audit awal.,ai_prefill_draft,AI-assisted draft only. Human reviewers must verify/edit before treating as reviewed evidence.
384,test,3794,stratified_predicted_high_risk,ocds-20h3g7-4611322,Rekonstruksi Jalan Pujon - Jangkang,2023-03-17 00:00:00+00:00,Pemerintah Daerah Kabupaten Kapuas,PT.ARGO SANJOYO ADHITAMA,24400000000.0,20000000000.0,2,2,High Risk,0.732119,0.072374,0.195507,0.732119,0.737429,f_tender_value_zscore_buyer=5.1038 | f_tender_value_log=4.6908 | f_is_q4=-1.7476,"Model mengklasifikasikan paket ini sebagai **High Risk** dengan probabilitas 99.99%.
Faktor yang paling memengaruhi prediksi adalah:
- F tender value zscore buyer bernilai 35.8579 dan meningkatkan skor risiko dengan kontribusi SHAP sekitar 5.1038.
- Nilai tender bernilai 23.9178 dan meningkatkan skor risiko dengan kontribusi SHAP sekitar 4.6908.
- Waktu publikasi pada kuartal iv bernilai 0 dan menurunkan skor risiko dengan kontribusi SHAP sekitar 1.7476.",2,medium,Draft AI review: risiko didukung oleh lonjakan nilai tender relatif terhadap histori buyer dan nilai tender yang besar.,yes,3,yes,Draft AI review: penjelasan tampak cukup membantu untuk prioritisasi audit awal.,ai_prefill_draft,AI-assisted draft only. Human reviewers must verify/edit before treating as reviewed evidence.
385,test,4236,stratified_predicted_high_risk,ocds-20h3g7-4761249,Semenisasi Jalan Bata RT. 12 Kelurahan Melak Ulu,2023-03-18 00:00:00+00:00,Pemerintah Daerah Kabupaten Kutai Barat,CV.GEBY,428260850.0,406646600.66,2,2,High Risk,0.715398,0.091048,0.193553,0.715398,0.775637,f_supplier_recent_90d_award_count=4.2817 | f_buyer_supplier_repeat_count=4.1511 | f_is_q4=-1.7641,"Model mengklasifikasikan paket ini sebagai **High Risk** dengan probabilitas 99.99%.
Faktor yang paling memengaruhi prediksi adalah:
- F supplier recent 90d award count bernilai 4 dan meningkatkan skor risiko dengan kontribusi SHAP sekitar 4.2817.
- Frekuensi hubungan buyer-supplier berulang bernilai 4 dan meningkatkan skor risiko dengan kontribusi SHAP sekitar 4.1511.
- Waktu publikasi pada kuartal iv bernilai 0 dan menurunkan skor risiko dengan kontribusi SHAP sekitar 1.7641.",2,medium,Draft AI review: risiko didukung oleh lonjakan kemenangan supplier dalam 90 hari dan hubungan buyer-supplier yang berulang.,yes,3,yes,Draft AI review: penjelasan tampak cukup membantu untuk prioritisasi audit awal.,ai_prefill_draft,AI-assisted draft only. Human reviewers must verify/edit before treating as reviewed evidence.
386,test,4326,stratified_predicted_high_risk,ocds-20h3g7-19503170,Pembangunan Gedung Laboratorium Terpadu SBSN,2023-03-19 00:00:00+00:00,Kementerian Agama,PT. KARSA BAYU BANGUN PERKASA,70467698000.0,64108923063.36,2,2,High Risk,0.706524,0.08358,0.209896,0.706524,0.780564,f_tender_value_zscore_buyer=5.0448 | f_tender_value_log=4.7415 | f_buyer_supplier_repeat_count=-1.7854,"Model mengklasifikasikan paket ini sebagai **High Risk** dengan probabilitas 99.99%.
Faktor yang paling memengaruhi prediksi adalah:
- F tender value zscore buyer bernilai 25.2369 dan meningkatkan skor risiko dengan kontribusi SHAP sekitar 5.0448.
- Nilai tender bernilai 24.9784 dan meningkatkan skor risiko dengan kontribusi SHAP sekitar 4.7415.
- Frekuensi hubungan buyer-supplier berulang bernilai 0 dan menurunkan skor risiko dengan kontribusi SHAP sekitar 1.7854.",2,medium,Draft AI review: risiko didukung oleh lonjakan nilai tender relatif terhadap histori buyer dan nilai tender yang besar.,yes,3,yes,Draft AI review: penjelasan tampak cukup membantu untuk prioritisasi audit awal.,ai_prefill_draft,AI-assisted draft only. Human reviewers must verify/edit before treating as reviewed evidence.
387,test,4338,stratified_predicted_high_risk,ocds-20h3g7-4398147,Pembangunan Bus Air Ro-Ro Kabupaten Karimun,2023-03-19 00:00:00+00:00,Pemerintah Daerah Kabupaten Karimun,PT. CAHAYA ANGGUN SEGARA,10090900000.0,9584592480.0,2,2,High Risk,0.6803,0.087022,0.232678,0.6803,0.813806,f_tender_value_zscore_buyer=4.9818 | f_tender_value_log=4.4230 | f_buyer_supplier_repeat_count=-1.8992,"Model mengklasifikasikan paket ini sebagai **High Risk** dengan probabilitas 99.97%.
Faktor yang paling memengaruhi prediksi adalah:
- F tender value zscore buyer bernilai 2.0788 dan meningkatkan skor risiko dengan kontribusi SHAP sekitar 4.9818.
- Nilai tender bernilai 23.0349 dan meningkatkan skor risiko dengan kontribusi SHAP sekitar 4.4230.
- Frekuensi hubungan buyer-supplier berulang bernilai 0 dan menurunkan skor risiko dengan kontribusi SHAP sekitar 1.8992.",2,low,Draft AI review: risiko didukung oleh lonjakan nilai tender relatif terhadap histori buyer dan nilai tender yang besar.,yes,2,yes,Draft AI review: penjelasan tampak cukup membantu untuk prioritisasi audit awal.,ai_prefill_draft,AI-assisted draft only. Human reviewers must verify/edit before treating as reviewed evidence.
388,test,4453,stratified_predicted_high_risk,ocds-20h3g7-39568352,Aplikasi Monitoring Lahan TPU Kabupaten Bekasi,2023-03-20 00:00:00+00:00,Pemerintah Daerah Kabupaten Bekasi,PT. Gumilang Sajati,497596000.0,482517000.0,2,2,High Risk,0.713925,0.08828,0.197795,0.713925,0.775384,f_buyer_supplier_repeat_count=4.1456 | f_supplier_recent_90d_award_count=4.1178 | f_is_q4=-1.7421,"Model mengklasifikasikan paket ini sebagai **High Risk** dengan probabilitas 99.99%.
Faktor yang paling memengaruhi prediksi adalah:
- Frekuensi hubungan buyer-supplier berulang bernilai 2 dan meningkatkan skor risiko dengan kontribusi SHAP sekitar 4.1456.
- F supplier recent 90d award count bernilai 8 dan meningkatkan skor risiko dengan kontribusi SHAP sekitar 4.1178.
- Waktu publikasi pada kuartal iv bernilai 0 dan menurunkan skor risiko dengan kontribusi SHAP sekitar 1.7421.",2,medium,Draft AI review: risiko didukung oleh hubungan buyer-supplier yang berulang dan lonjakan kemenangan supplier dalam 90 hari.,yes,3,yes,Draft AI review: penjelasan tampak cukup membantu untuk prioritisasi audit awal.,ai_prefill_draft,AI-assisted draft only. Human reviewers must verify/edit before treating as reviewed evidence.
389,test,4467,stratified_predicted_high_risk,ocds-20h3g7-45696047,KEBUTUHAN REAGEN CATRIDGE I STAT EG7+ DLL UNTUK INSTALASI LABORATORIUM KLINIK TA 2023,2023-03-20 00:00:00+00:00,Kementerian Kesehatan,PT.BIOGEN SCIENTIFIC,112639527789.93,12286572600.0,2,2,High Risk,0.646881,0.089484,0.263635,0.646881,0.849239,f_price_deviation_ratio=5.0395 | f_tender_value_zscore_buyer=4.4494 | f_tender_value_log=3.4534,"Model mengklasifikasikan paket ini sebagai **High Risk** dengan probabilitas 99.87%.
Faktor yang paling memengaruhi prediksi adalah:
- Rasio deviasi harga terhadap nilai tender bernilai 0.1091 dan meningkatkan skor risiko dengan kontribusi SHAP sekitar 5.0395.
- F tender value zscore buyer bernilai 48.1783 dan meningkatkan skor risiko dengan kontribusi SHAP sekitar 4.4494.
- Nilai tender bernilai 25.4475 dan meningkatkan skor risiko dengan kontribusi SHAP sekitar 3.4534.",2,low,Draft AI review: risiko didukung oleh deviasi harga tender-award dan lonjakan nilai tender relatif terhadap histori buyer.,yes,2,yes,Draft AI review: penjelasan tampak cukup membantu untuk prioritisasi audit awal.,ai_prefill_draft,AI-assisted draft only. Human reviewers must verify/edit before treating as reviewed evidence.
390,test,4492,stratified_predicted_high_risk,ocds-20h3g7-2472056,PEMBANGUNAN GUDANG KPU KABUPATEN BALANGAN,2023-03-20 00:00:00+00:00,Pemerintah Daerah Kabupaten Balangan,PRATAMA AMANAT SEJAHTERA,5299848884.56,4239879108.0,2,2,High Risk,0.660165,0.090177,0.249657,0.660165,0.837549,f_tender_value_zscore_buyer=4.9127 | f_tender_value_log=4.3918 | f_is_q4=-1.7995,"Model mengklasifikasikan paket ini sebagai **High Risk** dengan probabilitas 99.93%.
Faktor yang paling memengaruhi prediksi adalah:
- F tender value zscore buyer bernilai 5.8764 dan meningkatkan skor risiko dengan kontribusi SHAP sekitar 4.9127.
- Nilai tender bernilai 22.3909 dan meningkatkan skor risiko dengan kontribusi SHAP sekitar 4.3918.
- Waktu publikasi pada kuartal iv bernilai 0 dan menurunkan skor risiko dengan kontribusi SHAP sekitar 1.7995.",2,low,Draft AI review: risiko didukung oleh lonjakan nilai tender relatif terhadap histori buyer dan nilai tender yang besar.,yes,2,yes,Draft AI review: penjelasan tampak cukup membantu untuk prioritisasi audit awal.,ai_prefill_draft,AI-assisted draft only. Human reviewers must verify/edit before treating as reviewed evidence.
391,test,4602,stratified_predicted_high_risk,ocds-20h3g7-24311638,Pembangunan Rumdis SBSN Korem Nabire (12 KK) dan Prasarana,2023-03-20 00:00:00+00:00,Kementerian Pertahanan,PT. CAHAYA BINA KARYA PAPUA,7087500000.0,7082150000.0,2,2,High Risk,0.634654,0.105646,0.2597,0.634654,0.876153,f_tender_value_log=4.0319 | f_buyer_supplier_repeat_count=3.7901 | f_is_q4=-2.0874,"Model mengklasifikasikan paket ini sebagai **High Risk** dengan probabilitas 99.87%.
Faktor yang paling memengaruhi prediksi adalah:
- Nilai tender bernilai 22.6816 dan meningkatkan skor risiko dengan kontribusi SHAP sekitar 4.0319.
- Frekuensi hubungan buyer-supplier berulang bernilai 2 dan meningkatkan skor risiko dengan kontribusi SHAP sekitar 3.7901.
- Waktu publikasi pada kuartal iv bernilai 0 dan menurunkan skor risiko dengan kontribusi SHAP sekitar 2.0874.",2,low,Draft AI review: risiko didukung oleh nilai tender yang besar dan hubungan buyer-supplier yang berulang.,yes,2,yes,Draft AI review: penjelasan tampak cukup membantu untuk prioritisasi audit awal.,ai_prefill_draft,AI-assisted draft only. Human reviewers must verify/edit before treating as reviewed evidence.
392,test,4615,stratified_predicted_high_risk,ocds-20h3g7-4640404,Belanja Modal Bangunan Industri - Pembangunan Sentra IKM,2023-03-20 00:00:00+00:00,Pemerintah Daerah Kabupaten Sidenreng Rappang,CV. SUMARNI JAYA MANDIRI,10974943000.0,10935890000.0,2,2,High Risk,0.649268,0.100435,0.250297,0.649268,0.857937,f_tender_value_zscore_buyer=4.8471 | f_tender_value_log=4.5064 | f_is_q4=-1.8612,"Model mengklasifikasikan paket ini sebagai **High Risk** dengan probabilitas 99.92%.
Faktor yang paling memengaruhi prediksi adalah:
- F tender value zscore buyer bernilai 2.5648 dan meningkatkan skor risiko dengan kontribusi SHAP sekitar 4.8471.
- Nilai tender bernilai 23.1189 dan meningkatkan skor risiko dengan kontribusi SHAP sekitar 4.5064.
- Waktu publikasi pada kuartal iv bernilai 0 dan menurunkan skor risiko dengan kontribusi SHAP sekitar 1.8612.",2,low,Draft AI review: risiko didukung oleh lonjakan nilai tender relatif terhadap histori buyer dan nilai tender yang besar.,yes,2,yes,Draft AI review: penjelasan tampak cukup membantu untuk prioritisasi audit awal.,ai_prefill_draft,AI-assisted draft only. Human reviewers must verify/edit before treating as reviewed evidence.
393,test,5136,stratified_predicted_high_risk,ocds-20h3g7-11385122,",Pelebaran Jalan Sekapuk - Banyuurip",2023-03-21 00:00:00+00:00,Pemerintah Daerah Kabupaten Gresik,PUTRA MANDIRI ABADI,14200183018.3,11360146414.41,2,2,High Risk,0.691217,0.084774,0.22401,0.691217,0.799603,f_tender_value_zscore_buyer=5.1153 | f_tender_value_log=4.4553 | f_is_q4=-1.8398,"Model mengklasifikasikan paket ini sebagai **High Risk** dengan probabilitas 99.98%.
Faktor yang paling memengaruhi prediksi adalah:
- F tender value zscore buyer bernilai 7.4011 dan meningkatkan skor risiko dengan kontribusi SHAP sekitar 5.1153.
- Nilai tender bernilai 23.3765 dan meningkatkan skor risiko dengan kontribusi SHAP sekitar 4.4553.
- Waktu publikasi pada kuartal iv bernilai 0 dan menurunkan skor risiko dengan kontribusi SHAP sekitar 1.8398.",2,low,Draft AI review: risiko didukung oleh lonjakan nilai tender relatif terhadap histori buyer dan nilai tender yang besar.,yes,2,yes,Draft AI review: penjelasan tampak cukup membantu untuk prioritisasi audit awal.,ai_prefill_draft,AI-assisted draft only. Human reviewers must verify/edit before treating as reviewed evidence.
394,test,5171,stratified_predicted_high_risk,ocds-20h3g7-4041645,",PAKET II (DAU)",2023-03-21 00:00:00+00:00,Pemerintah Daerah Kabupaten Agam,PT. CITRA MUDA NOER BERSAUDARA,7486042800.0,7068071093.94,2,2,High Risk,0.491016,0.129185,0.379799,0.491016,0.981316,f_title_length=4.4258 | f_tender_value_log=3.3493 | f_is_q4=-2.2184,"Model mengklasifikasikan paket ini sebagai **High Risk** dengan probabilitas 87.10%.
Faktor yang paling memengaruhi prediksi adalah:
- Panjang judul tender bernilai 15 dan meningkatkan skor risiko dengan kontribusi SHAP sekitar 4.4258.
- Nilai tender bernilai 22.7363 dan meningkatkan skor risiko dengan kontribusi SHAP sekitar 3.3493.
- Waktu publikasi pada kuartal iv bernilai 0 dan menurunkan skor risiko dengan kontribusi SHAP sekitar 2.2184.",2,low,Draft AI review: risiko didukung oleh judul tender yang terlalu singkat dan nilai tender yang besar.,yes,2,yes,Draft AI review: penjelasan tampak cukup membantu untuk prioritisasi audit awal.,ai_prefill_draft,AI-assisted draft only. Human reviewers must verify/edit before treating as reviewed evidence.
395,test,5198,stratified_predicted_high_risk,ocds-20h3g7-6691052,Pemasangan Lift Gedung Kompleks Perkantoran,2023-03-21 00:00:00+00:00,Pemerintah Daerah Kabupaten Paser,cv.ogie jaya madani,11184108000.0,11100624000.0,2,2,High Risk,0.712537,0.079699,0.207764,0.712537,0.769565,f_tender_value_zscore_buyer=5.0851 | f_tender_value_log=4.6023 | f_buyer_supplier_repeat_count=-1.7877,"Model mengklasifikasikan paket ini sebagai **High Risk** dengan probabilitas 99.99%.
Faktor yang paling memengaruhi prediksi adalah:
- F tender value zscore buyer bernilai 67.5154 dan meningkatkan skor risiko dengan kontribusi SHAP sekitar 5.0851.
- Nilai tender bernilai 23.1378 dan meningkatkan skor risiko dengan kontribusi SHAP sekitar 4.6023.
- Frekuensi hubungan buyer-supplier berulang bernilai 0 dan menurunkan skor risiko dengan kontribusi SHAP sekitar 1.7877.",2,medium,Draft AI review: risiko didukung oleh lonjakan nilai tender relatif terhadap histori buyer dan nilai tender yang besar.,yes,3,yes,Draft AI review: penjelasan tampak cukup membantu untuk prioritisasi audit awal.,ai_prefill_draft,AI-assisted draft only. Human reviewers must verify/edit before treating as reviewed evidence.
396,test,5231,stratified_predicted_high_risk,ocds-20h3g7-10938181,Pembangunan Tugu Pal Nol Tahap II (Tahun Jamak),2023-03-21 00:00:00+00:00,Pemerintah Daerah Provinsi Kalimantan Selatan,PT. ADHI KARYA (Persero) Tbk,128809709000.0,124945888888.89,2,2,High Risk,0.722491,0.071979,0.20553,0.722491,0.749433,f_tender_value_zscore_buyer=5.1474 | f_tender_value_log=4.5978 | f_buyer_supplier_repeat_count=-1.7642,"Model mengklasifikasikan paket ini sebagai **High Risk** dengan probabilitas 99.99%.
Faktor yang paling memengaruhi prediksi adalah:
- F tender value zscore buyer bernilai 250.2231 dan meningkatkan skor risiko dengan kontribusi SHAP sekitar 5.1474.
- Nilai tender bernilai 25.5816 dan meningkatkan skor risiko dengan kontribusi SHAP sekitar 4.5978.
- Frekuensi hubungan buyer-supplier berulang bernilai 0 dan menurunkan skor risiko dengan kontribusi SHAP sekitar 1.7642.",2,medium,Draft AI review: risiko didukung oleh lonjakan nilai tender relatif terhadap histori buyer dan nilai tender yang besar.,yes,3,yes,Draft AI review: penjelasan tampak cukup membantu untuk prioritisasi audit awal.,ai_prefill_draft,AI-assisted draft only. Human reviewers must verify/edit before treating as reviewed evidence.
397,test,5251,stratified_predicted_high_risk,ocds-20h3g7-2376606,Peningkatan Jalan H. Adam Hoesa,2023-03-21 00:00:00+00:00,Pemerintah Daerah Kabupaten Gorontalo,CV. INDAH JAYA,11494462414.16,9734239527.54,2,2,High Risk,0.686485,0.091119,0.222396,0.686485,0.810845,f_tender_value_zscore_buyer=5.0888 | f_tender_value_log=4.5162 | f_buyer_supplier_repeat_count=-1.8519,"Model mengklasifikasikan paket ini sebagai **High Risk** dengan probabilitas 99.98%.
Faktor yang paling memengaruhi prediksi adalah:
- F tender value zscore buyer bernilai 3.2279 dan meningkatkan skor risiko dengan kontribusi SHAP sekitar 5.0888.
- Nilai tender bernilai 23.1651 dan meningkatkan skor risiko dengan kontribusi SHAP sekitar 4.5162.
- Frekuensi hubungan buyer-supplier berulang bernilai 0 dan menurunkan skor risiko dengan kontribusi SHAP sekitar 1.8519.",2,low,Draft AI review: risiko didukung oleh lonjakan nilai tender relatif terhadap histori buyer dan nilai tender yang besar.,yes,2,yes,Draft AI review: penjelasan tampak cukup membantu untuk prioritisasi audit awal.,ai_prefill_draft,AI-assisted draft only. Human reviewers must verify/edit before treating as reviewed evidence.
398,test,5373,stratified_predicted_high_risk,ocds-20h3g7-24675016,Pelebaran Jalan Menuju Standar Pada Ruas Palembayan CS,2023-03-21 00:00:00+00:00,Pemerintah Daerah Provinsi Sumatera Barat,PT. ERA BANGUN SARANA,6690998999.99,5492570729.9,2,2,High Risk,0.686723,0.080815,0.232462,0.686723,0.800553,f_tender_value_zscore_buyer=4.9692 | f_tender_value_log=4.5588 | f_buyer_supplier_repeat_count=-1.8077,"Model mengklasifikasikan paket ini sebagai **High Risk** dengan probabilitas 99.97%.
Faktor yang paling memengaruhi prediksi adalah:
- F tender value zscore buyer bernilai 3.5447 dan meningkatkan skor risiko dengan kontribusi SHAP sekitar 4.9692.
- Nilai tender bernilai 22.624 dan meningkatkan skor risiko dengan kontribusi SHAP sekitar 4.5588.
- Frekuensi hubungan buyer-supplier berulang bernilai 0 dan menurunkan skor risiko dengan kontribusi SHAP sekitar 1.8077.",2,low,Draft AI review: risiko didukung oleh lonjakan nilai tender relatif terhadap histori buyer dan nilai tender yang besar.,yes,2,yes,Draft AI review: penjelasan tampak cukup membantu untuk prioritisasi audit awal.,ai_prefill_draft,AI-assisted draft only. Human reviewers must verify/edit before treating as reviewed evidence.
399,test,5517,stratified_predicted_high_risk,ocds-20h3g7-4042645,",PAKET III (DAU)",2023-03-21 00:00:00+00:00,Pemerintah Daerah Kabupaten Agam,PT. CITRA MUDA NOER BERSAUDARA,6718373000.0,6383412928.96,2,2,High Risk,0.512911,0.144052,0.343036,0.512911,0.98858,f_title_length=4.3910 | f_tender_value_log=3.3859 | f_is_q4=-2.2378,"Model mengklasifikasikan paket ini sebagai **High Risk** dengan probabilitas 95.21%.
Faktor yang paling memengaruhi prediksi adalah:
- Panjang judul tender bernilai 16 dan meningkatkan skor risiko dengan kontribusi SHAP sekitar 4.3910.
- Nilai tender bernilai 22.6281 dan meningkatkan skor risiko dengan kontribusi SHAP sekitar 3.3859.
- Waktu publikasi pada kuartal iv bernilai 0 dan menurunkan skor risiko dengan kontribusi SHAP sekitar 2.2378.",2,low,Draft AI review: risiko didukung oleh judul tender yang terlalu singkat dan nilai tender yang besar.,yes,2,yes,Draft AI review: penjelasan tampak cukup membantu untuk prioritisasi audit awal.,ai_prefill_draft,AI-assisted draft only. Human reviewers must verify/edit before treating as reviewed evidence.
400,test,5524,stratified_predicted_high_risk,ocds-20h3g7-7172331,Peningkatan Jalan Syahbandar Kec. Muara sabak timur,2023-03-21 00:00:00+00:00,Pemerintah Daerah Kabupaten Tanjung Jabung Timur,cv.rafka,2019557000.0,1987677738.2,2,2,High Risk,0.569671,0.106582,0.323747,0.569671,0.924292,f_tender_value_zscore_buyer=4.4321 | f_buyer_supplier_repeat_count=3.3667 | f_is_q4=-2.1104,"Model mengklasifikasikan paket ini sebagai **High Risk** dengan probabilitas 98.53%.
Faktor yang paling memengaruhi prediksi adalah:
- F tender value zscore buyer bernilai 2.9341 dan meningkatkan skor risiko dengan kontribusi SHAP sekitar 4.4321.
- Frekuensi hubungan buyer-supplier berulang bernilai 2 dan meningkatkan skor risiko dengan kontribusi SHAP sekitar 3.3667.
- Waktu publikasi pada kuartal iv bernilai 0 dan menurunkan skor risiko dengan kontribusi SHAP sekitar 2.1104.",2,low,Draft AI review: risiko didukung oleh lonjakan nilai tender relatif terhadap histori buyer dan hubungan buyer-supplier yang berulang.,yes,2,yes,Draft AI review: penjelasan tampak cukup membantu untuk prioritisasi audit awal.,ai_prefill_draft,AI-assisted draft only. Human reviewers must verify/edit before treating as reviewed evidence.
401,test,0,stratified_predicted_medium_risk,ocds-20h3g7-RUP-5655694-41620101,Rehabilitasi Berat Rumah Dinas Camat Kecamatan Werinama,2023-03-10 07:38:45+00:00,Pemerintah Daerah Kabupaten Seram Bagian Timur,,,,1,1,Medium Risk,0.728977,0.171764,0.728977,0.099259,0.762315,f_title_length=1.4010 | f_buyer_supplier_repeat_count=0.9220 | f_supplier_recent_90d_award_count=0.5154,"Model mengklasifikasikan paket ini sebagai **Medium Risk** dengan probabilitas 100.00%.
Faktor yang paling memengaruhi prediksi adalah:
- Panjang judul tender bernilai 55 dan meningkatkan skor risiko dengan kontribusi SHAP sekitar 1.4010.
- Frekuensi hubungan buyer-supplier berulang bernilai 0 dan meningkatkan skor risiko dengan kontribusi SHAP sekitar 0.9220.
- F supplier recent 90d award count bernilai 0 dan meningkatkan skor risiko dengan kontribusi SHAP sekitar 0.5154.",1,medium,Draft AI review: risiko didukung oleh judul tender yang terlalu singkat dan hubungan buyer-supplier yang berulang.,yes,3,yes,Draft AI review: penjelasan tampak cukup membantu untuk prioritisasi audit awal.,ai_prefill_draft,AI-assisted draft only. Human reviewers must verify/edit before treating as reviewed evidence.
402,test,1,stratified_predicted_medium_risk,ocds-20h3g7-RUP-4726249-41020597,Semenisasi Jalan dalam Kampung Eheng,2023-03-10 07:38:51+00:00,Pemerintah Daerah Kabupaten Kutai Barat,,,,1,1,Medium Risk,0.733448,0.167451,0.733448,0.099101,0.755697,f_title_length=1.4977 | f_buyer_supplier_repeat_count=0.9315 | f_supplier_recent_90d_award_count=0.5487,"Model mengklasifikasikan paket ini sebagai **Medium Risk** dengan probabilitas 100.00%.
Faktor yang paling memengaruhi prediksi adalah:
- Panjang judul tender bernilai 36 dan meningkatkan skor risiko dengan kontribusi SHAP sekitar 1.4977.
- Frekuensi hubungan buyer-supplier berulang bernilai 0 dan meningkatkan skor risiko dengan kontribusi SHAP sekitar 0.9315.
- F supplier recent 90d award count bernilai 0 dan meningkatkan skor risiko dengan kontribusi SHAP sekitar 0.5487.",1,medium,Draft AI review: risiko didukung oleh judul tender yang terlalu singkat dan hubungan buyer-supplier yang berulang.,yes,3,yes,Draft AI review: penjelasan tampak cukup membantu untuk prioritisasi audit awal.,ai_prefill_draft,AI-assisted draft only. Human reviewers must verify/edit before treating as reviewed evidence.
403,test,2,stratified_predicted_medium_risk,ocds-20h3g7-RUP-2449395-42617407,Pembangunan /Relokasi Pustu Anjani,2023-03-10 07:41:57+00:00,Pemerintah Daerah Kabupaten Lombok Timur,,,,1,1,Medium Risk,0.737172,0.165111,0.737172,0.097717,0.749434,f_title_length=1.5041 | f_buyer_supplier_repeat_count=0.9315 | f_supplier_recent_90d_award_count=0.5555,"Model mengklasifikasikan paket ini sebagai **Medium Risk** dengan probabilitas 100.00%.
Faktor yang paling memengaruhi prediksi adalah:
- Panjang judul tender bernilai 34 dan meningkatkan skor risiko dengan kontribusi SHAP sekitar 1.5041.
- Frekuensi hubungan buyer-supplier berulang bernilai 0 dan meningkatkan skor risiko dengan kontribusi SHAP sekitar 0.9315.
- F supplier recent 90d award count bernilai 0 dan meningkatkan skor risiko dengan kontribusi SHAP sekitar 0.5555.",1,medium,Draft AI review: risiko didukung oleh judul tender yang terlalu singkat dan hubungan buyer-supplier yang berulang.,yes,3,yes,Draft AI review: penjelasan tampak cukup membantu untuk prioritisasi audit awal.,ai_prefill_draft,AI-assisted draft only. Human reviewers must verify/edit before treating as reviewed evidence.
404,test,3,stratified_predicted_medium_risk,ocds-20h3g7-RUP-2450395-42617488,Pembangunan Pustu Desa Rumbuk Timur,2023-03-10 07:41:57+00:00,Pemerintah Daerah Kabupaten Lombok Timur,,,,1,1,Medium Risk,0.731687,0.167125,0.731687,0.101188,0.759369,f_title_length=1.4855 | f_buyer_supplier_repeat_count=0.9313 | f_supplier_recent_90d_award_count=0.5480,"Model mengklasifikasikan paket ini sebagai **Medium Risk** dengan probabilitas 100.00%.
Faktor yang paling memengaruhi prediksi adalah:
- Panjang judul tender bernilai 35 dan meningkatkan skor risiko dengan kontribusi SHAP sekitar 1.4855.
- Frekuensi hubungan buyer-supplier berulang bernilai 0 dan meningkatkan skor risiko dengan kontribusi SHAP sekitar 0.9313.
- F supplier recent 90d award count bernilai 0 dan meningkatkan skor risiko dengan kontribusi SHAP sekitar 0.5480.",1,medium,Draft AI review: risiko didukung oleh judul tender yang terlalu singkat dan hubungan buyer-supplier yang berulang.,yes,3,yes,Draft AI review: penjelasan tampak cukup membantu untuk prioritisasi audit awal.,ai_prefill_draft,AI-assisted draft only. Human reviewers must verify/edit before treating as reviewed evidence.
405,test,4,stratified_predicted_medium_risk,ocds-20h3g7-RUP-2453395-42618051,Pembangunan Pustu Tebaban,2023-03-10 07:41:57+00:00,Pemerintah Daerah Kabupaten Lombok Timur,,,,1,1,Medium Risk,0.73886,0.161946,0.73886,0.099195,0.747641,f_title_length=1.5035 | f_buyer_supplier_repeat_count=0.9348 | f_supplier_recent_90d_award_count=0.5680,"Model mengklasifikasikan paket ini sebagai **Medium Risk** dengan probabilitas 100.00%.
Faktor yang paling memengaruhi prediksi adalah:
- Panjang judul tender bernilai 25 dan meningkatkan skor risiko dengan kontribusi SHAP sekitar 1.5035.
- Frekuensi hubungan buyer-supplier berulang bernilai 0 dan meningkatkan skor risiko dengan kontribusi SHAP sekitar 0.9348.
- F supplier recent 90d award count bernilai 0 dan meningkatkan skor risiko dengan kontribusi SHAP sekitar 0.5680.",1,medium,Draft AI review: risiko didukung oleh judul tender yang terlalu singkat dan hubungan buyer-supplier yang berulang.,yes,3,yes,Draft AI review: penjelasan tampak cukup membantu untuk prioritisasi audit awal.,ai_prefill_draft,AI-assisted draft only. Human reviewers must verify/edit before treating as reviewed evidence.
406,test,5,stratified_predicted_medium_risk,ocds-20h3g7-RUP-2454395-42618571,Pembangunan Pustu Bandok,2023-03-10 07:41:57+00:00,Pemerintah Daerah Kabupaten Lombok Timur,,,,1,1,Medium Risk,0.73886,0.161946,0.73886,0.099195,0.747641,f_title_length=1.5035 | f_buyer_supplier_repeat_count=0.9348 | f_supplier_recent_90d_award_count=0.5680,"Model mengklasifikasikan paket ini sebagai **Medium Risk** dengan probabilitas 100.00%.
Faktor yang paling memengaruhi prediksi adalah:
- Panjang judul tender bernilai 24 dan meningkatkan skor risiko dengan kontribusi SHAP sekitar 1.5035.
- Frekuensi hubungan buyer-supplier berulang bernilai 0 dan meningkatkan skor risiko dengan kontribusi SHAP sekitar 0.9348.
- F supplier recent 90d award count bernilai 0 dan meningkatkan skor risiko dengan kontribusi SHAP sekitar 0.5680.",1,medium,Draft AI review: risiko didukung oleh judul tender yang terlalu singkat dan hubungan buyer-supplier yang berulang.,yes,3,yes,Draft AI review: penjelasan tampak cukup membantu untuk prioritisasi audit awal.,ai_prefill_draft,AI-assisted draft only. Human reviewers must verify/edit before treating as reviewed evidence.
407,test,6,stratified_predicted_medium_risk,ocds-20h3g7-RUP-2451395-42617825,Pembangunan/Relokasi Pustu Kembang Kuning,2023-03-10 07:41:57+00:00,Pemerintah Daerah Kabupaten Lombok Timur,,,,1,1,Medium Risk,0.729818,0.168289,0.729818,0.101893,0.762473,f_title_length=1.4273 | f_buyer_supplier_repeat_count=0.9203 | f_supplier_recent_90d_award_count=0.5405,"Model mengklasifikasikan paket ini sebagai **Medium Risk** dengan probabilitas 100.00%.
Faktor yang paling memengaruhi prediksi adalah:
- Panjang judul tender bernilai 41 dan meningkatkan skor risiko dengan kontribusi SHAP sekitar 1.4273.
- Frekuensi hubungan buyer-supplier berulang bernilai 0 dan meningkatkan skor risiko dengan kontribusi SHAP sekitar 0.9203.
- F supplier recent 90d award count bernilai 0 dan meningkatkan skor risiko dengan kontribusi SHAP sekitar 0.5405.",1,medium,Draft AI review: risiko didukung oleh judul tender yang terlalu singkat dan hubungan buyer-supplier yang berulang.,yes,3,yes,Draft AI review: penjelasan tampak cukup membantu untuk prioritisasi audit awal.,ai_prefill_draft,AI-assisted draft only. Human reviewers must verify/edit before treating as reviewed evidence.
408,test,7,stratified_predicted_medium_risk,ocds-20h3g7-RUP-2452395-42617941,Pembangunan Pustu Sapit,2023-03-10 07:41:57+00:00,Pemerintah Daerah Kabupaten Lombok Timur,,,,1,1,Medium Risk,0.733012,0.161575,0.733012,0.105413,0.75935,f_title_length=1.4255 | f_buyer_supplier_repeat_count=0.9300 | f_supplier_recent_90d_award_count=0.5685,"Model mengklasifikasikan paket ini sebagai **Medium Risk** dengan probabilitas 100.00%.
Faktor yang paling memengaruhi prediksi adalah:
- Panjang judul tender bernilai 23 dan meningkatkan skor risiko dengan kontribusi SHAP sekitar 1.4255.
- Frekuensi hubungan buyer-supplier berulang bernilai 0 dan meningkatkan skor risiko dengan kontribusi SHAP sekitar 0.9300.
- F supplier recent 90d award count bernilai 0 dan meningkatkan skor risiko dengan kontribusi SHAP sekitar 0.5685.",1,medium,Draft AI review: risiko didukung oleh judul tender yang terlalu singkat dan hubungan buyer-supplier yang berulang.,yes,3,yes,Draft AI review: penjelasan tampak cukup membantu untuk prioritisasi audit awal.,ai_prefill_draft,AI-assisted draft only. Human reviewers must verify/edit before treating as reviewed evidence.
409,test,8,stratified_predicted_medium_risk,ocds-20h3g7-RUP-4517674-42652138,Penanganan Long Segment Jalan Apara-Mesiang,2023-03-10 07:43:03+00:00,Pemerintah Daerah Kabupaten Kepulauan Aru,,,,1,1,Medium Risk,0.729271,0.170074,0.729271,0.100654,0.762636,f_title_length=1.4413 | f_buyer_supplier_repeat_count=0.9206 | f_supplier_recent_90d_award_count=0.5332,"Model mengklasifikasikan paket ini sebagai **Medium Risk** dengan probabilitas 100.00%.
Faktor yang paling memengaruhi prediksi adalah:
- Panjang judul tender bernilai 43 dan meningkatkan skor risiko dengan kontribusi SHAP sekitar 1.4413.
- Frekuensi hubungan buyer-supplier berulang bernilai 0 dan meningkatkan skor risiko dengan kontribusi SHAP sekitar 0.9206.
- F supplier recent 90d award count bernilai 0 dan meningkatkan skor risiko dengan kontribusi SHAP sekitar 0.5332.",1,medium,Draft AI review: risiko didukung oleh judul tender yang terlalu singkat dan hubungan buyer-supplier yang berulang.,yes,3,yes,Draft AI review: penjelasan tampak cukup membantu untuk prioritisasi audit awal.,ai_prefill_draft,AI-assisted draft only. Human reviewers must verify/edit before treating as reviewed evidence.
410,test,9,stratified_predicted_medium_risk,ocds-20h3g7-RUP-4497674-42652262,Pengawasan Penanganan Long Segment Jalan Apara-Mesiang,2023-03-10 07:43:03+00:00,Pemerintah Daerah Kabupaten Kepulauan Aru,,,,1,1,Medium Risk,0.72649,0.171889,0.72649,0.101621,0.767172,f_title_length=1.3891 | f_buyer_supplier_repeat_count=0.9217 | f_supplier_recent_90d_award_count=0.5147,"Model mengklasifikasikan paket ini sebagai **Medium Risk** dengan probabilitas 100.00%.
Faktor yang paling memengaruhi prediksi adalah:
- Panjang judul tender bernilai 54 dan meningkatkan skor risiko dengan kontribusi SHAP sekitar 1.3891.
- Frekuensi hubungan buyer-supplier berulang bernilai 0 dan meningkatkan skor risiko dengan kontribusi SHAP sekitar 0.9217.
- F supplier recent 90d award count bernilai 0 dan meningkatkan skor risiko dengan kontribusi SHAP sekitar 0.5147.",1,medium,Draft AI review: risiko didukung oleh judul tender yang terlalu singkat dan hubungan buyer-supplier yang berulang.,yes,3,yes,Draft AI review: penjelasan tampak cukup membantu untuk prioritisasi audit awal.,ai_prefill_draft,AI-assisted draft only. Human reviewers must verify/edit before treating as reviewed evidence.
411,test,13,stratified_predicted_medium_risk,ocds-20h3g7-RUP-5262051-42655199,Pembangunan Gedung Pertemuan (Tahap V),2023-03-10 08:28:00+00:00,Pemerintah Daerah Kabupaten Klaten,,,,1,1,Medium Risk,0.729271,0.170074,0.729271,0.100654,0.762636,f_title_length=1.4394 | f_buyer_supplier_repeat_count=0.9206 | f_supplier_recent_90d_award_count=0.5349,"Model mengklasifikasikan paket ini sebagai **Medium Risk** dengan probabilitas 100.00%.
Faktor yang paling memengaruhi prediksi adalah:
- Panjang judul tender bernilai 38 dan meningkatkan skor risiko dengan kontribusi SHAP sekitar 1.4394.
- Frekuensi hubungan buyer-supplier berulang bernilai 0 dan meningkatkan skor risiko dengan kontribusi SHAP sekitar 0.9206.
- F supplier recent 90d award count bernilai 0 dan meningkatkan skor risiko dengan kontribusi SHAP sekitar 0.5349.",1,medium,Draft AI review: risiko didukung oleh judul tender yang terlalu singkat dan hubungan buyer-supplier yang berulang.,yes,3,yes,Draft AI review: penjelasan tampak cukup membantu untuk prioritisasi audit awal.,ai_prefill_draft,AI-assisted draft only. Human reviewers must verify/edit before treating as reviewed evidence.
412,test,14,stratified_predicted_medium_risk,ocds-20h3g7-RUP-5271051-39337167,Pembangunan Gudang Logistik BPBD,2023-03-10 08:28:00+00:00,Pemerintah Daerah Kabupaten Klaten,,,,1,1,Medium Risk,0.734709,0.165243,0.734709,0.100049,0.754311,f_title_length=1.4977 | f_buyer_supplier_repeat_count=0.9308 | f_supplier_recent_90d_award_count=0.5549,"Model mengklasifikasikan paket ini sebagai **Medium Risk** dengan probabilitas 100.00%.
Faktor yang paling memengaruhi prediksi adalah:
- Panjang judul tender bernilai 32 dan meningkatkan skor risiko dengan kontribusi SHAP sekitar 1.4977.
- Frekuensi hubungan buyer-supplier berulang bernilai 0 dan meningkatkan skor risiko dengan kontribusi SHAP sekitar 0.9308.
- F supplier recent 90d award count bernilai 0 dan meningkatkan skor risiko dengan kontribusi SHAP sekitar 0.5549.",1,medium,Draft AI review: risiko didukung oleh judul tender yang terlalu singkat dan hubungan buyer-supplier yang berulang.,yes,3,yes,Draft AI review: penjelasan tampak cukup membantu untuk prioritisasi audit awal.,ai_prefill_draft,AI-assisted draft only. Human reviewers must verify/edit before treating as reviewed evidence.
413,test,15,stratified_predicted_medium_risk,ocds-20h3g7-RUP-5297051-39476562,Pembangunan Mojayan (lantas),2023-03-10 08:28:00+00:00,Pemerintah Daerah Kabupaten Klaten,,,,1,1,Medium Risk,0.73886,0.161946,0.73886,0.099195,0.747641,f_title_length=1.5023 | f_buyer_supplier_repeat_count=0.9346 | f_supplier_recent_90d_award_count=0.5680,"Model mengklasifikasikan paket ini sebagai **Medium Risk** dengan probabilitas 100.00%.
Faktor yang paling memengaruhi prediksi adalah:
- Panjang judul tender bernilai 28 dan meningkatkan skor risiko dengan kontribusi SHAP sekitar 1.5023.
- Frekuensi hubungan buyer-supplier berulang bernilai 0 dan meningkatkan skor risiko dengan kontribusi SHAP sekitar 0.9346.
- F supplier recent 90d award count bernilai 0 dan meningkatkan skor risiko dengan kontribusi SHAP sekitar 0.5680.",1,medium,Draft AI review: risiko didukung oleh judul tender yang terlalu singkat dan hubungan buyer-supplier yang berulang.,yes,3,yes,Draft AI review: penjelasan tampak cukup membantu untuk prioritisasi audit awal.,ai_prefill_draft,AI-assisted draft only. Human reviewers must verify/edit before treating as reviewed evidence.
414,test,16,stratified_predicted_medium_risk,ocds-20h3g7-RUP-5270051-39338474,Pembangunan Gedung Kecamatan Ceper (Tahap II),2023-03-10 08:28:00+00:00,Pemerintah Daerah Kabupaten Klaten,,,,1,1,Medium Risk,0.727665,0.170405,0.727665,0.10193,0.765634,f_title_length=1.4340 | f_buyer_supplier_repeat_count=0.9203 | f_supplier_recent_90d_award_count=0.5329,"Model mengklasifikasikan paket ini sebagai **Medium Risk** dengan probabilitas 100.00%.
Faktor yang paling memengaruhi prediksi adalah:
- Panjang judul tender bernilai 45 dan meningkatkan skor risiko dengan kontribusi SHAP sekitar 1.4340.
- Frekuensi hubungan buyer-supplier berulang bernilai 0 dan meningkatkan skor risiko dengan kontribusi SHAP sekitar 0.9203.
- F supplier recent 90d award count bernilai 0 dan meningkatkan skor risiko dengan kontribusi SHAP sekitar 0.5329.",1,medium,Draft AI review: risiko didukung oleh judul tender yang terlalu singkat dan hubungan buyer-supplier yang berulang.,yes,3,yes,Draft AI review: penjelasan tampak cukup membantu untuk prioritisasi audit awal.,ai_prefill_draft,AI-assisted draft only. Human reviewers must verify/edit before treating as reviewed evidence.
415,test,17,stratified_predicted_medium_risk,ocds-20h3g7-RUP-5693062-42656516,Konsultan Perencanaan Pembangunan Trotoar TA. 2024,2023-03-10 08:55:59+00:00,Pemerintah Daerah Kota Pontianak,,,,1,1,Medium Risk,0.728977,0.171764,0.728977,0.099259,0.762315,f_title_length=1.3975 | f_buyer_supplier_repeat_count=0.9205 | f_supplier_recent_90d_award_count=0.5263,"Model mengklasifikasikan paket ini sebagai **Medium Risk** dengan probabilitas 100.00%.
Faktor yang paling memengaruhi prediksi adalah:
- Panjang judul tender bernilai 50 dan meningkatkan skor risiko dengan kontribusi SHAP sekitar 1.3975.
- Frekuensi hubungan buyer-supplier berulang bernilai 0 dan meningkatkan skor risiko dengan kontribusi SHAP sekitar 0.9205.
- F supplier recent 90d award count bernilai 0 dan meningkatkan skor risiko dengan kontribusi SHAP sekitar 0.5263.",1,medium,Draft AI review: risiko didukung oleh judul tender yang terlalu singkat dan hubungan buyer-supplier yang berulang.,yes,3,yes,Draft AI review: penjelasan tampak cukup membantu untuk prioritisasi audit awal.,ai_prefill_draft,AI-assisted draft only. Human reviewers must verify/edit before treating as reviewed evidence.
416,test,18,stratified_predicted_medium_risk,ocds-20h3g7-RUP-4292264-41729636,UKL-UPL Pembangunan Sumur Dalam Desa Labangka Barat,2023-03-10 09:05:09+00:00,Pemerintah Daerah Kabupaten Penajam Paser Utara,,,,1,1,Medium Risk,0.7281,0.172708,0.7281,0.099191,0.763542,f_title_length=1.3860 | f_buyer_supplier_repeat_count=0.9211 | f_supplier_recent_90d_award_count=0.5257,"Model mengklasifikasikan paket ini sebagai **Medium Risk** dengan probabilitas 100.00%.
Faktor yang paling memengaruhi prediksi adalah:
- Panjang judul tender bernilai 51 dan meningkatkan skor risiko dengan kontribusi SHAP sekitar 1.3860.
- Frekuensi hubungan buyer-supplier berulang bernilai 0 dan meningkatkan skor risiko dengan kontribusi SHAP sekitar 0.9211.
- F supplier recent 90d award count bernilai 0 dan meningkatkan skor risiko dengan kontribusi SHAP sekitar 0.5257.",1,medium,Draft AI review: risiko didukung oleh judul tender yang terlalu singkat dan hubungan buyer-supplier yang berulang.,yes,3,yes,Draft AI review: penjelasan tampak cukup membantu untuk prioritisasi audit awal.,ai_prefill_draft,AI-assisted draft only. Human reviewers must verify/edit before treating as reviewed evidence.
417,test,19,stratified_predicted_medium_risk,ocds-20h3g7-RUP-3948571-42656965,PERENCANAAN KECAMATAN KADIA - KECAMATAN WUA-WUA,2023-03-10 09:08:19+00:00,Pemerintah Daerah Kota Kendari,,,,1,1,Medium Risk,0.731005,0.170479,0.731005,0.098516,0.758965,f_title_length=1.4462 | f_buyer_supplier_repeat_count=0.9206 | f_supplier_recent_90d_award_count=0.5335,"Model mengklasifikasikan paket ini sebagai **Medium Risk** dengan probabilitas 100.00%.
Faktor yang paling memengaruhi prediksi adalah:
- Panjang judul tender bernilai 47 dan meningkatkan skor risiko dengan kontribusi SHAP sekitar 1.4462.
- Frekuensi hubungan buyer-supplier berulang bernilai 0 dan meningkatkan skor risiko dengan kontribusi SHAP sekitar 0.9206.
- F supplier recent 90d award count bernilai 0 dan meningkatkan skor risiko dengan kontribusi SHAP sekitar 0.5335.",1,medium,Draft AI review: risiko didukung oleh judul tender yang terlalu singkat dan hubungan buyer-supplier yang berulang.,yes,3,yes,Draft AI review: penjelasan tampak cukup membantu untuk prioritisasi audit awal.,ai_prefill_draft,AI-assisted draft only. Human reviewers must verify/edit before treating as reviewed evidence.
418,test,20,stratified_predicted_medium_risk,ocds-20h3g7-RUP-3940571-42656935,PERENCANAAN KECAMATAN MANDONGA - KECAMATAN PUUWATU,2023-03-10 09:08:43+00:00,Pemerintah Daerah Kota Kendari,,,,1,1,Medium Risk,0.72649,0.171889,0.72649,0.101621,0.767172,f_title_length=1.3853 | f_buyer_supplier_repeat_count=0.9203 | f_supplier_recent_90d_award_count=0.5257,"Model mengklasifikasikan paket ini sebagai **Medium Risk** dengan probabilitas 100.00%.
Faktor yang paling memengaruhi prediksi adalah:
- Panjang judul tender bernilai 50 dan meningkatkan skor risiko dengan kontribusi SHAP sekitar 1.3853.
- Frekuensi hubungan buyer-supplier berulang bernilai 0 dan meningkatkan skor risiko dengan kontribusi SHAP sekitar 0.9203.
- F supplier recent 90d award count bernilai 0 dan meningkatkan skor risiko dengan kontribusi SHAP sekitar 0.5257.",1,medium,Draft AI review: risiko didukung oleh judul tender yang terlalu singkat dan hubungan buyer-supplier yang berulang.,yes,3,yes,Draft AI review: penjelasan tampak cukup membantu untuk prioritisasi audit awal.,ai_prefill_draft,AI-assisted draft only. Human reviewers must verify/edit before treating as reviewed evidence.
419,test,45,stratified_predicted_medium_risk,ocds-20h3g7-RUP-2708312-42657493,Belanja Modal Jaringan Listrik Lainnya,2023-03-10 09:19:07+00:00,Pemerintah Daerah Kota Bontang,,,,1,1,Medium Risk,0.729271,0.170074,0.729271,0.100654,0.762636,f_title_length=1.4394 | f_buyer_supplier_repeat_count=0.9206 | f_supplier_recent_90d_award_count=0.5349,"Model mengklasifikasikan paket ini sebagai **Medium Risk** dengan probabilitas 100.00%.
Faktor yang paling memengaruhi prediksi adalah:
- Panjang judul tender bernilai 38 dan meningkatkan skor risiko dengan kontribusi SHAP sekitar 1.4394.
- Frekuensi hubungan buyer-supplier berulang bernilai 0 dan meningkatkan skor risiko dengan kontribusi SHAP sekitar 0.9206.
- F supplier recent 90d award count bernilai 0 dan meningkatkan skor risiko dengan kontribusi SHAP sekitar 0.5349.",1,medium,Draft AI review: risiko didukung oleh judul tender yang terlalu singkat dan hubungan buyer-supplier yang berulang.,yes,3,yes,Draft AI review: penjelasan tampak cukup membantu untuk prioritisasi audit awal.,ai_prefill_draft,AI-assisted draft only. Human reviewers must verify/edit before treating as reviewed evidence.
420,test,51,stratified_predicted_medium_risk,ocds-20h3g7-RUP-5961510-41015780,Pembangunan/Pengadaan Dermaga Apung Pelabuhan Putir Sikan,2023-03-10 09:29:02+00:00,Pemerintah Daerah Kabupaten Murung Raya,,,,1,1,Medium Risk,0.724228,0.174774,0.724228,0.100998,0.770076,f_title_length=1.3276 | f_buyer_supplier_repeat_count=0.8882 | f_supplier_recent_90d_award_count=0.5033,"Model mengklasifikasikan paket ini sebagai **Medium Risk** dengan probabilitas 100.00%.
Faktor yang paling memengaruhi prediksi adalah:
- Panjang judul tender bernilai 57 dan meningkatkan skor risiko dengan kontribusi SHAP sekitar 1.3276.
- Frekuensi hubungan buyer-supplier berulang bernilai 0 dan meningkatkan skor risiko dengan kontribusi SHAP sekitar 0.8882.
- F supplier recent 90d award count bernilai 0 dan meningkatkan skor risiko dengan kontribusi SHAP sekitar 0.5033.",1,medium,Draft AI review: risiko didukung oleh judul tender yang terlalu singkat dan hubungan buyer-supplier yang berulang.,yes,3,yes,Draft AI review: penjelasan tampak cukup membantu untuk prioritisasi audit awal.,ai_prefill_draft,AI-assisted draft only. Human reviewers must verify/edit before treating as reviewed evidence.
421,test,145,stratified_predicted_medium_risk,ocds-20h3g7-RUP-19749170-41606375,Rehab Gedung Kantor Kemenag Kota Banda Aceh,2023-03-10 09:48:15+00:00,Kementerian Agama,,,,1,1,Medium Risk,0.729271,0.170074,0.729271,0.100654,0.762636,f_title_length=1.4411 | f_buyer_supplier_repeat_count=0.9206 | f_supplier_recent_90d_award_count=0.5332,"Model mengklasifikasikan paket ini sebagai **Medium Risk** dengan probabilitas 100.00%.
Faktor yang paling memengaruhi prediksi adalah:
- Panjang judul tender bernilai 43 dan meningkatkan skor risiko dengan kontribusi SHAP sekitar 1.4411.
- Frekuensi hubungan buyer-supplier berulang bernilai 0 dan meningkatkan skor risiko dengan kontribusi SHAP sekitar 0.9206.
- F supplier recent 90d award count bernilai 0 dan meningkatkan skor risiko dengan kontribusi SHAP sekitar 0.5332.",1,medium,Draft AI review: risiko didukung oleh judul tender yang terlalu singkat dan hubungan buyer-supplier yang berulang.,yes,3,yes,Draft AI review: penjelasan tampak cukup membantu untuk prioritisasi audit awal.,ai_prefill_draft,AI-assisted draft only. Human reviewers must verify/edit before treating as reviewed evidence.
422,test,146,stratified_predicted_medium_risk,ocds-20h3g7-RUP-3761721-42659455,Belanja Jasa Konsultansi Perencanaan SD (DAK),2023-03-10 09:50:03+00:00,Pemerintah Daerah Kabupaten Maluku Tengah,,,,1,1,Medium Risk,0.730157,0.170281,0.730157,0.099562,0.760767,f_title_length=1.4462 | f_buyer_supplier_repeat_count=0.9206 | f_supplier_recent_90d_award_count=0.5335,"Model mengklasifikasikan paket ini sebagai **Medium Risk** dengan probabilitas 100.00%.
Faktor yang paling memengaruhi prediksi adalah:
- Panjang judul tender bernilai 45 dan meningkatkan skor risiko dengan kontribusi SHAP sekitar 1.4462.
- Frekuensi hubungan buyer-supplier berulang bernilai 0 dan meningkatkan skor risiko dengan kontribusi SHAP sekitar 0.9206.
- F supplier recent 90d award count bernilai 0 dan meningkatkan skor risiko dengan kontribusi SHAP sekitar 0.5335.",1,medium,Draft AI review: risiko didukung oleh judul tender yang terlalu singkat dan hubungan buyer-supplier yang berulang.,yes,3,yes,Draft AI review: penjelasan tampak cukup membantu untuk prioritisasi audit awal.,ai_prefill_draft,AI-assisted draft only. Human reviewers must verify/edit before treating as reviewed evidence.
423,test,147,stratified_predicted_medium_risk,ocds-20h3g7-RUP-5662694-41641010,Pembangunan Ruang Kelas Baru PAUD UKARSENGAN,2023-03-10 09:55:13+00:00,Pemerintah Daerah Kabupaten Seram Bagian Timur,,,,1,1,Medium Risk,0.727682,0.170842,0.727682,0.101476,0.765375,f_title_length=1.4347 | f_buyer_supplier_repeat_count=0.9211 | f_supplier_recent_90d_award_count=0.5329,"Model mengklasifikasikan paket ini sebagai **Medium Risk** dengan probabilitas 100.00%.
Faktor yang paling memengaruhi prediksi adalah:
- Panjang judul tender bernilai 44 dan meningkatkan skor risiko dengan kontribusi SHAP sekitar 1.4347.
- Frekuensi hubungan buyer-supplier berulang bernilai 0 dan meningkatkan skor risiko dengan kontribusi SHAP sekitar 0.9211.
- F supplier recent 90d award count bernilai 0 dan meningkatkan skor risiko dengan kontribusi SHAP sekitar 0.5329.",1,medium,Draft AI review: risiko didukung oleh judul tender yang terlalu singkat dan hubungan buyer-supplier yang berulang.,yes,3,yes,Draft AI review: penjelasan tampak cukup membantu untuk prioritisasi audit awal.,ai_prefill_draft,AI-assisted draft only. Human reviewers must verify/edit before treating as reviewed evidence.
424,test,149,stratified_predicted_medium_risk,ocds-20h3g7-RUP-11440418-42627603,Pengadaan Pedestrian Rumah Sakit,2023-03-10 09:58:29+00:00,Pemerintah Daerah Kabupaten Cianjur,,,,1,1,Medium Risk,0.734709,0.165243,0.734709,0.100049,0.754311,f_title_length=1.4977 | f_buyer_supplier_repeat_count=0.9308 | f_supplier_recent_90d_award_count=0.5549,"Model mengklasifikasikan paket ini sebagai **Medium Risk** dengan probabilitas 100.00%.
Faktor yang paling memengaruhi prediksi adalah:
- Panjang judul tender bernilai 32 dan meningkatkan skor risiko dengan kontribusi SHAP sekitar 1.4977.
- Frekuensi hubungan buyer-supplier berulang bernilai 0 dan meningkatkan skor risiko dengan kontribusi SHAP sekitar 0.9308.
- F supplier recent 90d award count bernilai 0 dan meningkatkan skor risiko dengan kontribusi SHAP sekitar 0.5549.",1,medium,Draft AI review: risiko didukung oleh judul tender yang terlalu singkat dan hubungan buyer-supplier yang berulang.,yes,3,yes,Draft AI review: penjelasan tampak cukup membantu untuk prioritisasi audit awal.,ai_prefill_draft,AI-assisted draft only. Human reviewers must verify/edit before treating as reviewed evidence.
425,test,150,stratified_predicted_medium_risk,ocds-20h3g7-RUP-11499418-42623949,Pengadaan Rehabilitasi Ruang PICU / NICU,2023-03-10 09:58:29+00:00,Pemerintah Daerah Kabupaten Cianjur,,,,1,1,Medium Risk,0.726761,0.170193,0.726761,0.103046,0.767513,f_title_length=1.4273 | f_buyer_supplier_repeat_count=0.9203 | f_supplier_recent_90d_award_count=0.5343,"Model mengklasifikasikan paket ini sebagai **Medium Risk** dengan probabilitas 100.00%.
Faktor yang paling memengaruhi prediksi adalah:
- Panjang judul tender bernilai 40 dan meningkatkan skor risiko dengan kontribusi SHAP sekitar 1.4273.
- Frekuensi hubungan buyer-supplier berulang bernilai 0 dan meningkatkan skor risiko dengan kontribusi SHAP sekitar 0.9203.
- F supplier recent 90d award count bernilai 0 dan meningkatkan skor risiko dengan kontribusi SHAP sekitar 0.5343.",1,medium,Draft AI review: risiko didukung oleh judul tender yang terlalu singkat dan hubungan buyer-supplier yang berulang.,yes,3,yes,Draft AI review: penjelasan tampak cukup membantu untuk prioritisasi audit awal.,ai_prefill_draft,AI-assisted draft only. Human reviewers must verify/edit before treating as reviewed evidence.
426,test,172,stratified_predicted_medium_risk,ocds-20h3g7-RUP-8196256-38595869,Pembangunan Masjid Tempeh Tengah,2023-03-10 10:27:14+00:00,Pemerintah Daerah Kabupaten Lumajang,,,,1,1,Medium Risk,0.737172,0.165111,0.737172,0.097717,0.749434,f_title_length=1.5099 | f_buyer_supplier_repeat_count=0.9311 | f_supplier_recent_90d_award_count=0.5555,"Model mengklasifikasikan paket ini sebagai **Medium Risk** dengan probabilitas 100.00%.
Faktor yang paling memengaruhi prediksi adalah:
- Panjang judul tender bernilai 32 dan meningkatkan skor risiko dengan kontribusi SHAP sekitar 1.5099.
- Frekuensi hubungan buyer-supplier berulang bernilai 0 dan meningkatkan skor risiko dengan kontribusi SHAP sekitar 0.9311.
- F supplier recent 90d award count bernilai 0 dan meningkatkan skor risiko dengan kontribusi SHAP sekitar 0.5555.",1,medium,Draft AI review: risiko didukung oleh judul tender yang terlalu singkat dan hubungan buyer-supplier yang berulang.,yes,3,yes,Draft AI review: penjelasan tampak cukup membantu untuk prioritisasi audit awal.,ai_prefill_draft,AI-assisted draft only. Human reviewers must verify/edit before treating as reviewed evidence.
427,test,173,stratified_predicted_medium_risk,ocds-20h3g7-RUP-8196256-38595178,Pembangunan Gereja Tempeh Tengah,2023-03-10 10:28:30+00:00,Pemerintah Daerah Kabupaten Lumajang,,,,1,1,Medium Risk,0.736812,0.165716,0.736812,0.097472,0.749843,f_title_length=1.4977 | f_buyer_supplier_repeat_count=0.9316 | f_supplier_recent_90d_award_count=0.5549,"Model mengklasifikasikan paket ini sebagai **Medium Risk** dengan probabilitas 100.00%.
Faktor yang paling memengaruhi prediksi adalah:
- Panjang judul tender bernilai 32 dan meningkatkan skor risiko dengan kontribusi SHAP sekitar 1.4977.
- Frekuensi hubungan buyer-supplier berulang bernilai 0 dan meningkatkan skor risiko dengan kontribusi SHAP sekitar 0.9316.
- F supplier recent 90d award count bernilai 0 dan meningkatkan skor risiko dengan kontribusi SHAP sekitar 0.5549.",1,medium,Draft AI review: risiko didukung oleh judul tender yang terlalu singkat dan hubungan buyer-supplier yang berulang.,yes,3,yes,Draft AI review: penjelasan tampak cukup membantu untuk prioritisasi audit awal.,ai_prefill_draft,AI-assisted draft only. Human reviewers must verify/edit before treating as reviewed evidence.
428,test,175,stratified_predicted_medium_risk,ocds-20h3g7-RUP-9782070-42658783,Pembuatan Drainase di UPTD Kuala Tungkal,2023-03-10 10:32:00+00:00,Pemerintah Daerah Provinsi Jambi,,,,1,1,Medium Risk,0.726761,0.170193,0.726761,0.103046,0.767513,f_title_length=1.4273 | f_buyer_supplier_repeat_count=0.9203 | f_supplier_recent_90d_award_count=0.5343,"Model mengklasifikasikan paket ini sebagai **Medium Risk** dengan probabilitas 100.00%.
Faktor yang paling memengaruhi prediksi adalah:
- Panjang judul tender bernilai 40 dan meningkatkan skor risiko dengan kontribusi SHAP sekitar 1.4273.
- Frekuensi hubungan buyer-supplier berulang bernilai 0 dan meningkatkan skor risiko dengan kontribusi SHAP sekitar 0.9203.
- F supplier recent 90d award count bernilai 0 dan meningkatkan skor risiko dengan kontribusi SHAP sekitar 0.5343.",1,medium,Draft AI review: risiko didukung oleh judul tender yang terlalu singkat dan hubungan buyer-supplier yang berulang.,yes,3,yes,Draft AI review: penjelasan tampak cukup membantu untuk prioritisasi audit awal.,ai_prefill_draft,AI-assisted draft only. Human reviewers must verify/edit before treating as reviewed evidence.
429,test,176,stratified_predicted_medium_risk,ocds-20h3g7-RUP-4805559-42661861,Pembangunan Puskesmas Furwagi (DAK FISIK),2023-03-10 10:33:22+00:00,Pemerintah Daerah Kabupaten Fak-Fak,,,,1,1,Medium Risk,0.729271,0.170074,0.729271,0.100654,0.762636,f_title_length=1.4394 | f_buyer_supplier_repeat_count=0.9206 | f_supplier_recent_90d_award_count=0.5342,"Model mengklasifikasikan paket ini sebagai **Medium Risk** dengan probabilitas 100.00%.
Faktor yang paling memengaruhi prediksi adalah:
- Panjang judul tender bernilai 41 dan meningkatkan skor risiko dengan kontribusi SHAP sekitar 1.4394.
- Frekuensi hubungan buyer-supplier berulang bernilai 0 dan meningkatkan skor risiko dengan kontribusi SHAP sekitar 0.9206.
- F supplier recent 90d award count bernilai 0 dan meningkatkan skor risiko dengan kontribusi SHAP sekitar 0.5342.",1,medium,Draft AI review: risiko didukung oleh judul tender yang terlalu singkat dan hubungan buyer-supplier yang berulang.,yes,3,yes,Draft AI review: penjelasan tampak cukup membantu untuk prioritisasi audit awal.,ai_prefill_draft,AI-assisted draft only. Human reviewers must verify/edit before treating as reviewed evidence.
430,test,180,stratified_predicted_medium_risk,ocds-20h3g7-RUP-3469444-42662167,Penyusunan DED  SPAM IKK Sungai Raya,2023-03-10 10:39:16+00:00,Pemerintah Daerah Kabupaten Bengkayang,,,,1,1,Medium Risk,0.733448,0.167451,0.733448,0.099101,0.755697,f_title_length=1.4977 | f_buyer_supplier_repeat_count=0.9315 | f_supplier_recent_90d_award_count=0.5487,"Model mengklasifikasikan paket ini sebagai **Medium Risk** dengan probabilitas 100.00%.
Faktor yang paling memengaruhi prediksi adalah:
- Panjang judul tender bernilai 36 dan meningkatkan skor risiko dengan kontribusi SHAP sekitar 1.4977.
- Frekuensi hubungan buyer-supplier berulang bernilai 0 dan meningkatkan skor risiko dengan kontribusi SHAP sekitar 0.9315.
- F supplier recent 90d award count bernilai 0 dan meningkatkan skor risiko dengan kontribusi SHAP sekitar 0.5487.",1,medium,Draft AI review: risiko didukung oleh judul tender yang terlalu singkat dan hubungan buyer-supplier yang berulang.,yes,3,yes,Draft AI review: penjelasan tampak cukup membantu untuk prioritisasi audit awal.,ai_prefill_draft,AI-assisted draft only. Human reviewers must verify/edit before treating as reviewed evidence.
431,test,181,stratified_predicted_medium_risk,ocds-20h3g7-RUP-4807559-42662171,Pembangunan Puskesmas Fakfak Timur Tengah (DAK FISIK),2023-03-10 10:39:25+00:00,Pemerintah Daerah Kabupaten Fak-Fak,,,,1,1,Medium Risk,0.733726,0.169135,0.733726,0.097139,0.754228,f_title_length=1.3901 | f_buyer_supplier_repeat_count=0.9215 | f_supplier_recent_90d_award_count=0.5228,"Model mengklasifikasikan paket ini sebagai **Medium Risk** dengan probabilitas 100.00%.
Faktor yang paling memengaruhi prediksi adalah:
- Panjang judul tender bernilai 53 dan meningkatkan skor risiko dengan kontribusi SHAP sekitar 1.3901.
- Frekuensi hubungan buyer-supplier berulang bernilai 0 dan meningkatkan skor risiko dengan kontribusi SHAP sekitar 0.9215.
- F supplier recent 90d award count bernilai 0 dan meningkatkan skor risiko dengan kontribusi SHAP sekitar 0.5228.",1,medium,Draft AI review: risiko didukung oleh judul tender yang terlalu singkat dan hubungan buyer-supplier yang berulang.,yes,3,yes,Draft AI review: penjelasan tampak cukup membantu untuk prioritisasi audit awal.,ai_prefill_draft,AI-assisted draft only. Human reviewers must verify/edit before treating as reviewed evidence.
432,test,184,stratified_predicted_medium_risk,ocds-20h3g7-RUP-3371317-39147603,Perencanaan Pembangunan Mall Pelayanan Publik Tanah Bumbu,2023-03-10 10:44:34+00:00,Pemerintah Daerah Kabupaten Tanah Bumbu,,,,1,1,Medium Risk,0.724228,0.174774,0.724228,0.100998,0.770076,f_title_length=1.3274 | f_buyer_supplier_repeat_count=0.8882 | f_supplier_recent_90d_award_count=0.5033,"Model mengklasifikasikan paket ini sebagai **Medium Risk** dengan probabilitas 100.00%.
Faktor yang paling memengaruhi prediksi adalah:
- Panjang judul tender bernilai 57 dan meningkatkan skor risiko dengan kontribusi SHAP sekitar 1.3274.
- Frekuensi hubungan buyer-supplier berulang bernilai 0 dan meningkatkan skor risiko dengan kontribusi SHAP sekitar 0.8882.
- F supplier recent 90d award count bernilai 0 dan meningkatkan skor risiko dengan kontribusi SHAP sekitar 0.5033.",1,medium,Draft AI review: risiko didukung oleh judul tender yang terlalu singkat dan hubungan buyer-supplier yang berulang.,yes,3,yes,Draft AI review: penjelasan tampak cukup membantu untuk prioritisasi audit awal.,ai_prefill_draft,AI-assisted draft only. Human reviewers must verify/edit before treating as reviewed evidence.
433,test,189,stratified_predicted_medium_risk,ocds-20h3g7-RUP-3373317-39187093,Perencanaan Pembangunan Pintu Gerbang Batu Ampar - Serongga,2023-03-10 10:46:47+00:00,Pemerintah Daerah Kabupaten Tanah Bumbu,,,,1,1,Medium Risk,0.725286,0.177257,0.725286,0.097457,0.76655,f_title_length=1.2695 | f_buyer_supplier_repeat_count=0.8012 | f_supplier_recent_90d_award_count=0.4817,"Model mengklasifikasikan paket ini sebagai **Medium Risk** dengan probabilitas 100.00%.
Faktor yang paling memengaruhi prediksi adalah:
- Panjang judul tender bernilai 59 dan meningkatkan skor risiko dengan kontribusi SHAP sekitar 1.2695.
- Frekuensi hubungan buyer-supplier berulang bernilai 0 dan meningkatkan skor risiko dengan kontribusi SHAP sekitar 0.8012.
- F supplier recent 90d award count bernilai 0 dan meningkatkan skor risiko dengan kontribusi SHAP sekitar 0.4817.",1,medium,Draft AI review: risiko didukung oleh judul tender yang terlalu singkat dan hubungan buyer-supplier yang berulang.,yes,3,yes,Draft AI review: penjelasan tampak cukup membantu untuk prioritisasi audit awal.,ai_prefill_draft,AI-assisted draft only. Human reviewers must verify/edit before treating as reviewed evidence.
434,test,218,stratified_predicted_medium_risk,ocds-20h3g7-RUP-5725510-42252492,Pembangunan Lanjutan Musholla As-Salam,2023-03-10 10:57:15+00:00,Pemerintah Daerah Kabupaten Murung Raya,,,,1,1,Medium Risk,0.731448,0.169094,0.731448,0.099459,0.758828,f_title_length=1.4280 | f_buyer_supplier_repeat_count=0.9211 | f_supplier_recent_90d_award_count=0.5412,"Model mengklasifikasikan paket ini sebagai **Medium Risk** dengan probabilitas 100.00%.
Faktor yang paling memengaruhi prediksi adalah:
- Panjang judul tender bernilai 38 dan meningkatkan skor risiko dengan kontribusi SHAP sekitar 1.4280.
- Frekuensi hubungan buyer-supplier berulang bernilai 0 dan meningkatkan skor risiko dengan kontribusi SHAP sekitar 0.9211.
- F supplier recent 90d award count bernilai 0 dan meningkatkan skor risiko dengan kontribusi SHAP sekitar 0.5412.",1,medium,Draft AI review: risiko didukung oleh judul tender yang terlalu singkat dan hubungan buyer-supplier yang berulang.,yes,3,yes,Draft AI review: penjelasan tampak cukup membantu untuk prioritisasi audit awal.,ai_prefill_draft,AI-assisted draft only. Human reviewers must verify/edit before treating as reviewed evidence.
435,test,219,stratified_predicted_medium_risk,ocds-20h3g7-RUP-5969510-42252084,Pembangunan Biara KYM St. Yohanes Paulus II,2023-03-10 10:57:15+00:00,Pemerintah Daerah Kabupaten Murung Raya,,,,1,1,Medium Risk,0.726761,0.170193,0.726761,0.103046,0.767513,f_title_length=1.4289 | f_buyer_supplier_repeat_count=0.9203 | f_supplier_recent_90d_award_count=0.5326,"Model mengklasifikasikan paket ini sebagai **Medium Risk** dengan probabilitas 100.00%.
Faktor yang paling memengaruhi prediksi adalah:
- Panjang judul tender bernilai 43 dan meningkatkan skor risiko dengan kontribusi SHAP sekitar 1.4289.
- Frekuensi hubungan buyer-supplier berulang bernilai 0 dan meningkatkan skor risiko dengan kontribusi SHAP sekitar 0.9203.
- F supplier recent 90d award count bernilai 0 dan meningkatkan skor risiko dengan kontribusi SHAP sekitar 0.5326.",1,medium,Draft AI review: risiko didukung oleh judul tender yang terlalu singkat dan hubungan buyer-supplier yang berulang.,yes,3,yes,Draft AI review: penjelasan tampak cukup membantu untuk prioritisasi audit awal.,ai_prefill_draft,AI-assisted draft only. Human reviewers must verify/edit before treating as reviewed evidence.
436,test,221,stratified_predicted_medium_risk,ocds-20h3g7-RUP-7078182-39226524,PENINGKATAN JALAN MANTINGAN - BUGEL,2023-03-10 11:29:27+00:00,LPSE Kabupaten Jepara,,,,1,1,Medium Risk,0.734168,0.166998,0.734168,0.098833,0.754491,f_title_length=1.4977 | f_buyer_supplier_repeat_count=0.9315 | f_supplier_recent_90d_award_count=0.5487,"Model mengklasifikasikan paket ini sebagai **Medium Risk** dengan probabilitas 100.00%.
Faktor yang paling memengaruhi prediksi adalah:
- Panjang judul tender bernilai 35 dan meningkatkan skor risiko dengan kontribusi SHAP sekitar 1.4977.
- Frekuensi hubungan buyer-supplier berulang bernilai 0 dan meningkatkan skor risiko dengan kontribusi SHAP sekitar 0.9315.
- F supplier recent 90d award count bernilai 0 dan meningkatkan skor risiko dengan kontribusi SHAP sekitar 0.5487.",1,medium,Draft AI review: risiko didukung oleh judul tender yang terlalu singkat dan hubungan buyer-supplier yang berulang.,yes,3,yes,Draft AI review: penjelasan tampak cukup membantu untuk prioritisasi audit awal.,ai_prefill_draft,AI-assisted draft only. Human reviewers must verify/edit before treating as reviewed evidence.
437,test,232,stratified_predicted_medium_risk,ocds-20h3g7-RUP-7694093-42321753,Pembangunan Gedung DISPORA,2023-03-10 11:34:56+00:00,Pemerintah Daerah Kabupaten Bandung,,,,1,1,Medium Risk,0.738551,0.163537,0.738551,0.097912,0.747465,f_title_length=1.5157 | f_buyer_supplier_repeat_count=0.9315 | f_supplier_recent_90d_award_count=0.5611,"Model mengklasifikasikan paket ini sebagai **Medium Risk** dengan probabilitas 100.00%.
Faktor yang paling memengaruhi prediksi adalah:
- Panjang judul tender bernilai 26 dan meningkatkan skor risiko dengan kontribusi SHAP sekitar 1.5157.
- Frekuensi hubungan buyer-supplier berulang bernilai 0 dan meningkatkan skor risiko dengan kontribusi SHAP sekitar 0.9315.
- F supplier recent 90d award count bernilai 0 dan meningkatkan skor risiko dengan kontribusi SHAP sekitar 0.5611.",1,medium,Draft AI review: risiko didukung oleh judul tender yang terlalu singkat dan hubungan buyer-supplier yang berulang.,yes,3,yes,Draft AI review: penjelasan tampak cukup membantu untuk prioritisasi audit awal.,ai_prefill_draft,AI-assisted draft only. Human reviewers must verify/edit before treating as reviewed evidence.
438,test,233,stratified_predicted_medium_risk,ocds-20h3g7-RUP-3654299-42665282,Paket Pekerjaan Landscape Ekowisata Cimenteng,2023-03-10 11:50:42+00:00,Pemerintah Daerah Kota Cimahi,,,,1,1,Medium Risk,0.730157,0.170281,0.730157,0.099562,0.760767,f_title_length=1.4462 | f_buyer_supplier_repeat_count=0.9206 | f_supplier_recent_90d_award_count=0.5335,"Model mengklasifikasikan paket ini sebagai **Medium Risk** dengan probabilitas 100.00%.
Faktor yang paling memengaruhi prediksi adalah:
- Panjang judul tender bernilai 45 dan meningkatkan skor risiko dengan kontribusi SHAP sekitar 1.4462.
- Frekuensi hubungan buyer-supplier berulang bernilai 0 dan meningkatkan skor risiko dengan kontribusi SHAP sekitar 0.9206.
- F supplier recent 90d award count bernilai 0 dan meningkatkan skor risiko dengan kontribusi SHAP sekitar 0.5335.",1,medium,Draft AI review: risiko didukung oleh judul tender yang terlalu singkat dan hubungan buyer-supplier yang berulang.,yes,3,yes,Draft AI review: penjelasan tampak cukup membantu untuk prioritisasi audit awal.,ai_prefill_draft,AI-assisted draft only. Human reviewers must verify/edit before treating as reviewed evidence.
439,test,239,stratified_predicted_medium_risk,ocds-20h3g7-RUP-3819631-42663606,Pembangunan Gedung Posyandu Prima/Pengembangan Pustu Weri,2023-03-10 12:19:14+00:00,Pemerintah Daerah Kabupaten Flores Timur,,,,1,1,Medium Risk,0.724228,0.174774,0.724228,0.100998,0.770076,f_title_length=1.3276 | f_buyer_supplier_repeat_count=0.8882 | f_supplier_recent_90d_award_count=0.5033,"Model mengklasifikasikan paket ini sebagai **Medium Risk** dengan probabilitas 100.00%.
Faktor yang paling memengaruhi prediksi adalah:
- Panjang judul tender bernilai 57 dan meningkatkan skor risiko dengan kontribusi SHAP sekitar 1.3276.
- Frekuensi hubungan buyer-supplier berulang bernilai 0 dan meningkatkan skor risiko dengan kontribusi SHAP sekitar 0.8882.
- F supplier recent 90d award count bernilai 0 dan meningkatkan skor risiko dengan kontribusi SHAP sekitar 0.5033.",1,medium,Draft AI review: risiko didukung oleh judul tender yang terlalu singkat dan hubungan buyer-supplier yang berulang.,yes,3,yes,Draft AI review: penjelasan tampak cukup membantu untuk prioritisasi audit awal.,ai_prefill_draft,AI-assisted draft only. Human reviewers must verify/edit before treating as reviewed evidence.
440,test,241,stratified_predicted_medium_risk,ocds-20h3g7-RUP-3865631-42665376,Pembagunan Selasar RS. Adonara,2023-03-10 12:19:14+00:00,Pemerintah Daerah Kabupaten Flores Timur,,,,1,1,Medium Risk,0.734709,0.165243,0.734709,0.100049,0.754311,f_title_length=1.4977 | f_buyer_supplier_repeat_count=0.9308 | f_supplier_recent_90d_award_count=0.5549,"Model mengklasifikasikan paket ini sebagai **Medium Risk** dengan probabilitas 100.00%.
Faktor yang paling memengaruhi prediksi adalah:
- Panjang judul tender bernilai 30 dan meningkatkan skor risiko dengan kontribusi SHAP sekitar 1.4977.
- Frekuensi hubungan buyer-supplier berulang bernilai 0 dan meningkatkan skor risiko dengan kontribusi SHAP sekitar 0.9308.
- F supplier recent 90d award count bernilai 0 dan meningkatkan skor risiko dengan kontribusi SHAP sekitar 0.5549.",1,medium,Draft AI review: risiko didukung oleh judul tender yang terlalu singkat dan hubungan buyer-supplier yang berulang.,yes,3,yes,Draft AI review: penjelasan tampak cukup membantu untuk prioritisasi audit awal.,ai_prefill_draft,AI-assisted draft only. Human reviewers must verify/edit before treating as reviewed evidence.
441,test,242,stratified_predicted_medium_risk,ocds-20h3g7-RUP-3810631-42663903,Pembangunan Gedung Posyandu Prima/Pengembangan Pustu Kawela,2023-03-10 12:19:14+00:00,Pemerintah Daerah Kabupaten Flores Timur,,,,1,1,Medium Risk,0.721904,0.177588,0.721904,0.100508,0.773084,f_title_length=1.2711 | f_buyer_supplier_repeat_count=0.8260 | f_supplier_recent_90d_award_count=0.4958,"Model mengklasifikasikan paket ini sebagai **Medium Risk** dengan probabilitas 100.00%.
Faktor yang paling memengaruhi prediksi adalah:
- Panjang judul tender bernilai 59 dan meningkatkan skor risiko dengan kontribusi SHAP sekitar 1.2711.
- Frekuensi hubungan buyer-supplier berulang bernilai 0 dan meningkatkan skor risiko dengan kontribusi SHAP sekitar 0.8260.
- F supplier recent 90d award count bernilai 0 dan meningkatkan skor risiko dengan kontribusi SHAP sekitar 0.4958.",1,medium,Draft AI review: risiko didukung oleh judul tender yang terlalu singkat dan hubungan buyer-supplier yang berulang.,yes,3,yes,Draft AI review: penjelasan tampak cukup membantu untuk prioritisasi audit awal.,ai_prefill_draft,AI-assisted draft only. Human reviewers must verify/edit before treating as reviewed evidence.
442,test,245,stratified_predicted_medium_risk,ocds-20h3g7-RUP-4821249-42666201,Semenisasi Jalan Lingkungan Kampung Terajuk,2023-03-10 12:40:14+00:00,Pemerintah Daerah Kabupaten Kutai Barat,,,,1,1,Medium Risk,0.728465,0.171026,0.728465,0.100508,0.76373,f_title_length=1.4299 | f_buyer_supplier_repeat_count=0.9211 | f_supplier_recent_90d_award_count=0.5326,"Model mengklasifikasikan paket ini sebagai **Medium Risk** dengan probabilitas 100.00%.
Faktor yang paling memengaruhi prediksi adalah:
- Panjang judul tender bernilai 43 dan meningkatkan skor risiko dengan kontribusi SHAP sekitar 1.4299.
- Frekuensi hubungan buyer-supplier berulang bernilai 0 dan meningkatkan skor risiko dengan kontribusi SHAP sekitar 0.9211.
- F supplier recent 90d award count bernilai 0 dan meningkatkan skor risiko dengan kontribusi SHAP sekitar 0.5326.",1,medium,Draft AI review: risiko didukung oleh judul tender yang terlalu singkat dan hubungan buyer-supplier yang berulang.,yes,3,yes,Draft AI review: penjelasan tampak cukup membantu untuk prioritisasi audit awal.,ai_prefill_draft,AI-assisted draft only. Human reviewers must verify/edit before treating as reviewed evidence.
443,test,246,stratified_predicted_medium_risk,ocds-20h3g7-RUP-4803249-42666369,Semenisasi Jalan ke Jantur Emperuq Terajuk,2023-03-10 12:40:50+00:00,Pemerintah Daerah Kabupaten Kutai Barat,,,,1,1,Medium Risk,0.726761,0.170193,0.726761,0.103046,0.767513,f_title_length=1.4292 | f_buyer_supplier_repeat_count=0.9203 | f_supplier_recent_90d_award_count=0.5326,"Model mengklasifikasikan paket ini sebagai **Medium Risk** dengan probabilitas 100.00%.
Faktor yang paling memengaruhi prediksi adalah:
- Panjang judul tender bernilai 42 dan meningkatkan skor risiko dengan kontribusi SHAP sekitar 1.4292.
- Frekuensi hubungan buyer-supplier berulang bernilai 0 dan meningkatkan skor risiko dengan kontribusi SHAP sekitar 0.9203.
- F supplier recent 90d award count bernilai 0 dan meningkatkan skor risiko dengan kontribusi SHAP sekitar 0.5326.",1,medium,Draft AI review: risiko didukung oleh judul tender yang terlalu singkat dan hubungan buyer-supplier yang berulang.,yes,3,yes,Draft AI review: penjelasan tampak cukup membantu untuk prioritisasi audit awal.,ai_prefill_draft,AI-assisted draft only. Human reviewers must verify/edit before treating as reviewed evidence.
444,test,247,stratified_predicted_medium_risk,ocds-20h3g7-RUP-7038182-39226565,PENINGKATAN JALAN PANGGUNG - SURODADI,2023-03-10 12:48:58+00:00,LPSE Kabupaten Jepara,,,,1,1,Medium Risk,0.728402,0.171011,0.728402,0.100587,0.763863,f_title_length=1.4280 | f_buyer_supplier_repeat_count=0.9211 | f_supplier_recent_90d_award_count=0.5343,"Model mengklasifikasikan paket ini sebagai **Medium Risk** dengan probabilitas 100.00%.
Faktor yang paling memengaruhi prediksi adalah:
- Panjang judul tender bernilai 37 dan meningkatkan skor risiko dengan kontribusi SHAP sekitar 1.4280.
- Frekuensi hubungan buyer-supplier berulang bernilai 0 dan meningkatkan skor risiko dengan kontribusi SHAP sekitar 0.9211.
- F supplier recent 90d award count bernilai 0 dan meningkatkan skor risiko dengan kontribusi SHAP sekitar 0.5343.",1,medium,Draft AI review: risiko didukung oleh judul tender yang terlalu singkat dan hubungan buyer-supplier yang berulang.,yes,3,yes,Draft AI review: penjelasan tampak cukup membantu untuk prioritisasi audit awal.,ai_prefill_draft,AI-assisted draft only. Human reviewers must verify/edit before treating as reviewed evidence.
445,test,248,stratified_predicted_medium_risk,ocds-20h3g7-RUP-2193618-42666947,Pembangunan Landscape Kawasan Kuliner Vatwahan,2023-03-10 13:01:08+00:00,Pemerintah Daerah Kabupaten Maluku Tenggara,,,,1,1,Medium Risk,0.731005,0.170479,0.731005,0.098516,0.758965,f_title_length=1.4462 | f_buyer_supplier_repeat_count=0.9206 | f_supplier_recent_90d_award_count=0.5335,"Model mengklasifikasikan paket ini sebagai **Medium Risk** dengan probabilitas 100.00%.
Faktor yang paling memengaruhi prediksi adalah:
- Panjang judul tender bernilai 46 dan meningkatkan skor risiko dengan kontribusi SHAP sekitar 1.4462.
- Frekuensi hubungan buyer-supplier berulang bernilai 0 dan meningkatkan skor risiko dengan kontribusi SHAP sekitar 0.9206.
- F supplier recent 90d award count bernilai 0 dan meningkatkan skor risiko dengan kontribusi SHAP sekitar 0.5335.",1,medium,Draft AI review: risiko didukung oleh judul tender yang terlalu singkat dan hubungan buyer-supplier yang berulang.,yes,3,yes,Draft AI review: penjelasan tampak cukup membantu untuk prioritisasi audit awal.,ai_prefill_draft,AI-assisted draft only. Human reviewers must verify/edit before treating as reviewed evidence.
446,test,249,stratified_predicted_medium_risk,ocds-20h3g7-RUP-4564674-42655640,Penanganan Long Segment Jalan Kobamar-Wokam,2023-03-10 13:11:52+00:00,Pemerintah Daerah Kabupaten Kepulauan Aru,,,,1,1,Medium Risk,0.728465,0.171026,0.728465,0.100508,0.76373,f_title_length=1.4299 | f_buyer_supplier_repeat_count=0.9211 | f_supplier_recent_90d_award_count=0.5326,"Model mengklasifikasikan paket ini sebagai **Medium Risk** dengan probabilitas 100.00%.
Faktor yang paling memengaruhi prediksi adalah:
- Panjang judul tender bernilai 43 dan meningkatkan skor risiko dengan kontribusi SHAP sekitar 1.4299.
- Frekuensi hubungan buyer-supplier berulang bernilai 0 dan meningkatkan skor risiko dengan kontribusi SHAP sekitar 0.9211.
- F supplier recent 90d award count bernilai 0 dan meningkatkan skor risiko dengan kontribusi SHAP sekitar 0.5326.",1,medium,Draft AI review: risiko didukung oleh judul tender yang terlalu singkat dan hubungan buyer-supplier yang berulang.,yes,3,yes,Draft AI review: penjelasan tampak cukup membantu untuk prioritisasi audit awal.,ai_prefill_draft,AI-assisted draft only. Human reviewers must verify/edit before treating as reviewed evidence.
447,test,250,stratified_predicted_medium_risk,ocds-20h3g7-RUP-4494674-42655926,Pengawasan Penanganan Long Segment Jalan Kobamar-Wokam,2023-03-10 13:11:52+00:00,Pemerintah Daerah Kabupaten Kepulauan Aru,,,,1,1,Medium Risk,0.72649,0.171889,0.72649,0.101621,0.767172,f_title_length=1.3891 | f_buyer_supplier_repeat_count=0.9217 | f_supplier_recent_90d_award_count=0.5147,"Model mengklasifikasikan paket ini sebagai **Medium Risk** dengan probabilitas 100.00%.
Faktor yang paling memengaruhi prediksi adalah:
- Panjang judul tender bernilai 54 dan meningkatkan skor risiko dengan kontribusi SHAP sekitar 1.3891.
- Frekuensi hubungan buyer-supplier berulang bernilai 0 dan meningkatkan skor risiko dengan kontribusi SHAP sekitar 0.9217.
- F supplier recent 90d award count bernilai 0 dan meningkatkan skor risiko dengan kontribusi SHAP sekitar 0.5147.",1,medium,Draft AI review: risiko didukung oleh judul tender yang terlalu singkat dan hubungan buyer-supplier yang berulang.,yes,3,yes,Draft AI review: penjelasan tampak cukup membantu untuk prioritisasi audit awal.,ai_prefill_draft,AI-assisted draft only. Human reviewers must verify/edit before treating as reviewed evidence.
448,test,251,stratified_predicted_medium_risk,ocds-20h3g7-RUP-5285588-42665270,Perbaikan Sedang Mess Transit Mandau Kodamar,2023-03-10 13:14:40+00:00,Kementerian Pertahanan,,,,1,1,Medium Risk,0.730157,0.170281,0.730157,0.099562,0.760767,f_title_length=1.4462 | f_buyer_supplier_repeat_count=0.9206 | f_supplier_recent_90d_award_count=0.5335,"Model mengklasifikasikan paket ini sebagai **Medium Risk** dengan probabilitas 100.00%.
Faktor yang paling memengaruhi prediksi adalah:
- Panjang judul tender bernilai 44 dan meningkatkan skor risiko dengan kontribusi SHAP sekitar 1.4462.
- Frekuensi hubungan buyer-supplier berulang bernilai 0 dan meningkatkan skor risiko dengan kontribusi SHAP sekitar 0.9206.
- F supplier recent 90d award count bernilai 0 dan meningkatkan skor risiko dengan kontribusi SHAP sekitar 0.5335.",1,medium,Draft AI review: risiko didukung oleh judul tender yang terlalu singkat dan hubungan buyer-supplier yang berulang.,yes,3,yes,Draft AI review: penjelasan tampak cukup membantu untuk prioritisasi audit awal.,ai_prefill_draft,AI-assisted draft only. Human reviewers must verify/edit before treating as reviewed evidence.
449,test,252,stratified_predicted_medium_risk,ocds-20h3g7-RUP-21490609-42662472,Rehabilitasi Gedung Puskesmas Cicantayan,2023-03-10 13:21:19+00:00,Pemerintah Daerah Kabupaten Sukabumi,,,,1,1,Medium Risk,0.732311,0.168165,0.732311,0.099524,0.757596,f_title_length=1.4394 | f_buyer_supplier_repeat_count=0.9206 | f_supplier_recent_90d_award_count=0.5418,"Model mengklasifikasikan paket ini sebagai **Medium Risk** dengan probabilitas 100.00%.
Faktor yang paling memengaruhi prediksi adalah:
- Panjang judul tender bernilai 40 dan meningkatkan skor risiko dengan kontribusi SHAP sekitar 1.4394.
- Frekuensi hubungan buyer-supplier berulang bernilai 0 dan meningkatkan skor risiko dengan kontribusi SHAP sekitar 0.9206.
- F supplier recent 90d award count bernilai 0 dan meningkatkan skor risiko dengan kontribusi SHAP sekitar 0.5418.",1,medium,Draft AI review: risiko didukung oleh judul tender yang terlalu singkat dan hubungan buyer-supplier yang berulang.,yes,3,yes,Draft AI review: penjelasan tampak cukup membantu untuk prioritisasi audit awal.,ai_prefill_draft,AI-assisted draft only. Human reviewers must verify/edit before treating as reviewed evidence.
450,test,253,stratified_predicted_medium_risk,ocds-20h3g7-RUP-7914108-37852828,Pembangunan pustu kaligawe menjadi puskesmas,2023-03-10 13:29:07+00:00,Pemerintah Daerah Kota Semarang,,,,1,1,Medium Risk,0.730157,0.170281,0.730157,0.099562,0.760767,f_title_length=1.4462 | f_buyer_supplier_repeat_count=0.9206 | f_supplier_recent_90d_award_count=0.5335,"Model mengklasifikasikan paket ini sebagai **Medium Risk** dengan probabilitas 100.00%.
Faktor yang paling memengaruhi prediksi adalah:
- Panjang judul tender bernilai 44 dan meningkatkan skor risiko dengan kontribusi SHAP sekitar 1.4462.
- Frekuensi hubungan buyer-supplier berulang bernilai 0 dan meningkatkan skor risiko dengan kontribusi SHAP sekitar 0.9206.
- F supplier recent 90d award count bernilai 0 dan meningkatkan skor risiko dengan kontribusi SHAP sekitar 0.5335.",1,medium,Draft AI review: risiko didukung oleh judul tender yang terlalu singkat dan hubungan buyer-supplier yang berulang.,yes,3,yes,Draft AI review: penjelasan tampak cukup membantu untuk prioritisasi audit awal.,ai_prefill_draft,AI-assisted draft only. Human reviewers must verify/edit before treating as reviewed evidence.
451,test,10,stratified_predicted_low_risk,ocds-20h3g7-RUP-651541-42655336,PEMELIHARAAN PERALATAN FUNGSIONAL HAR DAN WAT JARINGAN SATPAS DITLANTAS POLDA SULUT,2023-03-10 08:20:01+00:00,Kepolisian Negara Republik Indonesia,,,,0,0,Low Risk,0.77813,0.77813,0.182061,0.039809,0.63366,f_title_length=1.9351 | f_price_deviation_ratio=1.1415 | f_is_q4=1.1332,"Model mengklasifikasikan paket ini sebagai **Low Risk** dengan probabilitas 100.00%.
Faktor yang paling memengaruhi prediksi adalah:
- Panjang judul tender bernilai 83 dan meningkatkan skor risiko dengan kontribusi SHAP sekitar 1.9351.
- Rasio deviasi harga terhadap nilai tender bernilai tidak tersedia dan meningkatkan skor risiko dengan kontribusi SHAP sekitar 1.1415.
- Waktu publikasi pada kuartal iv bernilai 0 dan meningkatkan skor risiko dengan kontribusi SHAP sekitar 1.1332.",0,medium,Draft AI review: risiko didukung oleh judul tender yang terlalu singkat dan deviasi harga tender-award.,yes,3,no,Draft AI review: penjelasan masih perlu verifikasi manual sebelum dipakai untuk keputusan.,ai_prefill_draft,AI-assisted draft only. Human reviewers must verify/edit before treating as reviewed evidence.
452,test,11,stratified_predicted_low_risk,ocds-20h3g7-RUP-4361264-42394477,Pembangunan Saluran Pembuang Desa Giri Purwa Kecamatan Penajam (BANKEU TA.2023),2023-03-10 08:20:53+00:00,Pemerintah Daerah Kabupaten Penajam Paser Utara,,,,0,0,Low Risk,0.77813,0.77813,0.182061,0.039809,0.63366,f_title_length=1.9351 | f_price_deviation_ratio=1.1441 | f_is_q4=1.1332,"Model mengklasifikasikan paket ini sebagai **Low Risk** dengan probabilitas 100.00%.
Faktor yang paling memengaruhi prediksi adalah:
- Panjang judul tender bernilai 79 dan meningkatkan skor risiko dengan kontribusi SHAP sekitar 1.9351.
- Rasio deviasi harga terhadap nilai tender bernilai tidak tersedia dan meningkatkan skor risiko dengan kontribusi SHAP sekitar 1.1441.
- Waktu publikasi pada kuartal iv bernilai 0 dan meningkatkan skor risiko dengan kontribusi SHAP sekitar 1.1332.",0,medium,Draft AI review: risiko didukung oleh judul tender yang terlalu singkat dan deviasi harga tender-award.,yes,3,no,Draft AI review: penjelasan masih perlu verifikasi manual sebelum dipakai untuk keputusan.,ai_prefill_draft,AI-assisted draft only. Human reviewers must verify/edit before treating as reviewed evidence.
453,test,12,stratified_predicted_low_risk,ocds-20h3g7-RUP-4348264-42427235,Pembangunan Saluran Pembuang RT.06 dan RT.08 Babulu Darat Kec. Babulu,2023-03-10 08:20:53+00:00,Pemerintah Daerah Kabupaten Penajam Paser Utara,,,,0,0,Low Risk,0.778004,0.778004,0.181279,0.040717,0.63521,f_title_length=1.9164 | f_price_deviation_ratio=1.1592 | f_is_q4=1.1332,"Model mengklasifikasikan paket ini sebagai **Low Risk** dengan probabilitas 100.00%.
Faktor yang paling memengaruhi prediksi adalah:
- Panjang judul tender bernilai 69 dan meningkatkan skor risiko dengan kontribusi SHAP sekitar 1.9164.
- Rasio deviasi harga terhadap nilai tender bernilai tidak tersedia dan meningkatkan skor risiko dengan kontribusi SHAP sekitar 1.1592.
- Waktu publikasi pada kuartal iv bernilai 0 dan meningkatkan skor risiko dengan kontribusi SHAP sekitar 1.1332.",0,medium,Draft AI review: risiko didukung oleh judul tender yang terlalu singkat dan deviasi harga tender-award.,yes,3,no,Draft AI review: penjelasan masih perlu verifikasi manual sebelum dipakai untuk keputusan.,ai_prefill_draft,AI-assisted draft only. Human reviewers must verify/edit before treating as reviewed evidence.
454,test,21,stratified_predicted_low_risk,ocds-20h3g7-RUP-3932571-42656908,PERENCANAAN KECAMATAN POASIA - KECAMATAN ABELI - KECAMATAN NAMBO,2023-03-10 09:09:08+00:00,Pemerintah Daerah Kota Kendari,,,,0,0,Low Risk,0.776949,0.776949,0.182358,0.040693,0.636708,f_title_length=1.9164 | f_price_deviation_ratio=1.1592 | f_is_q4=1.1332,"Model mengklasifikasikan paket ini sebagai **Low Risk** dengan probabilitas 100.00%.
Faktor yang paling memengaruhi prediksi adalah:
- Panjang judul tender bernilai 64 dan meningkatkan skor risiko dengan kontribusi SHAP sekitar 1.9164.
- Rasio deviasi harga terhadap nilai tender bernilai tidak tersedia dan meningkatkan skor risiko dengan kontribusi SHAP sekitar 1.1592.
- Waktu publikasi pada kuartal iv bernilai 0 dan meningkatkan skor risiko dengan kontribusi SHAP sekitar 1.1332.",0,medium,Draft AI review: risiko didukung oleh judul tender yang terlalu singkat dan deviasi harga tender-award.,yes,3,no,Draft AI review: penjelasan masih perlu verifikasi manual sebelum dipakai untuk keputusan.,ai_prefill_draft,AI-assisted draft only. Human reviewers must verify/edit before treating as reviewed evidence.
455,test,22,stratified_predicted_low_risk,ocds-20h3g7-RUP-4233451-39117038,Rehabilitasi 3 (tiga) ruang kelas dengan tingkat kerusakan minimal sedang beserta perabotnya SMP NEGERI 21 BUTON,2023-03-10 09:11:38+00:00,Pemerintah Daerah Kabupaten Buton,,,,0,0,Low Risk,0.777431,0.777431,0.181448,0.041121,0.636645,f_title_length=1.8939 | f_price_deviation_ratio=1.1775 | f_is_q4=1.1330,"Model mengklasifikasikan paket ini sebagai **Low Risk** dengan probabilitas 100.00%.
Faktor yang paling memengaruhi prediksi adalah:
- Panjang judul tender bernilai 112 dan meningkatkan skor risiko dengan kontribusi SHAP sekitar 1.8939.
- Rasio deviasi harga terhadap nilai tender bernilai tidak tersedia dan meningkatkan skor risiko dengan kontribusi SHAP sekitar 1.1775.
- Waktu publikasi pada kuartal iv bernilai 0 dan meningkatkan skor risiko dengan kontribusi SHAP sekitar 1.1330.",0,medium,Draft AI review: risiko didukung oleh judul tender yang terlalu singkat dan deviasi harga tender-award.,yes,3,no,Draft AI review: penjelasan masih perlu verifikasi manual sebelum dipakai untuk keputusan.,ai_prefill_draft,AI-assisted draft only. Human reviewers must verify/edit before treating as reviewed evidence.
456,test,23,stratified_predicted_low_risk,ocds-20h3g7-RUP-4235451-39119240,Pembangunan ruang UKS beserta perabotnya SMP NEGERI 31 BUTON,2023-03-10 09:11:38+00:00,Pemerintah Daerah Kabupaten Buton,,,,0,0,Low Risk,0.769695,0.769695,0.188542,0.041763,0.648675,f_title_length=1.7812 | f_is_q4=1.1299 | f_price_deviation_ratio=1.1163,"Model mengklasifikasikan paket ini sebagai **Low Risk** dengan probabilitas 100.00%.
Faktor yang paling memengaruhi prediksi adalah:
- Panjang judul tender bernilai 60 dan meningkatkan skor risiko dengan kontribusi SHAP sekitar 1.7812.
- Waktu publikasi pada kuartal iv bernilai 0 dan meningkatkan skor risiko dengan kontribusi SHAP sekitar 1.1299.
- Rasio deviasi harga terhadap nilai tender bernilai tidak tersedia dan meningkatkan skor risiko dengan kontribusi SHAP sekitar 1.1163.",0,medium,Draft AI review: risiko didukung oleh judul tender yang terlalu singkat dan timing akhir tahun anggaran.,yes,3,no,Draft AI review: penjelasan masih perlu verifikasi manual sebelum dipakai untuk keputusan.,ai_prefill_draft,AI-assisted draft only. Human reviewers must verify/edit before treating as reviewed evidence.
457,test,24,stratified_predicted_low_risk,ocds-20h3g7-RUP-4236451-39119249,Pembangunan ruang UKS beserta perabotnya SMP NEGERI 28 BUTON,2023-03-10 09:11:38+00:00,Pemerintah Daerah Kabupaten Buton,,,,0,0,Low Risk,0.769695,0.769695,0.188542,0.041763,0.648675,f_title_length=1.7812 | f_is_q4=1.1299 | f_price_deviation_ratio=1.1163,"Model mengklasifikasikan paket ini sebagai **Low Risk** dengan probabilitas 100.00%.
Faktor yang paling memengaruhi prediksi adalah:
- Panjang judul tender bernilai 60 dan meningkatkan skor risiko dengan kontribusi SHAP sekitar 1.7812.
- Waktu publikasi pada kuartal iv bernilai 0 dan meningkatkan skor risiko dengan kontribusi SHAP sekitar 1.1299.
- Rasio deviasi harga terhadap nilai tender bernilai tidak tersedia dan meningkatkan skor risiko dengan kontribusi SHAP sekitar 1.1163.",0,medium,Draft AI review: risiko didukung oleh judul tender yang terlalu singkat dan timing akhir tahun anggaran.,yes,3,no,Draft AI review: penjelasan masih perlu verifikasi manual sebelum dipakai untuk keputusan.,ai_prefill_draft,AI-assisted draft only. Human reviewers must verify/edit before treating as reviewed evidence.
458,test,25,stratified_predicted_low_risk,ocds-20h3g7-RUP-4214451-39115060,Pembangunan 4 (Empat)  Ruang kelas baru (RKB) beserta perabotnya SD NEGERI 50 BUTON,2023-03-10 09:11:38+00:00,Pemerintah Daerah Kabupaten Buton,,,,0,0,Low Risk,0.778004,0.778004,0.181279,0.040717,0.63521,f_title_length=1.9351 | f_price_deviation_ratio=1.1415 | f_is_q4=1.1332,"Model mengklasifikasikan paket ini sebagai **Low Risk** dengan probabilitas 100.00%.
Faktor yang paling memengaruhi prediksi adalah:
- Panjang judul tender bernilai 83 dan meningkatkan skor risiko dengan kontribusi SHAP sekitar 1.9351.
- Rasio deviasi harga terhadap nilai tender bernilai tidak tersedia dan meningkatkan skor risiko dengan kontribusi SHAP sekitar 1.1415.
- Waktu publikasi pada kuartal iv bernilai 0 dan meningkatkan skor risiko dengan kontribusi SHAP sekitar 1.1332.",0,medium,Draft AI review: risiko didukung oleh judul tender yang terlalu singkat dan deviasi harga tender-award.,yes,3,no,Draft AI review: penjelasan masih perlu verifikasi manual sebelum dipakai untuk keputusan.,ai_prefill_draft,AI-assisted draft only. Human reviewers must verify/edit before treating as reviewed evidence.
459,test,26,stratified_predicted_low_risk,ocds-20h3g7-RUP-4216451-39117036,Rehabilitasi 4 (empat) ruang kelas dengan tingkat kerusakan minimal sedang beserta perabotnya SMP NEGERI 31 BUTON,2023-03-10 09:11:38+00:00,Pemerintah Daerah Kabupaten Buton,,,,0,0,Low Risk,0.77728,0.77728,0.180663,0.042057,0.638243,f_title_length=1.8939 | f_price_deviation_ratio=1.1775 | f_is_q4=1.1330,"Model mengklasifikasikan paket ini sebagai **Low Risk** dengan probabilitas 100.00%.
Faktor yang paling memengaruhi prediksi adalah:
- Panjang judul tender bernilai 113 dan meningkatkan skor risiko dengan kontribusi SHAP sekitar 1.8939.
- Rasio deviasi harga terhadap nilai tender bernilai tidak tersedia dan meningkatkan skor risiko dengan kontribusi SHAP sekitar 1.1775.
- Waktu publikasi pada kuartal iv bernilai 0 dan meningkatkan skor risiko dengan kontribusi SHAP sekitar 1.1330.",0,medium,Draft AI review: risiko didukung oleh judul tender yang terlalu singkat dan deviasi harga tender-award.,yes,3,no,Draft AI review: penjelasan masih perlu verifikasi manual sebelum dipakai untuk keputusan.,ai_prefill_draft,AI-assisted draft only. Human reviewers must verify/edit before treating as reviewed evidence.
460,test,27,stratified_predicted_low_risk,ocds-20h3g7-RUP-4240451-39116453,Pembangunan toilet(jamban) beserta sanitasinya SMP NEGERI18 BUTON,2023-03-10 09:11:38+00:00,Pemerintah Daerah Kabupaten Buton,,,,0,0,Low Risk,0.773805,0.773805,0.185337,0.040857,0.64148,f_title_length=1.9164 | f_price_deviation_ratio=1.1592 | f_is_q4=1.1332,"Model mengklasifikasikan paket ini sebagai **Low Risk** dengan probabilitas 100.00%.
Faktor yang paling memengaruhi prediksi adalah:
- Panjang judul tender bernilai 65 dan meningkatkan skor risiko dengan kontribusi SHAP sekitar 1.9164.
- Rasio deviasi harga terhadap nilai tender bernilai tidak tersedia dan meningkatkan skor risiko dengan kontribusi SHAP sekitar 1.1592.
- Waktu publikasi pada kuartal iv bernilai 0 dan meningkatkan skor risiko dengan kontribusi SHAP sekitar 1.1332.",0,medium,Draft AI review: risiko didukung oleh judul tender yang terlalu singkat dan deviasi harga tender-award.,yes,3,no,Draft AI review: penjelasan masih perlu verifikasi manual sebelum dipakai untuk keputusan.,ai_prefill_draft,AI-assisted draft only. Human reviewers must verify/edit before treating as reviewed evidence.
461,test,28,stratified_predicted_low_risk,ocds-20h3g7-RUP-4232451-39117039,Rehabilitasi 2 (dua)  ruang kelas dengan tingkat kerusakan minimal sedang beserta perabotnya SMP NEGERI 28 BUTON,2023-03-10 09:11:38+00:00,Pemerintah Daerah Kabupaten Buton,,,,0,0,Low Risk,0.77728,0.77728,0.180663,0.042057,0.638243,f_title_length=1.8939 | f_price_deviation_ratio=1.1775 | f_is_q4=1.1330,"Model mengklasifikasikan paket ini sebagai **Low Risk** dengan probabilitas 100.00%.
Faktor yang paling memengaruhi prediksi adalah:
- Panjang judul tender bernilai 112 dan meningkatkan skor risiko dengan kontribusi SHAP sekitar 1.8939.
- Rasio deviasi harga terhadap nilai tender bernilai tidak tersedia dan meningkatkan skor risiko dengan kontribusi SHAP sekitar 1.1775.
- Waktu publikasi pada kuartal iv bernilai 0 dan meningkatkan skor risiko dengan kontribusi SHAP sekitar 1.1330.",0,medium,Draft AI review: risiko didukung oleh judul tender yang terlalu singkat dan deviasi harga tender-award.,yes,3,no,Draft AI review: penjelasan masih perlu verifikasi manual sebelum dipakai untuk keputusan.,ai_prefill_draft,AI-assisted draft only. Human reviewers must verify/edit before treating as reviewed evidence.
462,test,29,stratified_predicted_low_risk,ocds-20h3g7-RUP-4242451-39108788,Pembangunan ruang laboratorium komputer beserta perabotnya SD NEGERI 69 BUTON,2023-03-10 09:11:38+00:00,Pemerintah Daerah Kabupaten Buton,,,,0,0,Low Risk,0.778004,0.778004,0.181279,0.040717,0.63521,f_title_length=1.9351 | f_price_deviation_ratio=1.1441 | f_is_q4=1.1332,"Model mengklasifikasikan paket ini sebagai **Low Risk** dengan probabilitas 100.00%.
Faktor yang paling memengaruhi prediksi adalah:
- Panjang judul tender bernilai 77 dan meningkatkan skor risiko dengan kontribusi SHAP sekitar 1.9351.
- Rasio deviasi harga terhadap nilai tender bernilai tidak tersedia dan meningkatkan skor risiko dengan kontribusi SHAP sekitar 1.1441.
- Waktu publikasi pada kuartal iv bernilai 0 dan meningkatkan skor risiko dengan kontribusi SHAP sekitar 1.1332.",0,medium,Draft AI review: risiko didukung oleh judul tender yang terlalu singkat dan deviasi harga tender-award.,yes,3,no,Draft AI review: penjelasan masih perlu verifikasi manual sebelum dipakai untuk keputusan.,ai_prefill_draft,AI-assisted draft only. Human reviewers must verify/edit before treating as reviewed evidence.
463,test,30,stratified_predicted_low_risk,ocds-20h3g7-RUP-4237451-39116323,Rehabilitasi ruang perpustakaan dengan tingkat kerusakan minimal sedang beserta perabotnya SMP NEGERI 28 BUTON,2023-03-10 09:11:38+00:00,Pemerintah Daerah Kabupaten Buton,,,,0,0,Low Risk,0.776852,0.776852,0.18101,0.042138,0.638985,f_title_length=1.9351 | f_price_deviation_ratio=1.1496 | f_is_q4=1.1330,"Model mengklasifikasikan paket ini sebagai **Low Risk** dengan probabilitas 100.00%.
Faktor yang paling memengaruhi prediksi adalah:
- Panjang judul tender bernilai 110 dan meningkatkan skor risiko dengan kontribusi SHAP sekitar 1.9351.
- Rasio deviasi harga terhadap nilai tender bernilai tidak tersedia dan meningkatkan skor risiko dengan kontribusi SHAP sekitar 1.1496.
- Waktu publikasi pada kuartal iv bernilai 0 dan meningkatkan skor risiko dengan kontribusi SHAP sekitar 1.1330.",0,medium,Draft AI review: risiko didukung oleh judul tender yang terlalu singkat dan deviasi harga tender-award.,yes,3,no,Draft AI review: penjelasan masih perlu verifikasi manual sebelum dipakai untuk keputusan.,ai_prefill_draft,AI-assisted draft only. Human reviewers must verify/edit before treating as reviewed evidence.
464,test,31,stratified_predicted_low_risk,ocds-20h3g7-RUP-4241451-39108790,Pembangunan ruang laboratorium komputer beserta perabotnya SD NEGERI 9 BUTON,2023-03-10 09:11:38+00:00,Pemerintah Daerah Kabupaten Buton,,,,0,0,Low Risk,0.778352,0.778352,0.18136,0.040288,0.634061,f_title_length=1.9351 | f_price_deviation_ratio=1.1441 | f_is_q4=1.1332,"Model mengklasifikasikan paket ini sebagai **Low Risk** dengan probabilitas 100.00%.
Faktor yang paling memengaruhi prediksi adalah:
- Panjang judul tender bernilai 76 dan meningkatkan skor risiko dengan kontribusi SHAP sekitar 1.9351.
- Rasio deviasi harga terhadap nilai tender bernilai tidak tersedia dan meningkatkan skor risiko dengan kontribusi SHAP sekitar 1.1441.
- Waktu publikasi pada kuartal iv bernilai 0 dan meningkatkan skor risiko dengan kontribusi SHAP sekitar 1.1332.",0,medium,Draft AI review: risiko didukung oleh judul tender yang terlalu singkat dan deviasi harga tender-award.,yes,3,no,Draft AI review: penjelasan masih perlu verifikasi manual sebelum dipakai untuk keputusan.,ai_prefill_draft,AI-assisted draft only. Human reviewers must verify/edit before treating as reviewed evidence.
465,test,32,stratified_predicted_low_risk,ocds-20h3g7-RUP-4217451-39119221,Pembangunan ruang laboratorium komputer beserta perabotnya SMP NEGERI 4 BUTON,2023-03-10 09:11:38+00:00,Pemerintah Daerah Kabupaten Buton,,,,0,0,Low Risk,0.778352,0.778352,0.18136,0.040288,0.634061,f_title_length=1.9351 | f_price_deviation_ratio=1.1441 | f_is_q4=1.1332,"Model mengklasifikasikan paket ini sebagai **Low Risk** dengan probabilitas 100.00%.
Faktor yang paling memengaruhi prediksi adalah:
- Panjang judul tender bernilai 77 dan meningkatkan skor risiko dengan kontribusi SHAP sekitar 1.9351.
- Rasio deviasi harga terhadap nilai tender bernilai tidak tersedia dan meningkatkan skor risiko dengan kontribusi SHAP sekitar 1.1441.
- Waktu publikasi pada kuartal iv bernilai 0 dan meningkatkan skor risiko dengan kontribusi SHAP sekitar 1.1332.",0,medium,Draft AI review: risiko didukung oleh judul tender yang terlalu singkat dan deviasi harga tender-award.,yes,3,no,Draft AI review: penjelasan masih perlu verifikasi manual sebelum dipakai untuk keputusan.,ai_prefill_draft,AI-assisted draft only. Human reviewers must verify/edit before treating as reviewed evidence.
466,test,33,stratified_predicted_low_risk,ocds-20h3g7-RUP-4218451-39118937,Pembangunan ruang laboratorium komputer beserta perabotnya SMP NEGERI 16 BUTON,2023-03-10 09:11:38+00:00,Pemerintah Daerah Kabupaten Buton,,,,0,0,Low Risk,0.778352,0.778352,0.18136,0.040288,0.634061,f_title_length=1.9351 | f_price_deviation_ratio=1.1441 | f_is_q4=1.1332,"Model mengklasifikasikan paket ini sebagai **Low Risk** dengan probabilitas 100.00%.
Faktor yang paling memengaruhi prediksi adalah:
- Panjang judul tender bernilai 78 dan meningkatkan skor risiko dengan kontribusi SHAP sekitar 1.9351.
- Rasio deviasi harga terhadap nilai tender bernilai tidak tersedia dan meningkatkan skor risiko dengan kontribusi SHAP sekitar 1.1441.
- Waktu publikasi pada kuartal iv bernilai 0 dan meningkatkan skor risiko dengan kontribusi SHAP sekitar 1.1332.",0,medium,Draft AI review: risiko didukung oleh judul tender yang terlalu singkat dan deviasi harga tender-award.,yes,3,no,Draft AI review: penjelasan masih perlu verifikasi manual sebelum dipakai untuk keputusan.,ai_prefill_draft,AI-assisted draft only. Human reviewers must verify/edit before treating as reviewed evidence.
467,test,34,stratified_predicted_low_risk,ocds-20h3g7-RUP-4219451-39119074,Pembangunan ruang laboratorium komputer beserta perabotnya SMP NEGERI 31 BUTON,2023-03-10 09:11:38+00:00,Pemerintah Daerah Kabupaten Buton,,,,0,0,Low Risk,0.781144,0.781144,0.179073,0.039783,0.62921,f_title_length=1.9351 | f_price_deviation_ratio=1.1441 | f_is_q4=1.1332,"Model mengklasifikasikan paket ini sebagai **Low Risk** dengan probabilitas 100.00%.
Faktor yang paling memengaruhi prediksi adalah:
- Panjang judul tender bernilai 78 dan meningkatkan skor risiko dengan kontribusi SHAP sekitar 1.9351.
- Rasio deviasi harga terhadap nilai tender bernilai tidak tersedia dan meningkatkan skor risiko dengan kontribusi SHAP sekitar 1.1441.
- Waktu publikasi pada kuartal iv bernilai 0 dan meningkatkan skor risiko dengan kontribusi SHAP sekitar 1.1332.",0,medium,Draft AI review: risiko didukung oleh judul tender yang terlalu singkat dan deviasi harga tender-award.,yes,3,no,Draft AI review: penjelasan masih perlu verifikasi manual sebelum dipakai untuk keputusan.,ai_prefill_draft,AI-assisted draft only. Human reviewers must verify/edit before treating as reviewed evidence.
468,test,35,stratified_predicted_low_risk,ocds-20h3g7-RUP-4221451-39119211,Pembangunan ruang laboratorium komputer beserta perabotnya SMP NEGERI 38 BUTON,2023-03-10 09:11:38+00:00,Pemerintah Daerah Kabupaten Buton,,,,0,0,Low Risk,0.781144,0.781144,0.179073,0.039783,0.62921,f_title_length=1.9351 | f_price_deviation_ratio=1.1441 | f_is_q4=1.1332,"Model mengklasifikasikan paket ini sebagai **Low Risk** dengan probabilitas 100.00%.
Faktor yang paling memengaruhi prediksi adalah:
- Panjang judul tender bernilai 78 dan meningkatkan skor risiko dengan kontribusi SHAP sekitar 1.9351.
- Rasio deviasi harga terhadap nilai tender bernilai tidak tersedia dan meningkatkan skor risiko dengan kontribusi SHAP sekitar 1.1441.
- Waktu publikasi pada kuartal iv bernilai 0 dan meningkatkan skor risiko dengan kontribusi SHAP sekitar 1.1332.",0,medium,Draft AI review: risiko didukung oleh judul tender yang terlalu singkat dan deviasi harga tender-award.,yes,3,no,Draft AI review: penjelasan masih perlu verifikasi manual sebelum dipakai untuk keputusan.,ai_prefill_draft,AI-assisted draft only. Human reviewers must verify/edit before treating as reviewed evidence.
469,test,36,stratified_predicted_low_risk,ocds-20h3g7-RUP-4222451-39119236,Pembangunan ruang laboratorium komputer beserta perabotnya SMP NEGERI 42 BUTON,2023-03-10 09:11:38+00:00,Pemerintah Daerah Kabupaten Buton,,,,0,0,Low Risk,0.781144,0.781144,0.179073,0.039783,0.62921,f_title_length=1.9351 | f_price_deviation_ratio=1.1441 | f_is_q4=1.1332,"Model mengklasifikasikan paket ini sebagai **Low Risk** dengan probabilitas 100.00%.
Faktor yang paling memengaruhi prediksi adalah:
- Panjang judul tender bernilai 78 dan meningkatkan skor risiko dengan kontribusi SHAP sekitar 1.9351.
- Rasio deviasi harga terhadap nilai tender bernilai tidak tersedia dan meningkatkan skor risiko dengan kontribusi SHAP sekitar 1.1441.
- Waktu publikasi pada kuartal iv bernilai 0 dan meningkatkan skor risiko dengan kontribusi SHAP sekitar 1.1332.",0,medium,Draft AI review: risiko didukung oleh judul tender yang terlalu singkat dan deviasi harga tender-award.,yes,3,no,Draft AI review: penjelasan masih perlu verifikasi manual sebelum dipakai untuk keputusan.,ai_prefill_draft,AI-assisted draft only. Human reviewers must verify/edit before treating as reviewed evidence.
470,test,37,stratified_predicted_low_risk,ocds-20h3g7-RUP-4226451-42370583,Pembangunan ruang tata usaha beserta perabotnya SMP NEGERI 31 BUTON,2023-03-10 09:11:38+00:00,Pemerintah Daerah Kabupaten Buton,,,,0,0,Low Risk,0.781144,0.781144,0.179073,0.039783,0.62921,f_title_length=1.9164 | f_price_deviation_ratio=1.1592 | f_is_q4=1.1332,"Model mengklasifikasikan paket ini sebagai **Low Risk** dengan probabilitas 100.00%.
Faktor yang paling memengaruhi prediksi adalah:
- Panjang judul tender bernilai 67 dan meningkatkan skor risiko dengan kontribusi SHAP sekitar 1.9164.
- Rasio deviasi harga terhadap nilai tender bernilai tidak tersedia dan meningkatkan skor risiko dengan kontribusi SHAP sekitar 1.1592.
- Waktu publikasi pada kuartal iv bernilai 0 dan meningkatkan skor risiko dengan kontribusi SHAP sekitar 1.1332.",0,medium,Draft AI review: risiko didukung oleh judul tender yang terlalu singkat dan deviasi harga tender-award.,yes,3,no,Draft AI review: penjelasan masih perlu verifikasi manual sebelum dipakai untuk keputusan.,ai_prefill_draft,AI-assisted draft only. Human reviewers must verify/edit before treating as reviewed evidence.
471,test,38,stratified_predicted_low_risk,ocds-20h3g7-RUP-4243451-39114895,Pembangunan ruang guru beserta perabotnya SD NEGERI 10 BUTON,2023-03-10 09:13:23+00:00,Pemerintah Daerah Kabupaten Buton,,,,0,0,Low Risk,0.765848,0.765848,0.192966,0.041186,0.653152,f_title_length=1.7812 | f_is_q4=1.1299 | f_price_deviation_ratio=1.1163,"Model mengklasifikasikan paket ini sebagai **Low Risk** dengan probabilitas 100.00%.
Faktor yang paling memengaruhi prediksi adalah:
- Panjang judul tender bernilai 60 dan meningkatkan skor risiko dengan kontribusi SHAP sekitar 1.7812.
- Waktu publikasi pada kuartal iv bernilai 0 dan meningkatkan skor risiko dengan kontribusi SHAP sekitar 1.1299.
- Rasio deviasi harga terhadap nilai tender bernilai tidak tersedia dan meningkatkan skor risiko dengan kontribusi SHAP sekitar 1.1163.",0,medium,Draft AI review: risiko didukung oleh judul tender yang terlalu singkat dan timing akhir tahun anggaran.,yes,3,no,Draft AI review: penjelasan masih perlu verifikasi manual sebelum dipakai untuk keputusan.,ai_prefill_draft,AI-assisted draft only. Human reviewers must verify/edit before treating as reviewed evidence.
472,test,39,stratified_predicted_low_risk,ocds-20h3g7-RUP-4225451-42370580,Pembangunan ruang tata usaha beserta perabotnya SMP NEGERI 16 BUTON,2023-03-10 09:13:23+00:00,Pemerintah Daerah Kabupaten Buton,,,,0,0,Low Risk,0.781144,0.781144,0.179073,0.039783,0.62921,f_title_length=1.9164 | f_price_deviation_ratio=1.1592 | f_is_q4=1.1332,"Model mengklasifikasikan paket ini sebagai **Low Risk** dengan probabilitas 100.00%.
Faktor yang paling memengaruhi prediksi adalah:
- Panjang judul tender bernilai 67 dan meningkatkan skor risiko dengan kontribusi SHAP sekitar 1.9164.
- Rasio deviasi harga terhadap nilai tender bernilai tidak tersedia dan meningkatkan skor risiko dengan kontribusi SHAP sekitar 1.1592.
- Waktu publikasi pada kuartal iv bernilai 0 dan meningkatkan skor risiko dengan kontribusi SHAP sekitar 1.1332.",0,medium,Draft AI review: risiko didukung oleh judul tender yang terlalu singkat dan deviasi harga tender-award.,yes,3,no,Draft AI review: penjelasan masih perlu verifikasi manual sebelum dipakai untuk keputusan.,ai_prefill_draft,AI-assisted draft only. Human reviewers must verify/edit before treating as reviewed evidence.
473,test,40,stratified_predicted_low_risk,ocds-20h3g7-RUP-4220451-39119050,Pembangunan ruang laboratorium komputer beserta perabotnya SMP NEGERI 28 BUTON,2023-03-10 09:13:23+00:00,Pemerintah Daerah Kabupaten Buton,,,,0,0,Low Risk,0.781144,0.781144,0.179073,0.039783,0.62921,f_title_length=1.9351 | f_price_deviation_ratio=1.1441 | f_is_q4=1.1332,"Model mengklasifikasikan paket ini sebagai **Low Risk** dengan probabilitas 100.00%.
Faktor yang paling memengaruhi prediksi adalah:
- Panjang judul tender bernilai 78 dan meningkatkan skor risiko dengan kontribusi SHAP sekitar 1.9351.
- Rasio deviasi harga terhadap nilai tender bernilai tidak tersedia dan meningkatkan skor risiko dengan kontribusi SHAP sekitar 1.1441.
- Waktu publikasi pada kuartal iv bernilai 0 dan meningkatkan skor risiko dengan kontribusi SHAP sekitar 1.1332.",0,medium,Draft AI review: risiko didukung oleh judul tender yang terlalu singkat dan deviasi harga tender-award.,yes,3,no,Draft AI review: penjelasan masih perlu verifikasi manual sebelum dipakai untuk keputusan.,ai_prefill_draft,AI-assisted draft only. Human reviewers must verify/edit before treating as reviewed evidence.
474,test,41,stratified_predicted_low_risk,ocds-20h3g7-RUP-4228451-42370581,Pembangunan ruang tata usaha beserta perabotnya SMP NEGERI 28 BUTON,2023-03-10 09:13:23+00:00,Pemerintah Daerah Kabupaten Buton,,,,0,0,Low Risk,0.782564,0.782564,0.17791,0.039526,0.626726,f_title_length=1.9164 | f_price_deviation_ratio=1.1592 | f_is_q4=1.1333,"Model mengklasifikasikan paket ini sebagai **Low Risk** dengan probabilitas 100.00%.
Faktor yang paling memengaruhi prediksi adalah:
- Panjang judul tender bernilai 67 dan meningkatkan skor risiko dengan kontribusi SHAP sekitar 1.9164.
- Rasio deviasi harga terhadap nilai tender bernilai tidak tersedia dan meningkatkan skor risiko dengan kontribusi SHAP sekitar 1.1592.
- Waktu publikasi pada kuartal iv bernilai 0 dan meningkatkan skor risiko dengan kontribusi SHAP sekitar 1.1333.",0,medium,Draft AI review: risiko didukung oleh judul tender yang terlalu singkat dan deviasi harga tender-award.,yes,3,no,Draft AI review: penjelasan masih perlu verifikasi manual sebelum dipakai untuk keputusan.,ai_prefill_draft,AI-assisted draft only. Human reviewers must verify/edit before treating as reviewed evidence.
475,test,42,stratified_predicted_low_risk,ocds-20h3g7-RUP-4227451-42370577,Pembangunan ruang tata usaha beserta perabotnya SMP NEGERI 33 BUTON,2023-03-10 09:13:23+00:00,Pemerintah Daerah Kabupaten Buton,,,,0,0,Low Risk,0.782564,0.782564,0.17791,0.039526,0.626726,f_title_length=1.9164 | f_price_deviation_ratio=1.1592 | f_is_q4=1.1333,"Model mengklasifikasikan paket ini sebagai **Low Risk** dengan probabilitas 100.00%.
Faktor yang paling memengaruhi prediksi adalah:
- Panjang judul tender bernilai 67 dan meningkatkan skor risiko dengan kontribusi SHAP sekitar 1.9164.
- Rasio deviasi harga terhadap nilai tender bernilai tidak tersedia dan meningkatkan skor risiko dengan kontribusi SHAP sekitar 1.1592.
- Waktu publikasi pada kuartal iv bernilai 0 dan meningkatkan skor risiko dengan kontribusi SHAP sekitar 1.1333.",0,medium,Draft AI review: risiko didukung oleh judul tender yang terlalu singkat dan deviasi harga tender-award.,yes,3,no,Draft AI review: penjelasan masih perlu verifikasi manual sebelum dipakai untuk keputusan.,ai_prefill_draft,AI-assisted draft only. Human reviewers must verify/edit before treating as reviewed evidence.
476,test,43,stratified_predicted_low_risk,ocds-20h3g7-RUP-4234451-39119261,Pembangunan ruang UKS beserta perabotnya SMP NEGERI 16 BUTON,2023-03-10 09:13:23+00:00,Pemerintah Daerah Kabupaten Buton,,,,0,0,Low Risk,0.771142,0.771142,0.187731,0.041128,0.645674,f_title_length=1.7812 | f_is_q4=1.1300 | f_price_deviation_ratio=1.1163,"Model mengklasifikasikan paket ini sebagai **Low Risk** dengan probabilitas 100.00%.
Faktor yang paling memengaruhi prediksi adalah:
- Panjang judul tender bernilai 60 dan meningkatkan skor risiko dengan kontribusi SHAP sekitar 1.7812.
- Waktu publikasi pada kuartal iv bernilai 0 dan meningkatkan skor risiko dengan kontribusi SHAP sekitar 1.1300.
- Rasio deviasi harga terhadap nilai tender bernilai tidak tersedia dan meningkatkan skor risiko dengan kontribusi SHAP sekitar 1.1163.",0,medium,Draft AI review: risiko didukung oleh judul tender yang terlalu singkat dan timing akhir tahun anggaran.,yes,3,no,Draft AI review: penjelasan masih perlu verifikasi manual sebelum dipakai untuk keputusan.,ai_prefill_draft,AI-assisted draft only. Human reviewers must verify/edit before treating as reviewed evidence.
477,test,44,stratified_predicted_low_risk,ocds-20h3g7-RUP-4215451-39108875,Rehabilitasi ruang kelas dengan tingkat kerusakan minimal sedang beserta perabotnya SD NEGERI 10 BUTON,2023-03-10 09:13:23+00:00,Pemerintah Daerah Kabupaten Buton,,,,0,0,Low Risk,0.781681,0.781681,0.177709,0.040609,0.629649,f_title_length=1.9351 | f_price_deviation_ratio=1.1415 | f_is_q4=1.1333,"Model mengklasifikasikan paket ini sebagai **Low Risk** dengan probabilitas 100.00%.
Faktor yang paling memengaruhi prediksi adalah:
- Panjang judul tender bernilai 102 dan meningkatkan skor risiko dengan kontribusi SHAP sekitar 1.9351.
- Rasio deviasi harga terhadap nilai tender bernilai tidak tersedia dan meningkatkan skor risiko dengan kontribusi SHAP sekitar 1.1415.
- Waktu publikasi pada kuartal iv bernilai 0 dan meningkatkan skor risiko dengan kontribusi SHAP sekitar 1.1333.",0,medium,Draft AI review: risiko didukung oleh judul tender yang terlalu singkat dan deviasi harga tender-award.,yes,3,no,Draft AI review: penjelasan masih perlu verifikasi manual sebelum dipakai untuk keputusan.,ai_prefill_draft,AI-assisted draft only. Human reviewers must verify/edit before treating as reviewed evidence.
478,test,46,stratified_predicted_low_risk,ocds-20h3g7-RUP-7434319-42657310,Belanja Modal Bangunan Kesehatan - Rehabilitasi dan Pemeliharaan Puskesmas - Dinas Kesehatan (PRIMER) - Konsultan Perencanaan Renovasi Puskesmas Condong,2023-03-10 09:20:21+00:00,Pemerintah Daerah Kabupaten Probolinggo,,,,0,0,Low Risk,0.776668,0.776668,0.182252,0.04108,0.637693,f_title_length=1.8939 | f_price_deviation_ratio=1.1775 | f_is_q4=1.1330,"Model mengklasifikasikan paket ini sebagai **Low Risk** dengan probabilitas 100.00%.
Faktor yang paling memengaruhi prediksi adalah:
- Panjang judul tender bernilai 152 dan meningkatkan skor risiko dengan kontribusi SHAP sekitar 1.8939.
- Rasio deviasi harga terhadap nilai tender bernilai tidak tersedia dan meningkatkan skor risiko dengan kontribusi SHAP sekitar 1.1775.
- Waktu publikasi pada kuartal iv bernilai 0 dan meningkatkan skor risiko dengan kontribusi SHAP sekitar 1.1330.",0,medium,Draft AI review: risiko didukung oleh judul tender yang terlalu singkat dan deviasi harga tender-award.,yes,3,no,Draft AI review: penjelasan masih perlu verifikasi manual sebelum dipakai untuk keputusan.,ai_prefill_draft,AI-assisted draft only. Human reviewers must verify/edit before treating as reviewed evidence.
479,test,47,stratified_predicted_low_risk,ocds-20h3g7-RUP-7634319-42657604,Belanja Modal Bangunan Kesehatan - Rehabilitasi dan Pemeliharaan Puskesmas - Dinas Kesehatan (PRIMER) - Pembangunan Gedung Negara sederhana Puskesmas Condong,2023-03-10 09:20:21+00:00,Pemerintah Daerah Kabupaten Probolinggo,,,,0,0,Low Risk,0.77652,0.77652,0.181463,0.042016,0.63929,f_title_length=1.8939 | f_price_deviation_ratio=1.1775 | f_is_q4=1.1330,"Model mengklasifikasikan paket ini sebagai **Low Risk** dengan probabilitas 100.00%.
Faktor yang paling memengaruhi prediksi adalah:
- Panjang judul tender bernilai 157 dan meningkatkan skor risiko dengan kontribusi SHAP sekitar 1.8939.
- Rasio deviasi harga terhadap nilai tender bernilai tidak tersedia dan meningkatkan skor risiko dengan kontribusi SHAP sekitar 1.1775.
- Waktu publikasi pada kuartal iv bernilai 0 dan meningkatkan skor risiko dengan kontribusi SHAP sekitar 1.1330.",0,medium,Draft AI review: risiko didukung oleh judul tender yang terlalu singkat dan deviasi harga tender-award.,yes,3,no,Draft AI review: penjelasan masih perlu verifikasi manual sebelum dipakai untuk keputusan.,ai_prefill_draft,AI-assisted draft only. Human reviewers must verify/edit before treating as reviewed evidence.
480,test,48,stratified_predicted_low_risk,ocds-20h3g7-RUP-17100168-42537721,Rehabilitasi ruang kelas beserta perabotnya SDN 2 SUKADAMAI BARU Kec. Sungai Lilin (DAK),2023-03-10 09:24:24+00:00,Pemerintah Daerah Kabupaten Musi Banyuasin,,,,0,0,Low Risk,0.77813,0.77813,0.182061,0.039809,0.63366,f_title_length=1.9351 | f_price_deviation_ratio=1.1415 | f_is_q4=1.1332,"Model mengklasifikasikan paket ini sebagai **Low Risk** dengan probabilitas 100.00%.
Faktor yang paling memengaruhi prediksi adalah:
- Panjang judul tender bernilai 88 dan meningkatkan skor risiko dengan kontribusi SHAP sekitar 1.9351.
- Rasio deviasi harga terhadap nilai tender bernilai tidak tersedia dan meningkatkan skor risiko dengan kontribusi SHAP sekitar 1.1415.
- Waktu publikasi pada kuartal iv bernilai 0 dan meningkatkan skor risiko dengan kontribusi SHAP sekitar 1.1332.",0,medium,Draft AI review: risiko didukung oleh judul tender yang terlalu singkat dan deviasi harga tender-award.,yes,3,no,Draft AI review: penjelasan masih perlu verifikasi manual sebelum dipakai untuk keputusan.,ai_prefill_draft,AI-assisted draft only. Human reviewers must verify/edit before treating as reviewed evidence.
481,test,49,stratified_predicted_low_risk,ocds-20h3g7-RUP-17135168-42582502,Pembangunan ruang perpustakaan beserta perabotnya SDN 2 PERUMPUNG RAYA Kec. Lalan (DAK),2023-03-10 09:28:46+00:00,Pemerintah Daerah Kabupaten Musi Banyuasin,,,,0,0,Low Risk,0.774298,0.774298,0.185179,0.040523,0.640269,f_title_length=1.9351 | f_price_deviation_ratio=1.1415 | f_is_q4=1.1332,"Model mengklasifikasikan paket ini sebagai **Low Risk** dengan probabilitas 100.00%.
Faktor yang paling memengaruhi prediksi adalah:
- Panjang judul tender bernilai 87 dan meningkatkan skor risiko dengan kontribusi SHAP sekitar 1.9351.
- Rasio deviasi harga terhadap nilai tender bernilai tidak tersedia dan meningkatkan skor risiko dengan kontribusi SHAP sekitar 1.1415.
- Waktu publikasi pada kuartal iv bernilai 0 dan meningkatkan skor risiko dengan kontribusi SHAP sekitar 1.1332.",0,medium,Draft AI review: risiko didukung oleh judul tender yang terlalu singkat dan deviasi harga tender-award.,yes,3,no,Draft AI review: penjelasan masih perlu verifikasi manual sebelum dipakai untuk keputusan.,ai_prefill_draft,AI-assisted draft only. Human reviewers must verify/edit before treating as reviewed evidence.
482,test,50,stratified_predicted_low_risk,ocds-20h3g7-RUP-17133168-42582250,Pembangunan ruang perpustakaan beserta perabotnya SDN 1 GALIH SARI Kec. Lalan (DAK),2023-03-10 09:28:46+00:00,Pemerintah Daerah Kabupaten Musi Banyuasin,,,,0,0,Low Risk,0.778004,0.778004,0.181279,0.040717,0.63521,f_title_length=1.9351 | f_price_deviation_ratio=1.1415 | f_is_q4=1.1332,"Model mengklasifikasikan paket ini sebagai **Low Risk** dengan probabilitas 100.00%.
Faktor yang paling memengaruhi prediksi adalah:
- Panjang judul tender bernilai 83 dan meningkatkan skor risiko dengan kontribusi SHAP sekitar 1.9351.
- Rasio deviasi harga terhadap nilai tender bernilai tidak tersedia dan meningkatkan skor risiko dengan kontribusi SHAP sekitar 1.1415.
- Waktu publikasi pada kuartal iv bernilai 0 dan meningkatkan skor risiko dengan kontribusi SHAP sekitar 1.1332.",0,medium,Draft AI review: risiko didukung oleh judul tender yang terlalu singkat dan deviasi harga tender-award.,yes,3,no,Draft AI review: penjelasan masih perlu verifikasi manual sebelum dipakai untuk keputusan.,ai_prefill_draft,AI-assisted draft only. Human reviewers must verify/edit before treating as reviewed evidence.
483,test,52,stratified_predicted_low_risk,ocds-20h3g7-RUP-17070168-42587707,Pembangunan ruang guru beserta perabotnya SDN NGANTI Kec. Sanga Desa (DAK),2023-03-10 09:29:40+00:00,Pemerintah Daerah Kabupaten Musi Banyuasin,,,,0,0,Low Risk,0.778004,0.778004,0.181279,0.040717,0.63521,f_title_length=1.9291 | f_price_deviation_ratio=1.1415 | f_is_q4=1.1332,"Model mengklasifikasikan paket ini sebagai **Low Risk** dengan probabilitas 100.00%.
Faktor yang paling memengaruhi prediksi adalah:
- Panjang judul tender bernilai 74 dan meningkatkan skor risiko dengan kontribusi SHAP sekitar 1.9291.
- Rasio deviasi harga terhadap nilai tender bernilai tidak tersedia dan meningkatkan skor risiko dengan kontribusi SHAP sekitar 1.1415.
- Waktu publikasi pada kuartal iv bernilai 0 dan meningkatkan skor risiko dengan kontribusi SHAP sekitar 1.1332.",0,medium,Draft AI review: risiko didukung oleh judul tender yang terlalu singkat dan deviasi harga tender-award.,yes,3,no,Draft AI review: penjelasan masih perlu verifikasi manual sebelum dipakai untuk keputusan.,ai_prefill_draft,AI-assisted draft only. Human reviewers must verify/edit before treating as reviewed evidence.
484,test,53,stratified_predicted_low_risk,ocds-20h3g7-RUP-17235168-42586192,Pembangunan ruang guru beserta perabotnya SDN 1 LAIS Kec. Lais (DAK),2023-03-10 09:29:40+00:00,Pemerintah Daerah Kabupaten Musi Banyuasin,,,,0,0,Low Risk,0.778004,0.778004,0.181279,0.040717,0.63521,f_title_length=1.9164 | f_price_deviation_ratio=1.1566 | f_is_q4=1.1332,"Model mengklasifikasikan paket ini sebagai **Low Risk** dengan probabilitas 100.00%.
Faktor yang paling memengaruhi prediksi adalah:
- Panjang judul tender bernilai 68 dan meningkatkan skor risiko dengan kontribusi SHAP sekitar 1.9164.
- Rasio deviasi harga terhadap nilai tender bernilai tidak tersedia dan meningkatkan skor risiko dengan kontribusi SHAP sekitar 1.1566.
- Waktu publikasi pada kuartal iv bernilai 0 dan meningkatkan skor risiko dengan kontribusi SHAP sekitar 1.1332.",0,medium,Draft AI review: risiko didukung oleh judul tender yang terlalu singkat dan deviasi harga tender-award.,yes,3,no,Draft AI review: penjelasan masih perlu verifikasi manual sebelum dipakai untuk keputusan.,ai_prefill_draft,AI-assisted draft only. Human reviewers must verify/edit before treating as reviewed evidence.
485,test,54,stratified_predicted_low_risk,ocds-20h3g7-RUP-17036168-42588233,Pembangunan ruang guru beserta perabotnya SDN 3 PULAI GADING Kec. Bayung Lencir (DAK),2023-03-10 09:29:40+00:00,Pemerintah Daerah Kabupaten Musi Banyuasin,,,,0,0,Low Risk,0.778004,0.778004,0.181279,0.040717,0.63521,f_title_length=1.9351 | f_price_deviation_ratio=1.1415 | f_is_q4=1.1332,"Model mengklasifikasikan paket ini sebagai **Low Risk** dengan probabilitas 100.00%.
Faktor yang paling memengaruhi prediksi adalah:
- Panjang judul tender bernilai 85 dan meningkatkan skor risiko dengan kontribusi SHAP sekitar 1.9351.
- Rasio deviasi harga terhadap nilai tender bernilai tidak tersedia dan meningkatkan skor risiko dengan kontribusi SHAP sekitar 1.1415.
- Waktu publikasi pada kuartal iv bernilai 0 dan meningkatkan skor risiko dengan kontribusi SHAP sekitar 1.1332.",0,medium,Draft AI review: risiko didukung oleh judul tender yang terlalu singkat dan deviasi harga tender-award.,yes,3,no,Draft AI review: penjelasan masih perlu verifikasi manual sebelum dipakai untuk keputusan.,ai_prefill_draft,AI-assisted draft only. Human reviewers must verify/edit before treating as reviewed evidence.
486,test,55,stratified_predicted_low_risk,ocds-20h3g7-RUP-17089168-42588008,Pembangunan ruang guru beserta perabotnya SDN BILIK PANJANG Kec. Sungai Keruh (DAK),2023-03-10 09:29:40+00:00,Pemerintah Daerah Kabupaten Musi Banyuasin,,,,0,0,Low Risk,0.778004,0.778004,0.181279,0.040717,0.63521,f_title_length=1.9351 | f_price_deviation_ratio=1.1415 | f_is_q4=1.1332,"Model mengklasifikasikan paket ini sebagai **Low Risk** dengan probabilitas 100.00%.
Faktor yang paling memengaruhi prediksi adalah:
- Panjang judul tender bernilai 83 dan meningkatkan skor risiko dengan kontribusi SHAP sekitar 1.9351.
- Rasio deviasi harga terhadap nilai tender bernilai tidak tersedia dan meningkatkan skor risiko dengan kontribusi SHAP sekitar 1.1415.
- Waktu publikasi pada kuartal iv bernilai 0 dan meningkatkan skor risiko dengan kontribusi SHAP sekitar 1.1332.",0,medium,Draft AI review: risiko didukung oleh judul tender yang terlalu singkat dan deviasi harga tender-award.,yes,3,no,Draft AI review: penjelasan masih perlu verifikasi manual sebelum dipakai untuk keputusan.,ai_prefill_draft,AI-assisted draft only. Human reviewers must verify/edit before treating as reviewed evidence.
487,test,56,stratified_predicted_low_risk,ocds-20h3g7-RUP-17144168-42585844,Pembangunan ruang guru beserta perabotnya SDN 1 AIR PUTIH ULU Kec. Plakat Tinggi (DAK),2023-03-10 09:29:40+00:00,Pemerintah Daerah Kabupaten Musi Banyuasin,,,,0,0,Low Risk,0.778004,0.778004,0.181279,0.040717,0.63521,f_title_length=1.9351 | f_price_deviation_ratio=1.1415 | f_is_q4=1.1332,"Model mengklasifikasikan paket ini sebagai **Low Risk** dengan probabilitas 100.00%.
Faktor yang paling memengaruhi prediksi adalah:
- Panjang judul tender bernilai 86 dan meningkatkan skor risiko dengan kontribusi SHAP sekitar 1.9351.
- Rasio deviasi harga terhadap nilai tender bernilai tidak tersedia dan meningkatkan skor risiko dengan kontribusi SHAP sekitar 1.1415.
- Waktu publikasi pada kuartal iv bernilai 0 dan meningkatkan skor risiko dengan kontribusi SHAP sekitar 1.1332.",0,medium,Draft AI review: risiko didukung oleh judul tender yang terlalu singkat dan deviasi harga tender-award.,yes,3,no,Draft AI review: penjelasan masih perlu verifikasi manual sebelum dipakai untuk keputusan.,ai_prefill_draft,AI-assisted draft only. Human reviewers must verify/edit before treating as reviewed evidence.
488,test,57,stratified_predicted_low_risk,ocds-20h3g7-RUP-17187168-42585986,Pembangunan ruang guru beserta perabotnya SD N 1 KAYUARA Kec. Sekayu (DAK),2023-03-10 09:29:40+00:00,Pemerintah Daerah Kabupaten Musi Banyuasin,,,,0,0,Low Risk,0.778004,0.778004,0.181279,0.040717,0.63521,f_title_length=1.9291 | f_price_deviation_ratio=1.1415 | f_is_q4=1.1332,"Model mengklasifikasikan paket ini sebagai **Low Risk** dengan probabilitas 100.00%.
Faktor yang paling memengaruhi prediksi adalah:
- Panjang judul tender bernilai 74 dan meningkatkan skor risiko dengan kontribusi SHAP sekitar 1.9291.
- Rasio deviasi harga terhadap nilai tender bernilai tidak tersedia dan meningkatkan skor risiko dengan kontribusi SHAP sekitar 1.1415.
- Waktu publikasi pada kuartal iv bernilai 0 dan meningkatkan skor risiko dengan kontribusi SHAP sekitar 1.1332.",0,medium,Draft AI review: risiko didukung oleh judul tender yang terlalu singkat dan deviasi harga tender-award.,yes,3,no,Draft AI review: penjelasan masih perlu verifikasi manual sebelum dipakai untuk keputusan.,ai_prefill_draft,AI-assisted draft only. Human reviewers must verify/edit before treating as reviewed evidence.
489,test,58,stratified_predicted_low_risk,ocds-20h3g7-RUP-17146168-42587876,Pembangunan ruang guru beserta perabotnya SDN SIALANG AGUNG Kec. Plakat Tinggi (DAK),2023-03-10 09:29:40+00:00,Pemerintah Daerah Kabupaten Musi Banyuasin,,,,0,0,Low Risk,0.778352,0.778352,0.18136,0.040288,0.634061,f_title_length=1.9351 | f_price_deviation_ratio=1.1415 | f_is_q4=1.1332,"Model mengklasifikasikan paket ini sebagai **Low Risk** dengan probabilitas 100.00%.
Faktor yang paling memengaruhi prediksi adalah:
- Panjang judul tender bernilai 84 dan meningkatkan skor risiko dengan kontribusi SHAP sekitar 1.9351.
- Rasio deviasi harga terhadap nilai tender bernilai tidak tersedia dan meningkatkan skor risiko dengan kontribusi SHAP sekitar 1.1415.
- Waktu publikasi pada kuartal iv bernilai 0 dan meningkatkan skor risiko dengan kontribusi SHAP sekitar 1.1332.",0,medium,Draft AI review: risiko didukung oleh judul tender yang terlalu singkat dan deviasi harga tender-award.,yes,3,no,Draft AI review: penjelasan masih perlu verifikasi manual sebelum dipakai untuk keputusan.,ai_prefill_draft,AI-assisted draft only. Human reviewers must verify/edit before treating as reviewed evidence.
490,test,59,stratified_predicted_low_risk,ocds-20h3g7-RUP-17061168-42586562,Pembangunan ruang guru beserta perabotnya SDN 2 RIMBA UKUR Kec. Sekayu (DAK),2023-03-10 09:29:40+00:00,Pemerintah Daerah Kabupaten Musi Banyuasin,,,,0,0,Low Risk,0.778352,0.778352,0.18136,0.040288,0.634061,f_title_length=1.9351 | f_price_deviation_ratio=1.1415 | f_is_q4=1.1332,"Model mengklasifikasikan paket ini sebagai **Low Risk** dengan probabilitas 100.00%.
Faktor yang paling memengaruhi prediksi adalah:
- Panjang judul tender bernilai 76 dan meningkatkan skor risiko dengan kontribusi SHAP sekitar 1.9351.
- Rasio deviasi harga terhadap nilai tender bernilai tidak tersedia dan meningkatkan skor risiko dengan kontribusi SHAP sekitar 1.1415.
- Waktu publikasi pada kuartal iv bernilai 0 dan meningkatkan skor risiko dengan kontribusi SHAP sekitar 1.1332.",0,medium,Draft AI review: risiko didukung oleh judul tender yang terlalu singkat dan deviasi harga tender-award.,yes,3,no,Draft AI review: penjelasan masih perlu verifikasi manual sebelum dipakai untuk keputusan.,ai_prefill_draft,AI-assisted draft only. Human reviewers must verify/edit before treating as reviewed evidence.
491,test,60,stratified_predicted_low_risk,ocds-20h3g7-RUP-17189168-42587488,Pembangunan ruang guru beserta perabotnya SDN 9 SEKAYU Kec. Sekayu (DAK),2023-03-10 09:29:40+00:00,Pemerintah Daerah Kabupaten Musi Banyuasin,,,,0,0,Low Risk,0.778352,0.778352,0.18136,0.040288,0.634061,f_title_length=1.9291 | f_price_deviation_ratio=1.1415 | f_is_q4=1.1332,"Model mengklasifikasikan paket ini sebagai **Low Risk** dengan probabilitas 100.00%.
Faktor yang paling memengaruhi prediksi adalah:
- Panjang judul tender bernilai 72 dan meningkatkan skor risiko dengan kontribusi SHAP sekitar 1.9291.
- Rasio deviasi harga terhadap nilai tender bernilai tidak tersedia dan meningkatkan skor risiko dengan kontribusi SHAP sekitar 1.1415.
- Waktu publikasi pada kuartal iv bernilai 0 dan meningkatkan skor risiko dengan kontribusi SHAP sekitar 1.1332.",0,medium,Draft AI review: risiko didukung oleh judul tender yang terlalu singkat dan deviasi harga tender-award.,yes,3,no,Draft AI review: penjelasan masih perlu verifikasi manual sebelum dipakai untuk keputusan.,ai_prefill_draft,AI-assisted draft only. Human reviewers must verify/edit before treating as reviewed evidence.
492,test,61,stratified_predicted_low_risk,ocds-20h3g7-RUP-17186168-42587276,Pembangunan ruang guru beserta perabotnya SD N 4 KELUANG Kec. Keluang (DAK),2023-03-10 09:29:40+00:00,Pemerintah Daerah Kabupaten Musi Banyuasin,,,,0,0,Low Risk,0.781144,0.781144,0.179073,0.039783,0.62921,f_title_length=1.9291 | f_price_deviation_ratio=1.1415 | f_is_q4=1.1332,"Model mengklasifikasikan paket ini sebagai **Low Risk** dengan probabilitas 100.00%.
Faktor yang paling memengaruhi prediksi adalah:
- Panjang judul tender bernilai 75 dan meningkatkan skor risiko dengan kontribusi SHAP sekitar 1.9291.
- Rasio deviasi harga terhadap nilai tender bernilai tidak tersedia dan meningkatkan skor risiko dengan kontribusi SHAP sekitar 1.1415.
- Waktu publikasi pada kuartal iv bernilai 0 dan meningkatkan skor risiko dengan kontribusi SHAP sekitar 1.1332.",0,medium,Draft AI review: risiko didukung oleh judul tender yang terlalu singkat dan deviasi harga tender-award.,yes,3,no,Draft AI review: penjelasan masih perlu verifikasi manual sebelum dipakai untuk keputusan.,ai_prefill_draft,AI-assisted draft only. Human reviewers must verify/edit before treating as reviewed evidence.
493,test,62,stratified_predicted_low_risk,ocds-20h3g7-RUP-17095168-42586811,Pembangunan ruang guru beserta perabotnya SDN 2 SUKADAMAI BARU Kec. Sungai Lilin (DAK),2023-03-10 09:29:40+00:00,Pemerintah Daerah Kabupaten Musi Banyuasin,,,,0,0,Low Risk,0.781144,0.781144,0.179073,0.039783,0.62921,f_title_length=1.9351 | f_price_deviation_ratio=1.1415 | f_is_q4=1.1332,"Model mengklasifikasikan paket ini sebagai **Low Risk** dengan probabilitas 100.00%.
Faktor yang paling memengaruhi prediksi adalah:
- Panjang judul tender bernilai 86 dan meningkatkan skor risiko dengan kontribusi SHAP sekitar 1.9351.
- Rasio deviasi harga terhadap nilai tender bernilai tidak tersedia dan meningkatkan skor risiko dengan kontribusi SHAP sekitar 1.1415.
- Waktu publikasi pada kuartal iv bernilai 0 dan meningkatkan skor risiko dengan kontribusi SHAP sekitar 1.1332.",0,medium,Draft AI review: risiko didukung oleh judul tender yang terlalu singkat dan deviasi harga tender-award.,yes,3,no,Draft AI review: penjelasan masih perlu verifikasi manual sebelum dipakai untuk keputusan.,ai_prefill_draft,AI-assisted draft only. Human reviewers must verify/edit before treating as reviewed evidence.
494,test,63,stratified_predicted_low_risk,ocds-20h3g7-RUP-17090168-42602790,Pembangunan ruang laboratorium komputer beserta perabotnya SD NEGERI SINDANG MARGA Kec. Sungai Keruh (DAK),2023-03-10 09:31:20+00:00,Pemerintah Daerah Kabupaten Musi Banyuasin,,,,0,0,Low Risk,0.776349,0.776349,0.182673,0.040978,0.638004,f_title_length=1.9351 | f_price_deviation_ratio=1.1496 | f_is_q4=1.1332,"Model mengklasifikasikan paket ini sebagai **Low Risk** dengan probabilitas 100.00%.
Faktor yang paling memengaruhi prediksi adalah:
- Panjang judul tender bernilai 106 dan meningkatkan skor risiko dengan kontribusi SHAP sekitar 1.9351.
- Rasio deviasi harga terhadap nilai tender bernilai tidak tersedia dan meningkatkan skor risiko dengan kontribusi SHAP sekitar 1.1496.
- Waktu publikasi pada kuartal iv bernilai 0 dan meningkatkan skor risiko dengan kontribusi SHAP sekitar 1.1332.",0,medium,Draft AI review: risiko didukung oleh judul tender yang terlalu singkat dan deviasi harga tender-award.,yes,3,no,Draft AI review: penjelasan masih perlu verifikasi manual sebelum dipakai untuk keputusan.,ai_prefill_draft,AI-assisted draft only. Human reviewers must verify/edit before treating as reviewed evidence.
495,test,64,stratified_predicted_low_risk,ocds-20h3g7-RUP-17084168-42601973,Pembangunan ruang laboratorium komputer beserta perabotnya SDS PINAGO MULYO Kec. Babat Toman (DAK),2023-03-10 09:31:20+00:00,Pemerintah Daerah Kabupaten Musi Banyuasin,,,,0,0,Low Risk,0.781144,0.781144,0.179073,0.039783,0.62921,f_title_length=1.9351 | f_price_deviation_ratio=1.1415 | f_is_q4=1.1332,"Model mengklasifikasikan paket ini sebagai **Low Risk** dengan probabilitas 100.00%.
Faktor yang paling memengaruhi prediksi adalah:
- Panjang judul tender bernilai 98 dan meningkatkan skor risiko dengan kontribusi SHAP sekitar 1.9351.
- Rasio deviasi harga terhadap nilai tender bernilai tidak tersedia dan meningkatkan skor risiko dengan kontribusi SHAP sekitar 1.1415.
- Waktu publikasi pada kuartal iv bernilai 0 dan meningkatkan skor risiko dengan kontribusi SHAP sekitar 1.1332.",0,medium,Draft AI review: risiko didukung oleh judul tender yang terlalu singkat dan deviasi harga tender-award.,yes,3,no,Draft AI review: penjelasan masih perlu verifikasi manual sebelum dipakai untuk keputusan.,ai_prefill_draft,AI-assisted draft only. Human reviewers must verify/edit before treating as reviewed evidence.
496,test,65,stratified_predicted_low_risk,ocds-20h3g7-RUP-17103168-42601899,Pembangunan ruang laboratorium komputer beserta perabotnya SDN SUMBER SARI Kec. Tungkal Jaya (DAK),2023-03-10 09:31:20+00:00,Pemerintah Daerah Kabupaten Musi Banyuasin,,,,0,0,Low Risk,0.781144,0.781144,0.179073,0.039783,0.62921,f_title_length=1.9351 | f_price_deviation_ratio=1.1415 | f_is_q4=1.1332,"Model mengklasifikasikan paket ini sebagai **Low Risk** dengan probabilitas 100.00%.
Faktor yang paling memengaruhi prediksi adalah:
- Panjang judul tender bernilai 98 dan meningkatkan skor risiko dengan kontribusi SHAP sekitar 1.9351.
- Rasio deviasi harga terhadap nilai tender bernilai tidak tersedia dan meningkatkan skor risiko dengan kontribusi SHAP sekitar 1.1415.
- Waktu publikasi pada kuartal iv bernilai 0 dan meningkatkan skor risiko dengan kontribusi SHAP sekitar 1.1332.",0,medium,Draft AI review: risiko didukung oleh judul tender yang terlalu singkat dan deviasi harga tender-award.,yes,3,no,Draft AI review: penjelasan masih perlu verifikasi manual sebelum dipakai untuk keputusan.,ai_prefill_draft,AI-assisted draft only. Human reviewers must verify/edit before treating as reviewed evidence.
497,test,66,stratified_predicted_low_risk,ocds-20h3g7-RUP-17102168-42593941,Pembangunan ruang laboratorium komputer beserta perabotnya SDN 1 BEJI MULYO Kec. Tungkal Jaya (DAK),2023-03-10 09:31:20+00:00,Pemerintah Daerah Kabupaten Musi Banyuasin,,,,0,0,Low Risk,0.781144,0.781144,0.179073,0.039783,0.62921,f_title_length=1.9351 | f_price_deviation_ratio=1.1415 | f_is_q4=1.1332,"Model mengklasifikasikan paket ini sebagai **Low Risk** dengan probabilitas 100.00%.
Faktor yang paling memengaruhi prediksi adalah:
- Panjang judul tender bernilai 99 dan meningkatkan skor risiko dengan kontribusi SHAP sekitar 1.9351.
- Rasio deviasi harga terhadap nilai tender bernilai tidak tersedia dan meningkatkan skor risiko dengan kontribusi SHAP sekitar 1.1415.
- Waktu publikasi pada kuartal iv bernilai 0 dan meningkatkan skor risiko dengan kontribusi SHAP sekitar 1.1332.",0,medium,Draft AI review: risiko didukung oleh judul tender yang terlalu singkat dan deviasi harga tender-award.,yes,3,no,Draft AI review: penjelasan masih perlu verifikasi manual sebelum dipakai untuk keputusan.,ai_prefill_draft,AI-assisted draft only. Human reviewers must verify/edit before treating as reviewed evidence.
498,test,67,stratified_predicted_low_risk,ocds-20h3g7-RUP-17085168-42601562,Pembangunan ruang laboratorium komputer beserta perabotnya SDN SAKO SUBAN Kec. Batanghari Leko (DAK),2023-03-10 09:31:20+00:00,Pemerintah Daerah Kabupaten Musi Banyuasin,,,,0,0,Low Risk,0.781144,0.781144,0.179073,0.039783,0.62921,f_title_length=1.9351 | f_price_deviation_ratio=1.1415 | f_is_q4=1.1332,"Model mengklasifikasikan paket ini sebagai **Low Risk** dengan probabilitas 100.00%.
Faktor yang paling memengaruhi prediksi adalah:
- Panjang judul tender bernilai 100 dan meningkatkan skor risiko dengan kontribusi SHAP sekitar 1.9351.
- Rasio deviasi harga terhadap nilai tender bernilai tidak tersedia dan meningkatkan skor risiko dengan kontribusi SHAP sekitar 1.1415.
- Waktu publikasi pada kuartal iv bernilai 0 dan meningkatkan skor risiko dengan kontribusi SHAP sekitar 1.1332.",0,medium,Draft AI review: risiko didukung oleh judul tender yang terlalu singkat dan deviasi harga tender-award.,yes,3,no,Draft AI review: penjelasan masih perlu verifikasi manual sebelum dipakai untuk keputusan.,ai_prefill_draft,AI-assisted draft only. Human reviewers must verify/edit before treating as reviewed evidence.
499,test,68,stratified_predicted_low_risk,ocds-20h3g7-RUP-17136168-42601786,Pembangunan ruang laboratorium komputer beserta perabotnya SDN SRI GADING Kec. Lalan (DAK),2023-03-10 09:31:20+00:00,Pemerintah Daerah Kabupaten Musi Banyuasin,,,,0,0,Low Risk,0.782564,0.782564,0.17791,0.039526,0.626726,f_title_length=1.9351 | f_price_deviation_ratio=1.1415 | f_is_q4=1.1333,"Model mengklasifikasikan paket ini sebagai **Low Risk** dengan probabilitas 100.00%.
Faktor yang paling memengaruhi prediksi adalah:
- Panjang judul tender bernilai 90 dan meningkatkan skor risiko dengan kontribusi SHAP sekitar 1.9351.
- Rasio deviasi harga terhadap nilai tender bernilai tidak tersedia dan meningkatkan skor risiko dengan kontribusi SHAP sekitar 1.1415.
- Waktu publikasi pada kuartal iv bernilai 0 dan meningkatkan skor risiko dengan kontribusi SHAP sekitar 1.1333.",0,medium,Draft AI review: risiko didukung oleh judul tender yang terlalu singkat dan deviasi harga tender-award.,yes,3,no,Draft AI review: penjelasan masih perlu verifikasi manual sebelum dipakai untuk keputusan.,ai_prefill_draft,AI-assisted draft only. Human reviewers must verify/edit before treating as reviewed evidence.
500,test,69,stratified_predicted_low_risk,ocds-20h3g7-RUP-17087168-42601933,Pembangunan ruang laboratorium komputer beserta perabotnya SDN TALANG BULUH Kec. Batanghari Leko (DAK),2023-03-10 09:31:20+00:00,Pemerintah Daerah Kabupaten Musi Banyuasin,,,,0,0,Low Risk,0.781681,0.781681,0.177709,0.040609,0.629649,f_title_length=1.9351 | f_price_deviation_ratio=1.1415 | f_is_q4=1.1333,"Model mengklasifikasikan paket ini sebagai **Low Risk** dengan probabilitas 100.00%.
Faktor yang paling memengaruhi prediksi adalah:
- Panjang judul tender bernilai 102 dan meningkatkan skor risiko dengan kontribusi SHAP sekitar 1.9351.
- Rasio deviasi harga terhadap nilai tender bernilai tidak tersedia dan meningkatkan skor risiko dengan kontribusi SHAP sekitar 1.1415.
- Waktu publikasi pada kuartal iv bernilai 0 dan meningkatkan skor risiko dengan kontribusi SHAP sekitar 1.1333.",0,medium,Draft AI review: risiko didukung oleh judul tender yang terlalu singkat dan deviasi harga tender-award.,yes,3,no,Draft AI review: penjelasan masih perlu verifikasi manual sebelum dipakai untuk keputusan.,ai_prefill_draft,AI-assisted draft only. Human reviewers must verify/edit before treating as reviewed evidence.
